benchmark_id	target_level	target_id	capability_id	fit	score_scope	reason	evidence_url
mmlu	field	11	knowledge	partial	benchmark_only	Named exam subjects include this field. Only an aggregate benchmark result is available; it must not be propagated to subfields or topics.	https://github.com/hendrycks/test
mmlu	field	12	knowledge	partial	benchmark_only	Named exam subjects include this field. Only an aggregate benchmark result is available; it must not be propagated to subfields or topics.	https://github.com/hendrycks/test
mmlu	field	13	knowledge	partial	benchmark_only	Named exam subjects include this field. Only an aggregate benchmark result is available; it must not be propagated to subfields or topics.	https://github.com/hendrycks/test
mmlu	field	14	knowledge	partial	benchmark_only	Named exam subjects include this field. Only an aggregate benchmark result is available; it must not be propagated to subfields or topics.	https://github.com/hendrycks/test
mmlu	field	16	knowledge	partial	benchmark_only	Named exam subjects include this field. Only an aggregate benchmark result is available; it must not be propagated to subfields or topics.	https://github.com/hendrycks/test
mmlu	field	17	knowledge	partial	benchmark_only	Named exam subjects include this field. Only an aggregate benchmark result is available; it must not be propagated to subfields or topics.	https://github.com/hendrycks/test
mmlu	field	20	knowledge	partial	benchmark_only	Named exam subjects include this field. Only an aggregate benchmark result is available; it must not be propagated to subfields or topics.	https://github.com/hendrycks/test
mmlu	field	22	knowledge	partial	benchmark_only	Named exam subjects include this field. Only an aggregate benchmark result is available; it must not be propagated to subfields or topics.	https://github.com/hendrycks/test
mmlu	field	26	knowledge	partial	benchmark_only	Named exam subjects include this field. Only an aggregate benchmark result is available; it must not be propagated to subfields or topics.	https://github.com/hendrycks/test
mmlu	field	27	knowledge	partial	benchmark_only	Named exam subjects include this field. Only an aggregate benchmark result is available; it must not be propagated to subfields or topics.	https://github.com/hendrycks/test
mmlu	field	31	knowledge	partial	benchmark_only	Named exam subjects include this field. Only an aggregate benchmark result is available; it must not be propagated to subfields or topics.	https://github.com/hendrycks/test
mmlu	field	32	knowledge	partial	benchmark_only	Named exam subjects include this field. Only an aggregate benchmark result is available; it must not be propagated to subfields or topics.	https://github.com/hendrycks/test
mmlu	field	33	knowledge	partial	benchmark_only	Named exam subjects include this field. Only an aggregate benchmark result is available; it must not be propagated to subfields or topics.	https://github.com/hendrycks/test
mmlu	field	11	reasoning	partial	benchmark_only	Named exam subjects include this field. Only an aggregate benchmark result is available; it must not be propagated to subfields or topics.	https://github.com/hendrycks/test
mmlu	field	12	reasoning	partial	benchmark_only	Named exam subjects include this field. Only an aggregate benchmark result is available; it must not be propagated to subfields or topics.	https://github.com/hendrycks/test
mmlu	field	13	reasoning	partial	benchmark_only	Named exam subjects include this field. Only an aggregate benchmark result is available; it must not be propagated to subfields or topics.	https://github.com/hendrycks/test
mmlu	field	14	reasoning	partial	benchmark_only	Named exam subjects include this field. Only an aggregate benchmark result is available; it must not be propagated to subfields or topics.	https://github.com/hendrycks/test
mmlu	field	16	reasoning	partial	benchmark_only	Named exam subjects include this field. Only an aggregate benchmark result is available; it must not be propagated to subfields or topics.	https://github.com/hendrycks/test
mmlu	field	17	reasoning	partial	benchmark_only	Named exam subjects include this field. Only an aggregate benchmark result is available; it must not be propagated to subfields or topics.	https://github.com/hendrycks/test
mmlu	field	20	reasoning	partial	benchmark_only	Named exam subjects include this field. Only an aggregate benchmark result is available; it must not be propagated to subfields or topics.	https://github.com/hendrycks/test
mmlu	field	22	reasoning	partial	benchmark_only	Named exam subjects include this field. Only an aggregate benchmark result is available; it must not be propagated to subfields or topics.	https://github.com/hendrycks/test
mmlu	field	26	reasoning	partial	benchmark_only	Named exam subjects include this field. Only an aggregate benchmark result is available; it must not be propagated to subfields or topics.	https://github.com/hendrycks/test
mmlu	field	27	reasoning	partial	benchmark_only	Named exam subjects include this field. Only an aggregate benchmark result is available; it must not be propagated to subfields or topics.	https://github.com/hendrycks/test
mmlu	field	31	reasoning	partial	benchmark_only	Named exam subjects include this field. Only an aggregate benchmark result is available; it must not be propagated to subfields or topics.	https://github.com/hendrycks/test
mmlu	field	32	reasoning	partial	benchmark_only	Named exam subjects include this field. Only an aggregate benchmark result is available; it must not be propagated to subfields or topics.	https://github.com/hendrycks/test
mmlu	field	33	reasoning	partial	benchmark_only	Named exam subjects include this field. Only an aggregate benchmark result is available; it must not be propagated to subfields or topics.	https://github.com/hendrycks/test
mmlu-redux	field	11	knowledge	partial	benchmark_only	Named exam subjects include this field. Only an aggregate benchmark result is available; it must not be propagated to subfields or topics.	https://github.com/aryopg/mmlu-redux
mmlu-redux	field	12	knowledge	partial	benchmark_only	Named exam subjects include this field. Only an aggregate benchmark result is available; it must not be propagated to subfields or topics.	https://github.com/aryopg/mmlu-redux
mmlu-redux	field	13	knowledge	partial	benchmark_only	Named exam subjects include this field. Only an aggregate benchmark result is available; it must not be propagated to subfields or topics.	https://github.com/aryopg/mmlu-redux
mmlu-redux	field	14	knowledge	partial	benchmark_only	Named exam subjects include this field. Only an aggregate benchmark result is available; it must not be propagated to subfields or topics.	https://github.com/aryopg/mmlu-redux
mmlu-redux	field	16	knowledge	partial	benchmark_only	Named exam subjects include this field. Only an aggregate benchmark result is available; it must not be propagated to subfields or topics.	https://github.com/aryopg/mmlu-redux
mmlu-redux	field	17	knowledge	partial	benchmark_only	Named exam subjects include this field. Only an aggregate benchmark result is available; it must not be propagated to subfields or topics.	https://github.com/aryopg/mmlu-redux
mmlu-redux	field	20	knowledge	partial	benchmark_only	Named exam subjects include this field. Only an aggregate benchmark result is available; it must not be propagated to subfields or topics.	https://github.com/aryopg/mmlu-redux
mmlu-redux	field	22	knowledge	partial	benchmark_only	Named exam subjects include this field. Only an aggregate benchmark result is available; it must not be propagated to subfields or topics.	https://github.com/aryopg/mmlu-redux
mmlu-redux	field	26	knowledge	partial	benchmark_only	Named exam subjects include this field. Only an aggregate benchmark result is available; it must not be propagated to subfields or topics.	https://github.com/aryopg/mmlu-redux
mmlu-redux	field	27	knowledge	partial	benchmark_only	Named exam subjects include this field. Only an aggregate benchmark result is available; it must not be propagated to subfields or topics.	https://github.com/aryopg/mmlu-redux
mmlu-redux	field	31	knowledge	partial	benchmark_only	Named exam subjects include this field. Only an aggregate benchmark result is available; it must not be propagated to subfields or topics.	https://github.com/aryopg/mmlu-redux
mmlu-redux	field	32	knowledge	partial	benchmark_only	Named exam subjects include this field. Only an aggregate benchmark result is available; it must not be propagated to subfields or topics.	https://github.com/aryopg/mmlu-redux
mmlu-redux	field	33	knowledge	partial	benchmark_only	Named exam subjects include this field. Only an aggregate benchmark result is available; it must not be propagated to subfields or topics.	https://github.com/aryopg/mmlu-redux
mmlu-redux	field	11	reasoning	partial	benchmark_only	Named exam subjects include this field. Only an aggregate benchmark result is available; it must not be propagated to subfields or topics.	https://github.com/aryopg/mmlu-redux
mmlu-redux	field	12	reasoning	partial	benchmark_only	Named exam subjects include this field. Only an aggregate benchmark result is available; it must not be propagated to subfields or topics.	https://github.com/aryopg/mmlu-redux
mmlu-redux	field	13	reasoning	partial	benchmark_only	Named exam subjects include this field. Only an aggregate benchmark result is available; it must not be propagated to subfields or topics.	https://github.com/aryopg/mmlu-redux
mmlu-redux	field	14	reasoning	partial	benchmark_only	Named exam subjects include this field. Only an aggregate benchmark result is available; it must not be propagated to subfields or topics.	https://github.com/aryopg/mmlu-redux
mmlu-redux	field	16	reasoning	partial	benchmark_only	Named exam subjects include this field. Only an aggregate benchmark result is available; it must not be propagated to subfields or topics.	https://github.com/aryopg/mmlu-redux
mmlu-redux	field	17	reasoning	partial	benchmark_only	Named exam subjects include this field. Only an aggregate benchmark result is available; it must not be propagated to subfields or topics.	https://github.com/aryopg/mmlu-redux
mmlu-redux	field	20	reasoning	partial	benchmark_only	Named exam subjects include this field. Only an aggregate benchmark result is available; it must not be propagated to subfields or topics.	https://github.com/aryopg/mmlu-redux
mmlu-redux	field	22	reasoning	partial	benchmark_only	Named exam subjects include this field. Only an aggregate benchmark result is available; it must not be propagated to subfields or topics.	https://github.com/aryopg/mmlu-redux
mmlu-redux	field	26	reasoning	partial	benchmark_only	Named exam subjects include this field. Only an aggregate benchmark result is available; it must not be propagated to subfields or topics.	https://github.com/aryopg/mmlu-redux
mmlu-redux	field	27	reasoning	partial	benchmark_only	Named exam subjects include this field. Only an aggregate benchmark result is available; it must not be propagated to subfields or topics.	https://github.com/aryopg/mmlu-redux
mmlu-redux	field	31	reasoning	partial	benchmark_only	Named exam subjects include this field. Only an aggregate benchmark result is available; it must not be propagated to subfields or topics.	https://github.com/aryopg/mmlu-redux
mmlu-redux	field	32	reasoning	partial	benchmark_only	Named exam subjects include this field. Only an aggregate benchmark result is available; it must not be propagated to subfields or topics.	https://github.com/aryopg/mmlu-redux
mmlu-redux	field	33	reasoning	partial	benchmark_only	Named exam subjects include this field. Only an aggregate benchmark result is available; it must not be propagated to subfields or topics.	https://github.com/aryopg/mmlu-redux
mmlu-pro	field	11	knowledge	partial	benchmark_only	Published exam categories include this field; this is a broad relevance link, with no subject-specific score claim.	https://github.com/TIGER-AI-Lab/MMLU-Pro
mmlu-pro	field	12	knowledge	partial	benchmark_only	Published exam categories include this field; this is a broad relevance link, with no subject-specific score claim.	https://github.com/TIGER-AI-Lab/MMLU-Pro
mmlu-pro	field	14	knowledge	partial	benchmark_only	Published exam categories include this field; this is a broad relevance link, with no subject-specific score claim.	https://github.com/TIGER-AI-Lab/MMLU-Pro
mmlu-pro	field	16	knowledge	partial	benchmark_only	Published exam categories include this field; this is a broad relevance link, with no subject-specific score claim.	https://github.com/TIGER-AI-Lab/MMLU-Pro
mmlu-pro	field	17	knowledge	partial	benchmark_only	Published exam categories include this field; this is a broad relevance link, with no subject-specific score claim.	https://github.com/TIGER-AI-Lab/MMLU-Pro
mmlu-pro	field	20	knowledge	partial	benchmark_only	Published exam categories include this field; this is a broad relevance link, with no subject-specific score claim.	https://github.com/TIGER-AI-Lab/MMLU-Pro
mmlu-pro	field	22	knowledge	partial	benchmark_only	Published exam categories include this field; this is a broad relevance link, with no subject-specific score claim.	https://github.com/TIGER-AI-Lab/MMLU-Pro
mmlu-pro	field	26	knowledge	partial	benchmark_only	Published exam categories include this field; this is a broad relevance link, with no subject-specific score claim.	https://github.com/TIGER-AI-Lab/MMLU-Pro
mmlu-pro	field	27	knowledge	partial	benchmark_only	Published exam categories include this field; this is a broad relevance link, with no subject-specific score claim.	https://github.com/TIGER-AI-Lab/MMLU-Pro
mmlu-pro	field	31	knowledge	partial	benchmark_only	Published exam categories include this field; this is a broad relevance link, with no subject-specific score claim.	https://github.com/TIGER-AI-Lab/MMLU-Pro
mmlu-pro	field	32	knowledge	partial	benchmark_only	Published exam categories include this field; this is a broad relevance link, with no subject-specific score claim.	https://github.com/TIGER-AI-Lab/MMLU-Pro
mmlu-pro	field	33	knowledge	partial	benchmark_only	Published exam categories include this field; this is a broad relevance link, with no subject-specific score claim.	https://github.com/TIGER-AI-Lab/MMLU-Pro
mmlu-pro	field	11	reasoning	partial	benchmark_only	Published exam categories include this field; this is a broad relevance link, with no subject-specific score claim.	https://github.com/TIGER-AI-Lab/MMLU-Pro
mmlu-pro	field	12	reasoning	partial	benchmark_only	Published exam categories include this field; this is a broad relevance link, with no subject-specific score claim.	https://github.com/TIGER-AI-Lab/MMLU-Pro
mmlu-pro	field	14	reasoning	partial	benchmark_only	Published exam categories include this field; this is a broad relevance link, with no subject-specific score claim.	https://github.com/TIGER-AI-Lab/MMLU-Pro
mmlu-pro	field	16	reasoning	partial	benchmark_only	Published exam categories include this field; this is a broad relevance link, with no subject-specific score claim.	https://github.com/TIGER-AI-Lab/MMLU-Pro
mmlu-pro	field	17	reasoning	partial	benchmark_only	Published exam categories include this field; this is a broad relevance link, with no subject-specific score claim.	https://github.com/TIGER-AI-Lab/MMLU-Pro
mmlu-pro	field	20	reasoning	partial	benchmark_only	Published exam categories include this field; this is a broad relevance link, with no subject-specific score claim.	https://github.com/TIGER-AI-Lab/MMLU-Pro
mmlu-pro	field	22	reasoning	partial	benchmark_only	Published exam categories include this field; this is a broad relevance link, with no subject-specific score claim.	https://github.com/TIGER-AI-Lab/MMLU-Pro
mmlu-pro	field	26	reasoning	partial	benchmark_only	Published exam categories include this field; this is a broad relevance link, with no subject-specific score claim.	https://github.com/TIGER-AI-Lab/MMLU-Pro
mmlu-pro	field	27	reasoning	partial	benchmark_only	Published exam categories include this field; this is a broad relevance link, with no subject-specific score claim.	https://github.com/TIGER-AI-Lab/MMLU-Pro
mmlu-pro	field	31	reasoning	partial	benchmark_only	Published exam categories include this field; this is a broad relevance link, with no subject-specific score claim.	https://github.com/TIGER-AI-Lab/MMLU-Pro
mmlu-pro	field	32	reasoning	partial	benchmark_only	Published exam categories include this field; this is a broad relevance link, with no subject-specific score claim.	https://github.com/TIGER-AI-Lab/MMLU-Pro
mmlu-pro	field	33	reasoning	partial	benchmark_only	Published exam categories include this field; this is a broad relevance link, with no subject-specific score claim.	https://github.com/TIGER-AI-Lab/MMLU-Pro
supergpqa	field	11	knowledge	partial	benchmark_only	The interdisciplinary task inventory samples this field. The aggregate result remains attached to the benchmark only.	https://github.com/SuperGPQA/SuperGPQA
supergpqa	field	12	knowledge	partial	benchmark_only	The interdisciplinary task inventory samples this field. The aggregate result remains attached to the benchmark only.	https://github.com/SuperGPQA/SuperGPQA
supergpqa	field	14	knowledge	partial	benchmark_only	The interdisciplinary task inventory samples this field. The aggregate result remains attached to the benchmark only.	https://github.com/SuperGPQA/SuperGPQA
supergpqa	field	16	knowledge	partial	benchmark_only	The interdisciplinary task inventory samples this field. The aggregate result remains attached to the benchmark only.	https://github.com/SuperGPQA/SuperGPQA
supergpqa	field	17	knowledge	partial	benchmark_only	The interdisciplinary task inventory samples this field. The aggregate result remains attached to the benchmark only.	https://github.com/SuperGPQA/SuperGPQA
supergpqa	field	20	knowledge	partial	benchmark_only	The interdisciplinary task inventory samples this field. The aggregate result remains attached to the benchmark only.	https://github.com/SuperGPQA/SuperGPQA
supergpqa	field	22	knowledge	partial	benchmark_only	The interdisciplinary task inventory samples this field. The aggregate result remains attached to the benchmark only.	https://github.com/SuperGPQA/SuperGPQA
supergpqa	field	26	knowledge	partial	benchmark_only	The interdisciplinary task inventory samples this field. The aggregate result remains attached to the benchmark only.	https://github.com/SuperGPQA/SuperGPQA
supergpqa	field	27	knowledge	partial	benchmark_only	The interdisciplinary task inventory samples this field. The aggregate result remains attached to the benchmark only.	https://github.com/SuperGPQA/SuperGPQA
supergpqa	field	31	knowledge	partial	benchmark_only	The interdisciplinary task inventory samples this field. The aggregate result remains attached to the benchmark only.	https://github.com/SuperGPQA/SuperGPQA
supergpqa	field	32	knowledge	partial	benchmark_only	The interdisciplinary task inventory samples this field. The aggregate result remains attached to the benchmark only.	https://github.com/SuperGPQA/SuperGPQA
supergpqa	field	33	knowledge	partial	benchmark_only	The interdisciplinary task inventory samples this field. The aggregate result remains attached to the benchmark only.	https://github.com/SuperGPQA/SuperGPQA
supergpqa	field	11	reasoning	partial	benchmark_only	The interdisciplinary task inventory samples this field. The aggregate result remains attached to the benchmark only.	https://github.com/SuperGPQA/SuperGPQA
supergpqa	field	12	reasoning	partial	benchmark_only	The interdisciplinary task inventory samples this field. The aggregate result remains attached to the benchmark only.	https://github.com/SuperGPQA/SuperGPQA
supergpqa	field	14	reasoning	partial	benchmark_only	The interdisciplinary task inventory samples this field. The aggregate result remains attached to the benchmark only.	https://github.com/SuperGPQA/SuperGPQA
supergpqa	field	16	reasoning	partial	benchmark_only	The interdisciplinary task inventory samples this field. The aggregate result remains attached to the benchmark only.	https://github.com/SuperGPQA/SuperGPQA
supergpqa	field	17	reasoning	partial	benchmark_only	The interdisciplinary task inventory samples this field. The aggregate result remains attached to the benchmark only.	https://github.com/SuperGPQA/SuperGPQA
supergpqa	field	20	reasoning	partial	benchmark_only	The interdisciplinary task inventory samples this field. The aggregate result remains attached to the benchmark only.	https://github.com/SuperGPQA/SuperGPQA
supergpqa	field	22	reasoning	partial	benchmark_only	The interdisciplinary task inventory samples this field. The aggregate result remains attached to the benchmark only.	https://github.com/SuperGPQA/SuperGPQA
supergpqa	field	26	reasoning	partial	benchmark_only	The interdisciplinary task inventory samples this field. The aggregate result remains attached to the benchmark only.	https://github.com/SuperGPQA/SuperGPQA
supergpqa	field	27	reasoning	partial	benchmark_only	The interdisciplinary task inventory samples this field. The aggregate result remains attached to the benchmark only.	https://github.com/SuperGPQA/SuperGPQA
supergpqa	field	31	reasoning	partial	benchmark_only	The interdisciplinary task inventory samples this field. The aggregate result remains attached to the benchmark only.	https://github.com/SuperGPQA/SuperGPQA
supergpqa	field	32	reasoning	partial	benchmark_only	The interdisciplinary task inventory samples this field. The aggregate result remains attached to the benchmark only.	https://github.com/SuperGPQA/SuperGPQA
supergpqa	field	33	reasoning	partial	benchmark_only	The interdisciplinary task inventory samples this field. The aggregate result remains attached to the benchmark only.	https://github.com/SuperGPQA/SuperGPQA
c-eval	field	11	knowledge	partial	benchmark_only	The interdisciplinary task inventory samples this field. The aggregate result remains attached to the benchmark only.	https://github.com/hkust-nlp/ceval
c-eval	field	12	knowledge	partial	benchmark_only	The interdisciplinary task inventory samples this field. The aggregate result remains attached to the benchmark only.	https://github.com/hkust-nlp/ceval
c-eval	field	14	knowledge	partial	benchmark_only	The interdisciplinary task inventory samples this field. The aggregate result remains attached to the benchmark only.	https://github.com/hkust-nlp/ceval
c-eval	field	16	knowledge	partial	benchmark_only	The interdisciplinary task inventory samples this field. The aggregate result remains attached to the benchmark only.	https://github.com/hkust-nlp/ceval
c-eval	field	17	knowledge	partial	benchmark_only	The interdisciplinary task inventory samples this field. The aggregate result remains attached to the benchmark only.	https://github.com/hkust-nlp/ceval
c-eval	field	20	knowledge	partial	benchmark_only	The interdisciplinary task inventory samples this field. The aggregate result remains attached to the benchmark only.	https://github.com/hkust-nlp/ceval
c-eval	field	22	knowledge	partial	benchmark_only	The interdisciplinary task inventory samples this field. The aggregate result remains attached to the benchmark only.	https://github.com/hkust-nlp/ceval
c-eval	field	26	knowledge	partial	benchmark_only	The interdisciplinary task inventory samples this field. The aggregate result remains attached to the benchmark only.	https://github.com/hkust-nlp/ceval
c-eval	field	27	knowledge	partial	benchmark_only	The interdisciplinary task inventory samples this field. The aggregate result remains attached to the benchmark only.	https://github.com/hkust-nlp/ceval
c-eval	field	31	knowledge	partial	benchmark_only	The interdisciplinary task inventory samples this field. The aggregate result remains attached to the benchmark only.	https://github.com/hkust-nlp/ceval
c-eval	field	32	knowledge	partial	benchmark_only	The interdisciplinary task inventory samples this field. The aggregate result remains attached to the benchmark only.	https://github.com/hkust-nlp/ceval
c-eval	field	33	knowledge	partial	benchmark_only	The interdisciplinary task inventory samples this field. The aggregate result remains attached to the benchmark only.	https://github.com/hkust-nlp/ceval
c-eval	field	11	reasoning	partial	benchmark_only	The interdisciplinary task inventory samples this field. The aggregate result remains attached to the benchmark only.	https://github.com/hkust-nlp/ceval
c-eval	field	12	reasoning	partial	benchmark_only	The interdisciplinary task inventory samples this field. The aggregate result remains attached to the benchmark only.	https://github.com/hkust-nlp/ceval
c-eval	field	14	reasoning	partial	benchmark_only	The interdisciplinary task inventory samples this field. The aggregate result remains attached to the benchmark only.	https://github.com/hkust-nlp/ceval
c-eval	field	16	reasoning	partial	benchmark_only	The interdisciplinary task inventory samples this field. The aggregate result remains attached to the benchmark only.	https://github.com/hkust-nlp/ceval
c-eval	field	17	reasoning	partial	benchmark_only	The interdisciplinary task inventory samples this field. The aggregate result remains attached to the benchmark only.	https://github.com/hkust-nlp/ceval
c-eval	field	20	reasoning	partial	benchmark_only	The interdisciplinary task inventory samples this field. The aggregate result remains attached to the benchmark only.	https://github.com/hkust-nlp/ceval
c-eval	field	22	reasoning	partial	benchmark_only	The interdisciplinary task inventory samples this field. The aggregate result remains attached to the benchmark only.	https://github.com/hkust-nlp/ceval
c-eval	field	26	reasoning	partial	benchmark_only	The interdisciplinary task inventory samples this field. The aggregate result remains attached to the benchmark only.	https://github.com/hkust-nlp/ceval
c-eval	field	27	reasoning	partial	benchmark_only	The interdisciplinary task inventory samples this field. The aggregate result remains attached to the benchmark only.	https://github.com/hkust-nlp/ceval
c-eval	field	31	reasoning	partial	benchmark_only	The interdisciplinary task inventory samples this field. The aggregate result remains attached to the benchmark only.	https://github.com/hkust-nlp/ceval
c-eval	field	32	reasoning	partial	benchmark_only	The interdisciplinary task inventory samples this field. The aggregate result remains attached to the benchmark only.	https://github.com/hkust-nlp/ceval
c-eval	field	33	reasoning	partial	benchmark_only	The interdisciplinary task inventory samples this field. The aggregate result remains attached to the benchmark only.	https://github.com/hkust-nlp/ceval
cmmlu	field	11	knowledge	partial	benchmark_only	The interdisciplinary task inventory samples this field. The aggregate result remains attached to the benchmark only.	https://github.com/haonan-li/CMMLU
cmmlu	field	12	knowledge	partial	benchmark_only	The interdisciplinary task inventory samples this field. The aggregate result remains attached to the benchmark only.	https://github.com/haonan-li/CMMLU
cmmlu	field	14	knowledge	partial	benchmark_only	The interdisciplinary task inventory samples this field. The aggregate result remains attached to the benchmark only.	https://github.com/haonan-li/CMMLU
cmmlu	field	16	knowledge	partial	benchmark_only	The interdisciplinary task inventory samples this field. The aggregate result remains attached to the benchmark only.	https://github.com/haonan-li/CMMLU
cmmlu	field	17	knowledge	partial	benchmark_only	The interdisciplinary task inventory samples this field. The aggregate result remains attached to the benchmark only.	https://github.com/haonan-li/CMMLU
cmmlu	field	20	knowledge	partial	benchmark_only	The interdisciplinary task inventory samples this field. The aggregate result remains attached to the benchmark only.	https://github.com/haonan-li/CMMLU
cmmlu	field	22	knowledge	partial	benchmark_only	The interdisciplinary task inventory samples this field. The aggregate result remains attached to the benchmark only.	https://github.com/haonan-li/CMMLU
cmmlu	field	26	knowledge	partial	benchmark_only	The interdisciplinary task inventory samples this field. The aggregate result remains attached to the benchmark only.	https://github.com/haonan-li/CMMLU
cmmlu	field	27	knowledge	partial	benchmark_only	The interdisciplinary task inventory samples this field. The aggregate result remains attached to the benchmark only.	https://github.com/haonan-li/CMMLU
cmmlu	field	31	knowledge	partial	benchmark_only	The interdisciplinary task inventory samples this field. The aggregate result remains attached to the benchmark only.	https://github.com/haonan-li/CMMLU
cmmlu	field	32	knowledge	partial	benchmark_only	The interdisciplinary task inventory samples this field. The aggregate result remains attached to the benchmark only.	https://github.com/haonan-li/CMMLU
cmmlu	field	33	knowledge	partial	benchmark_only	The interdisciplinary task inventory samples this field. The aggregate result remains attached to the benchmark only.	https://github.com/haonan-li/CMMLU
cmmlu	field	11	reasoning	partial	benchmark_only	The interdisciplinary task inventory samples this field. The aggregate result remains attached to the benchmark only.	https://github.com/haonan-li/CMMLU
cmmlu	field	12	reasoning	partial	benchmark_only	The interdisciplinary task inventory samples this field. The aggregate result remains attached to the benchmark only.	https://github.com/haonan-li/CMMLU
cmmlu	field	14	reasoning	partial	benchmark_only	The interdisciplinary task inventory samples this field. The aggregate result remains attached to the benchmark only.	https://github.com/haonan-li/CMMLU
cmmlu	field	16	reasoning	partial	benchmark_only	The interdisciplinary task inventory samples this field. The aggregate result remains attached to the benchmark only.	https://github.com/haonan-li/CMMLU
cmmlu	field	17	reasoning	partial	benchmark_only	The interdisciplinary task inventory samples this field. The aggregate result remains attached to the benchmark only.	https://github.com/haonan-li/CMMLU
cmmlu	field	20	reasoning	partial	benchmark_only	The interdisciplinary task inventory samples this field. The aggregate result remains attached to the benchmark only.	https://github.com/haonan-li/CMMLU
cmmlu	field	22	reasoning	partial	benchmark_only	The interdisciplinary task inventory samples this field. The aggregate result remains attached to the benchmark only.	https://github.com/haonan-li/CMMLU
cmmlu	field	26	reasoning	partial	benchmark_only	The interdisciplinary task inventory samples this field. The aggregate result remains attached to the benchmark only.	https://github.com/haonan-li/CMMLU
cmmlu	field	27	reasoning	partial	benchmark_only	The interdisciplinary task inventory samples this field. The aggregate result remains attached to the benchmark only.	https://github.com/haonan-li/CMMLU
cmmlu	field	31	reasoning	partial	benchmark_only	The interdisciplinary task inventory samples this field. The aggregate result remains attached to the benchmark only.	https://github.com/haonan-li/CMMLU
cmmlu	field	32	reasoning	partial	benchmark_only	The interdisciplinary task inventory samples this field. The aggregate result remains attached to the benchmark only.	https://github.com/haonan-li/CMMLU
cmmlu	field	33	reasoning	partial	benchmark_only	The interdisciplinary task inventory samples this field. The aggregate result remains attached to the benchmark only.	https://github.com/haonan-li/CMMLU
agieval	field	26	knowledge	partial	benchmark_only	Mathematical admission and competition exam questions are included; aggregate exam scores remain benchmark-only.	https://github.com/ruixiangcui/AGIEval
agieval	subfield	3308	knowledge	partial	benchmark_only	Legal questions or legal reasoning tasks directly concern law; no claim of covering every legal specialty.	https://github.com/ruixiangcui/AGIEval
agieval	field	26	reasoning	partial	benchmark_only	Mathematical admission and competition exam questions are included; aggregate exam scores remain benchmark-only.	https://github.com/ruixiangcui/AGIEval
agieval	subfield	3308	reasoning	partial	benchmark_only	Legal questions or legal reasoning tasks directly concern law; no claim of covering every legal specialty.	https://github.com/ruixiangcui/AGIEval
gpqa	field	13	knowledge	partial	benchmark_only	Graduate biology, chemistry, and physics questions; the combined result is not a score for any single field.	https://github.com/idavidrein/gpqa
gpqa	field	16	knowledge	partial	benchmark_only	Graduate biology, chemistry, and physics questions; the combined result is not a score for any single field.	https://github.com/idavidrein/gpqa
gpqa	field	31	knowledge	partial	benchmark_only	Graduate biology, chemistry, and physics questions; the combined result is not a score for any single field.	https://github.com/idavidrein/gpqa
gpqa	field	13	reasoning	partial	benchmark_only	Graduate biology, chemistry, and physics questions; the combined result is not a score for any single field.	https://github.com/idavidrein/gpqa
gpqa	field	16	reasoning	partial	benchmark_only	Graduate biology, chemistry, and physics questions; the combined result is not a score for any single field.	https://github.com/idavidrein/gpqa
gpqa	field	31	reasoning	partial	benchmark_only	Graduate biology, chemistry, and physics questions; the combined result is not a score for any single field.	https://github.com/idavidrein/gpqa
hle	field	11	knowledge	partial	benchmark_only	The interdisciplinary task inventory samples this field. The aggregate result remains attached to the benchmark only.	https://lastexam.ai/
hle	field	12	knowledge	partial	benchmark_only	The interdisciplinary task inventory samples this field. The aggregate result remains attached to the benchmark only.	https://lastexam.ai/
hle	field	14	knowledge	partial	benchmark_only	The interdisciplinary task inventory samples this field. The aggregate result remains attached to the benchmark only.	https://lastexam.ai/
hle	field	16	knowledge	partial	benchmark_only	The interdisciplinary task inventory samples this field. The aggregate result remains attached to the benchmark only.	https://lastexam.ai/
hle	field	17	knowledge	partial	benchmark_only	The interdisciplinary task inventory samples this field. The aggregate result remains attached to the benchmark only.	https://lastexam.ai/
hle	field	20	knowledge	partial	benchmark_only	The interdisciplinary task inventory samples this field. The aggregate result remains attached to the benchmark only.	https://lastexam.ai/
hle	field	22	knowledge	partial	benchmark_only	The interdisciplinary task inventory samples this field. The aggregate result remains attached to the benchmark only.	https://lastexam.ai/
hle	field	26	knowledge	partial	benchmark_only	The interdisciplinary task inventory samples this field. The aggregate result remains attached to the benchmark only.	https://lastexam.ai/
hle	field	27	knowledge	partial	benchmark_only	The interdisciplinary task inventory samples this field. The aggregate result remains attached to the benchmark only.	https://lastexam.ai/
hle	field	31	knowledge	partial	benchmark_only	The interdisciplinary task inventory samples this field. The aggregate result remains attached to the benchmark only.	https://lastexam.ai/
hle	field	32	knowledge	partial	benchmark_only	The interdisciplinary task inventory samples this field. The aggregate result remains attached to the benchmark only.	https://lastexam.ai/
hle	field	33	knowledge	partial	benchmark_only	The interdisciplinary task inventory samples this field. The aggregate result remains attached to the benchmark only.	https://lastexam.ai/
hle	field	11	reasoning	partial	benchmark_only	The interdisciplinary task inventory samples this field. The aggregate result remains attached to the benchmark only.	https://lastexam.ai/
hle	field	12	reasoning	partial	benchmark_only	The interdisciplinary task inventory samples this field. The aggregate result remains attached to the benchmark only.	https://lastexam.ai/
hle	field	14	reasoning	partial	benchmark_only	The interdisciplinary task inventory samples this field. The aggregate result remains attached to the benchmark only.	https://lastexam.ai/
hle	field	16	reasoning	partial	benchmark_only	The interdisciplinary task inventory samples this field. The aggregate result remains attached to the benchmark only.	https://lastexam.ai/
hle	field	17	reasoning	partial	benchmark_only	The interdisciplinary task inventory samples this field. The aggregate result remains attached to the benchmark only.	https://lastexam.ai/
hle	field	20	reasoning	partial	benchmark_only	The interdisciplinary task inventory samples this field. The aggregate result remains attached to the benchmark only.	https://lastexam.ai/
hle	field	22	reasoning	partial	benchmark_only	The interdisciplinary task inventory samples this field. The aggregate result remains attached to the benchmark only.	https://lastexam.ai/
hle	field	26	reasoning	partial	benchmark_only	The interdisciplinary task inventory samples this field. The aggregate result remains attached to the benchmark only.	https://lastexam.ai/
hle	field	27	reasoning	partial	benchmark_only	The interdisciplinary task inventory samples this field. The aggregate result remains attached to the benchmark only.	https://lastexam.ai/
hle	field	31	reasoning	partial	benchmark_only	The interdisciplinary task inventory samples this field. The aggregate result remains attached to the benchmark only.	https://lastexam.ai/
hle	field	32	reasoning	partial	benchmark_only	The interdisciplinary task inventory samples this field. The aggregate result remains attached to the benchmark only.	https://lastexam.ai/
hle	field	33	reasoning	partial	benchmark_only	The interdisciplinary task inventory samples this field. The aggregate result remains attached to the benchmark only.	https://lastexam.ai/
frontiermath	field	26	reasoning	partial	benchmark_only	Mathematical problem solving samples mathematics; topic-level coverage cannot be inferred from an aggregate mathematics score.	https://epoch.ai/frontiermath
scicode	field	11	reasoning	partial	benchmark_only	Scientific programming tasks span these named fields; retain the combined benchmark result without assigning field scores.	https://scicode-bench.github.io/
scicode	field	16	reasoning	partial	benchmark_only	Scientific programming tasks span these named fields; retain the combined benchmark result without assigning field scores.	https://scicode-bench.github.io/
scicode	field	17	reasoning	partial	benchmark_only	Scientific programming tasks span these named fields; retain the combined benchmark result without assigning field scores.	https://scicode-bench.github.io/
scicode	field	25	reasoning	partial	benchmark_only	Scientific programming tasks span these named fields; retain the combined benchmark result without assigning field scores.	https://scicode-bench.github.io/
scicode	field	26	reasoning	partial	benchmark_only	Scientific programming tasks span these named fields; retain the combined benchmark result without assigning field scores.	https://scicode-bench.github.io/
scicode	field	31	reasoning	partial	benchmark_only	Scientific programming tasks span these named fields; retain the combined benchmark result without assigning field scores.	https://scicode-bench.github.io/
scicode	field	11	action	partial	benchmark_only	Scientific programming tasks span these named fields; retain the combined benchmark result without assigning field scores.	https://scicode-bench.github.io/
scicode	field	16	action	partial	benchmark_only	Scientific programming tasks span these named fields; retain the combined benchmark result without assigning field scores.	https://scicode-bench.github.io/
scicode	field	17	action	partial	benchmark_only	Scientific programming tasks span these named fields; retain the combined benchmark result without assigning field scores.	https://scicode-bench.github.io/
scicode	field	25	action	partial	benchmark_only	Scientific programming tasks span these named fields; retain the combined benchmark result without assigning field scores.	https://scicode-bench.github.io/
scicode	field	26	action	partial	benchmark_only	Scientific programming tasks span these named fields; retain the combined benchmark result without assigning field scores.	https://scicode-bench.github.io/
scicode	field	31	action	partial	benchmark_only	Scientific programming tasks span these named fields; retain the combined benchmark result without assigning field scores.	https://scicode-bench.github.io/
paperbench	subfield	1702	reasoning	partial	benchmark_only	Tasks implement or improve machine-learning research systems; this is research execution evidence, not general AI mastery.	https://github.com/openai/preparedness/tree/main/project/paperbench
paperbench	subfield	1702	action	partial	benchmark_only	Tasks implement or improve machine-learning research systems; this is research execution evidence, not general AI mastery.	https://github.com/openai/preparedness/tree/main/project/paperbench
scienceagentbench	field	11	reasoning	partial	benchmark_only	Scientific workflows sample bioinformatics, chemistry, data science and geographic analysis; no child topic is inferred.	https://github.com/OSU-NLP-Group/ScienceAgentBench
scienceagentbench	field	16	reasoning	partial	benchmark_only	Scientific workflows sample bioinformatics, chemistry, data science and geographic analysis; no child topic is inferred.	https://github.com/OSU-NLP-Group/ScienceAgentBench
scienceagentbench	field	17	reasoning	partial	benchmark_only	Scientific workflows sample bioinformatics, chemistry, data science and geographic analysis; no child topic is inferred.	https://github.com/OSU-NLP-Group/ScienceAgentBench
scienceagentbench	field	19	reasoning	partial	benchmark_only	Scientific workflows sample bioinformatics, chemistry, data science and geographic analysis; no child topic is inferred.	https://github.com/OSU-NLP-Group/ScienceAgentBench
scienceagentbench	field	11	action	partial	benchmark_only	Scientific workflows sample bioinformatics, chemistry, data science and geographic analysis; no child topic is inferred.	https://github.com/OSU-NLP-Group/ScienceAgentBench
scienceagentbench	field	16	action	partial	benchmark_only	Scientific workflows sample bioinformatics, chemistry, data science and geographic analysis; no child topic is inferred.	https://github.com/OSU-NLP-Group/ScienceAgentBench
scienceagentbench	field	17	action	partial	benchmark_only	Scientific workflows sample bioinformatics, chemistry, data science and geographic analysis; no child topic is inferred.	https://github.com/OSU-NLP-Group/ScienceAgentBench
scienceagentbench	field	19	action	partial	benchmark_only	Scientific workflows sample bioinformatics, chemistry, data science and geographic analysis; no child topic is inferred.	https://github.com/OSU-NLP-Group/ScienceAgentBench
swe-bench	subfield	1712	reasoning	partial	benchmark_only	The task requires writing, understanding, verifying, or repairing software. This samples software tasks, not all research topics below Software.	https://www.swebench.com/
swe-bench	subfield	1712	creation	partial	benchmark_only	The task requires writing, understanding, verifying, or repairing software. This samples software tasks, not all research topics below Software.	https://www.swebench.com/
swe-bench-pro	subfield	1712	reasoning	partial	benchmark_only	The task requires writing, understanding, verifying, or repairing software. This samples software tasks, not all research topics below Software.	https://github.com/scaleapi/SWE-bench_Pro-os
swe-bench-pro	subfield	1712	creation	partial	benchmark_only	The task requires writing, understanding, verifying, or repairing software. This samples software tasks, not all research topics below Software.	https://github.com/scaleapi/SWE-bench_Pro-os
swe-multilingual	subfield	1712	reasoning	partial	benchmark_only	The task requires writing, understanding, verifying, or repairing software. This samples software tasks, not all research topics below Software.	https://www.swebench.com/multilingual.html
swe-multilingual	subfield	1712	creation	partial	benchmark_only	The task requires writing, understanding, verifying, or repairing software. This samples software tasks, not all research topics below Software.	https://www.swebench.com/multilingual.html
nl2repo	subfield	1712	reasoning	partial	benchmark_only	The task requires writing, understanding, verifying, or repairing software. This samples software tasks, not all research topics below Software.	https://arxiv.org/abs/2512.12730
nl2repo	subfield	1712	creation	partial	benchmark_only	The task requires writing, understanding, verifying, or repairing software. This samples software tasks, not all research topics below Software.	https://arxiv.org/abs/2512.12730
livecodebench	subfield	1712	reasoning	partial	benchmark_only	The task requires writing, understanding, verifying, or repairing software. This samples software tasks, not all research topics below Software.	https://livecodebench.github.io/
livecodebench	subfield	1712	creation	partial	benchmark_only	The task requires writing, understanding, verifying, or repairing software. This samples software tasks, not all research topics below Software.	https://livecodebench.github.io/
humaneval	subfield	1712	reasoning	partial	benchmark_only	The task requires writing, understanding, verifying, or repairing software. This samples software tasks, not all research topics below Software.	https://github.com/openai/human-eval
humaneval	subfield	1712	creation	partial	benchmark_only	The task requires writing, understanding, verifying, or repairing software. This samples software tasks, not all research topics below Software.	https://github.com/openai/human-eval
mbpp	subfield	1712	reasoning	partial	benchmark_only	The task requires writing, understanding, verifying, or repairing software. This samples software tasks, not all research topics below Software.	https://github.com/google-research/google-research/tree/master/mbpp
mbpp	subfield	1712	creation	partial	benchmark_only	The task requires writing, understanding, verifying, or repairing software. This samples software tasks, not all research topics below Software.	https://github.com/google-research/google-research/tree/master/mbpp
evalplus	subfield	1712	reasoning	partial	benchmark_only	The task requires writing, understanding, verifying, or repairing software. This samples software tasks, not all research topics below Software.	https://github.com/evalplus/evalplus
evalplus	subfield	1712	creation	partial	benchmark_only	The task requires writing, understanding, verifying, or repairing software. This samples software tasks, not all research topics below Software.	https://github.com/evalplus/evalplus
bigcodebench	subfield	1712	reasoning	partial	benchmark_only	The task requires writing, understanding, verifying, or repairing software. This samples software tasks, not all research topics below Software.	https://bigcode-bench.github.io/
bigcodebench	subfield	1712	creation	partial	benchmark_only	The task requires writing, understanding, verifying, or repairing software. This samples software tasks, not all research topics below Software.	https://bigcode-bench.github.io/
cruxeval	subfield	1712	reasoning	partial	benchmark_only	The task requires writing, understanding, verifying, or repairing software. This samples software tasks, not all research topics below Software.	https://github.com/facebookresearch/cruxeval
cruxeval	subfield	1712	creation	partial	benchmark_only	The task requires writing, understanding, verifying, or repairing software. This samples software tasks, not all research topics below Software.	https://github.com/facebookresearch/cruxeval
aider-polyglot	subfield	1712	reasoning	partial	benchmark_only	The task requires writing, understanding, verifying, or repairing software. This samples software tasks, not all research topics below Software.	https://aider.chat/docs/leaderboards/
aider-polyglot	subfield	1712	creation	partial	benchmark_only	The task requires writing, understanding, verifying, or repairing software. This samples software tasks, not all research topics below Software.	https://aider.chat/docs/leaderboards/
codeforces	subfield	1712	reasoning	partial	benchmark_only	The task requires writing, understanding, verifying, or repairing software. This samples software tasks, not all research topics below Software.	https://codeforces.com/
codeforces	subfield	1712	creation	partial	benchmark_only	The task requires writing, understanding, verifying, or repairing software. This samples software tasks, not all research topics below Software.	https://codeforces.com/
seccodebench	subfield	1712	reasoning	partial	benchmark_only	The task requires writing, understanding, verifying, or repairing software. This samples software tasks, not all research topics below Software.	https://github.com/alibaba/sec-code-bench
seccodebench	subfield	1712	creation	partial	benchmark_only	The task requires writing, understanding, verifying, or repairing software. This samples software tasks, not all research topics below Software.	https://github.com/alibaba/sec-code-bench
ds1000	subfield	1712	reasoning	partial	benchmark_only	The task requires writing, understanding, verifying, or repairing software. This samples software tasks, not all research topics below Software.	https://ds1000-code-gen.github.io/
ds1000	subfield	1712	creation	partial	benchmark_only	The task requires writing, understanding, verifying, or repairing software. This samples software tasks, not all research topics below Software.	https://ds1000-code-gen.github.io/
spider	subfield	1712	reasoning	partial	benchmark_only	The task requires writing, understanding, verifying, or repairing software. This samples software tasks, not all research topics below Software.	https://yale-lily.github.io/spider
spider	subfield	1712	creation	partial	benchmark_only	The task requires writing, understanding, verifying, or repairing software. This samples software tasks, not all research topics below Software.	https://yale-lily.github.io/spider
bird	subfield	1712	reasoning	partial	benchmark_only	The task requires writing, understanding, verifying, or repairing software. This samples software tasks, not all research topics below Software.	https://bird-bench.github.io/
bird	subfield	1712	creation	partial	benchmark_only	The task requires writing, understanding, verifying, or repairing software. This samples software tasks, not all research topics below Software.	https://bird-bench.github.io/
gsm8k	field	26	reasoning	partial	benchmark_only	Mathematical problem solving samples mathematics; topic-level coverage cannot be inferred from an aggregate mathematics score.	https://github.com/openai/grade-school-math
math	field	26	reasoning	partial	benchmark_only	Mathematical problem solving samples mathematics; topic-level coverage cannot be inferred from an aggregate mathematics score.	https://github.com/hendrycks/math
math500	field	26	reasoning	partial	benchmark_only	Mathematical problem solving samples mathematics; topic-level coverage cannot be inferred from an aggregate mathematics score.	https://huggingface.co/datasets/HuggingFaceH4/MATH-500
aime	field	26	reasoning	partial	benchmark_only	Mathematical problem solving samples mathematics; topic-level coverage cannot be inferred from an aggregate mathematics score.	https://artofproblemsolving.com/wiki/index.php/AIME_Problems_and_Solutions
cnmo	field	26	reasoning	partial	benchmark_only	Mathematical problem solving samples mathematics; topic-level coverage cannot be inferred from an aggregate mathematics score.	https://github.com/deepseek-ai/DeepSeek-R1
hmmt	field	26	reasoning	partial	benchmark_only	Mathematical problem solving samples mathematics; topic-level coverage cannot be inferred from an aggregate mathematics score.	https://www.hmmt.org/
omni-math	field	26	reasoning	partial	benchmark_only	Mathematical problem solving samples mathematics; topic-level coverage cannot be inferred from an aggregate mathematics score.	https://omni-math.github.io/
imo-answer	field	26	reasoning	partial	benchmark_only	Mathematical problem solving samples mathematics; topic-level coverage cannot be inferred from an aggregate mathematics score.	https://imobench.github.io/
minif2f	field	26	reasoning	partial	benchmark_only	Mathematical problem solving samples mathematics; topic-level coverage cannot be inferred from an aggregate mathematics score.	https://github.com/openai/miniF2F
proofnet	field	26	reasoning	partial	benchmark_only	Mathematical problem solving samples mathematics; topic-level coverage cannot be inferred from an aggregate mathematics score.	https://github.com/zhangir-azerbayev/ProofNet
mathvista	unassigned		perception	partial	benchmark_only	General or mixed-domain task; an academic subject is not established by the available task definition.	https://mathvista.github.io/
mathvision	unassigned		perception	partial	benchmark_only	General or mixed-domain task; an academic subject is not established by the available task definition.	https://mathvision-cuhk.github.io/
we-math	unassigned		perception	partial	benchmark_only	General or mixed-domain task; an academic subject is not established by the available task definition.	https://we-math.github.io/
dynamath	unassigned		perception	partial	benchmark_only	General or mixed-domain task; an academic subject is not established by the available task definition.	https://dynamath.github.io/
bbh	unassigned		reasoning	partial	benchmark_only	General or mixed-domain task; an academic subject is not established by the available task definition.	https://github.com/suzgunmirac/BIG-Bench-Hard
arc-ai2	unassigned		reasoning	partial	benchmark_only	General or mixed-domain task; an academic subject is not established by the available task definition.	https://allenai.org/data/arc
hellaswag	unassigned		reasoning	partial	benchmark_only	General or mixed-domain task; an academic subject is not established by the available task definition.	https://rowanzellers.com/hellaswag/
piqa	unassigned		reasoning	partial	benchmark_only	General or mixed-domain task; an academic subject is not established by the available task definition.	https://arxiv.org/abs/1911.11641
winogrande	unassigned		language	partial	benchmark_only	General or mixed-domain task; an academic subject is not established by the available task definition.	https://huggingface.co/datasets/allenai/winogrande
cluewsc	unassigned		language	partial	benchmark_only	General or mixed-domain task; an academic subject is not established by the available task definition.	https://github.com/CLUEbenchmark/CLUE
logiqa	unassigned		reasoning	partial	benchmark_only	General or mixed-domain task; an academic subject is not established by the available task definition.	https://github.com/lgw863/LogiQA-dataset
folio	unassigned		reasoning	partial	benchmark_only	General or mixed-domain task; an academic subject is not established by the available task definition.	https://github.com/Yale-LILY/FOLIO
arc-agi	unassigned		learning	partial	benchmark_only	General or mixed-domain task; an academic subject is not established by the available task definition.	https://arcprize.org/
arc-agi-3	unassigned		learning	partial	benchmark_only	General or mixed-domain task; an academic subject is not established by the available task definition.	https://arcprize.org/arc-agi/3/
cl-bench	unassigned		learning	partial	benchmark_only	General or mixed-domain task; an academic subject is not established by the available task definition.	https://github.com/Tencent-Hunyuan/CL-bench
cl-bench-life	unassigned		learning	partial	benchmark_only	General or mixed-domain task; an academic subject is not established by the available task definition.	https://github.com/Tencent-Hunyuan/CL-bench
chores	unassigned		action	partial	benchmark_only	General or mixed-domain task; an academic subject is not established by the available task definition.	https://arxiv.org/abs/2312.02976
chores	unassigned		planning	partial	benchmark_only	General or mixed-domain task; an academic subject is not established by the available task definition.	https://arxiv.org/abs/2312.02976
longmemeval	unassigned		memory	partial	benchmark_only	General or mixed-domain task; an academic subject is not established by the available task definition.	https://github.com/xiaowu0162/LongMemEval
longmemeval-v2	unassigned		memory	partial	benchmark_only	General or mixed-domain task; an academic subject is not established by the available task definition.	https://github.com/xiaowu0162/LongMemEval-V2
locomo	unassigned		memory	partial	benchmark_only	General or mixed-domain task; an academic subject is not established by the available task definition.	https://snap-research.github.io/locomo/
longbench	unassigned		memory	partial	benchmark_only	General or mixed-domain task; an academic subject is not established by the available task definition.	https://github.com/THUDM/LongBench
longbench-v2	unassigned		memory	partial	benchmark_only	General or mixed-domain task; an academic subject is not established by the available task definition.	https://github.com/THUDM/LongBench
aa-lcr	unassigned		memory	partial	benchmark_only	General or mixed-domain task; an academic subject is not established by the available task definition.	https://artificialanalysis.ai/evaluations/artificial-analysis-long-context-reasoning
ruler	unassigned		memory	partial	benchmark_only	General or mixed-domain task; an academic subject is not established by the available task definition.	https://github.com/NVIDIA/RULER
mrcr	unassigned		memory	partial	benchmark_only	General or mixed-domain task; an academic subject is not established by the available task definition.	https://huggingface.co/datasets/openai/mrcr
frames	unassigned		memory	partial	benchmark_only	General or mixed-domain task; an academic subject is not established by the available task definition.	https://huggingface.co/datasets/google/frames-benchmark
hotpotqa	unassigned		memory	partial	benchmark_only	General or mixed-domain task; an academic subject is not established by the available task definition.	https://hotpotqa.github.io/
musique	unassigned		memory	partial	benchmark_only	General or mixed-domain task; an academic subject is not established by the available task definition.	https://github.com/StonyBrookNLP/musique
simpleqa	unassigned		reliability	partial	benchmark_only	General or mixed-domain task; an academic subject is not established by the available task definition.	https://github.com/openai/simple-evals
c-simpleqa	unassigned		reliability	partial	benchmark_only	General or mixed-domain task; an academic subject is not established by the available task definition.	https://github.com/OpenStellarTeam/ChineseSimpleQA
truthfulqa	unassigned		reliability	partial	benchmark_only	General or mixed-domain task; an academic subject is not established by the available task definition.	https://github.com/sylinrl/TruthfulQA
abstentionbench	unassigned		reliability	partial	benchmark_only	General or mixed-domain task; an academic subject is not established by the available task definition.	https://github.com/facebookresearch/AbstentionBench
hallusionbench	unassigned		reliability	partial	benchmark_only	General or mixed-domain task; an academic subject is not established by the available task definition.	https://github.com/tianyi-lab/HallusionBench
pope	unassigned		reliability	partial	benchmark_only	General or mixed-domain task; an academic subject is not established by the available task definition.	https://github.com/AoiDragon/POPE
simplevqa	unassigned		reliability	partial	benchmark_only	General or mixed-domain task; an academic subject is not established by the available task definition.	https://arxiv.org/abs/2502.13059
ifeval	unassigned		language	partial	benchmark_only	General or mixed-domain task; an academic subject is not established by the available task definition.	https://github.com/google-research/google-research/tree/master/instruction_following_eval
ifbench	unassigned		language	partial	benchmark_only	General or mixed-domain task; an academic subject is not established by the available task definition.	https://github.com/allenai/IFBench
multichallenge	unassigned		language	partial	benchmark_only	General or mixed-domain task; an academic subject is not established by the available task definition.	https://huggingface.co/datasets/ScaleAI/MultiChallenge
drop	unassigned		language	partial	benchmark_only	General or mixed-domain task; an academic subject is not established by the available task definition.	https://allenai.org/data/drop
race	unassigned		language	partial	benchmark_only	General or mixed-domain task; an academic subject is not established by the available task definition.	https://www.cs.cmu.edu/~glai1/data/race/
triviaqa	unassigned		knowledge	partial	benchmark_only	General or mixed-domain task; an academic subject is not established by the available task definition.	https://nlp.cs.washington.edu/triviaqa/
triviaqa	unassigned		reasoning	partial	benchmark_only	General or mixed-domain task; an academic subject is not established by the available task definition.	https://nlp.cs.washington.edu/triviaqa/
naturalquestions	unassigned		knowledge	partial	benchmark_only	General or mixed-domain task; an academic subject is not established by the available task definition.	https://ai.google.com/research/NaturalQuestions
naturalquestions	unassigned		reasoning	partial	benchmark_only	General or mixed-domain task; an academic subject is not established by the available task definition.	https://ai.google.com/research/NaturalQuestions
wildbench	unassigned		language	partial	benchmark_only	General or mixed-domain task; an academic subject is not established by the available task definition.	https://github.com/allenai/WildBench
alpacaeval	unassigned		language	partial	benchmark_only	General or mixed-domain task; an academic subject is not established by the available task definition.	https://github.com/tatsu-lab/alpaca_eval
arena-hard	unassigned		language	partial	benchmark_only	General or mixed-domain task; an academic subject is not established by the available task definition.	https://github.com/lmarena/arena-hard-auto
mt-bench	unassigned		language	partial	benchmark_only	General or mixed-domain task; an academic subject is not established by the available task definition.	https://github.com/lm-sys/FastChat
mmmlu	field	11	language	partial	benchmark_only	Named exam subjects include this field. Only an aggregate benchmark result is available; it must not be propagated to subfields or topics.	https://huggingface.co/datasets/openai/MMMLU
mmmlu	field	12	language	partial	benchmark_only	Named exam subjects include this field. Only an aggregate benchmark result is available; it must not be propagated to subfields or topics.	https://huggingface.co/datasets/openai/MMMLU
mmmlu	field	13	language	partial	benchmark_only	Named exam subjects include this field. Only an aggregate benchmark result is available; it must not be propagated to subfields or topics.	https://huggingface.co/datasets/openai/MMMLU
mmmlu	field	14	language	partial	benchmark_only	Named exam subjects include this field. Only an aggregate benchmark result is available; it must not be propagated to subfields or topics.	https://huggingface.co/datasets/openai/MMMLU
mmmlu	field	16	language	partial	benchmark_only	Named exam subjects include this field. Only an aggregate benchmark result is available; it must not be propagated to subfields or topics.	https://huggingface.co/datasets/openai/MMMLU
mmmlu	field	17	language	partial	benchmark_only	Named exam subjects include this field. Only an aggregate benchmark result is available; it must not be propagated to subfields or topics.	https://huggingface.co/datasets/openai/MMMLU
mmmlu	field	20	language	partial	benchmark_only	Named exam subjects include this field. Only an aggregate benchmark result is available; it must not be propagated to subfields or topics.	https://huggingface.co/datasets/openai/MMMLU
mmmlu	field	22	language	partial	benchmark_only	Named exam subjects include this field. Only an aggregate benchmark result is available; it must not be propagated to subfields or topics.	https://huggingface.co/datasets/openai/MMMLU
mmmlu	field	26	language	partial	benchmark_only	Named exam subjects include this field. Only an aggregate benchmark result is available; it must not be propagated to subfields or topics.	https://huggingface.co/datasets/openai/MMMLU
mmmlu	field	27	language	partial	benchmark_only	Named exam subjects include this field. Only an aggregate benchmark result is available; it must not be propagated to subfields or topics.	https://huggingface.co/datasets/openai/MMMLU
mmmlu	field	31	language	partial	benchmark_only	Named exam subjects include this field. Only an aggregate benchmark result is available; it must not be propagated to subfields or topics.	https://huggingface.co/datasets/openai/MMMLU
mmmlu	field	32	language	partial	benchmark_only	Named exam subjects include this field. Only an aggregate benchmark result is available; it must not be propagated to subfields or topics.	https://huggingface.co/datasets/openai/MMMLU
mmmlu	field	33	language	partial	benchmark_only	Named exam subjects include this field. Only an aggregate benchmark result is available; it must not be propagated to subfields or topics.	https://huggingface.co/datasets/openai/MMMLU
mmlu-prox	field	11	language	partial	benchmark_only	Published exam categories include this field; this is a broad relevance link, with no subject-specific score claim.	https://github.com/weihao1115/MMLU-ProX
mmlu-prox	field	12	language	partial	benchmark_only	Published exam categories include this field; this is a broad relevance link, with no subject-specific score claim.	https://github.com/weihao1115/MMLU-ProX
mmlu-prox	field	14	language	partial	benchmark_only	Published exam categories include this field; this is a broad relevance link, with no subject-specific score claim.	https://github.com/weihao1115/MMLU-ProX
mmlu-prox	field	16	language	partial	benchmark_only	Published exam categories include this field; this is a broad relevance link, with no subject-specific score claim.	https://github.com/weihao1115/MMLU-ProX
mmlu-prox	field	17	language	partial	benchmark_only	Published exam categories include this field; this is a broad relevance link, with no subject-specific score claim.	https://github.com/weihao1115/MMLU-ProX
mmlu-prox	field	20	language	partial	benchmark_only	Published exam categories include this field; this is a broad relevance link, with no subject-specific score claim.	https://github.com/weihao1115/MMLU-ProX
mmlu-prox	field	22	language	partial	benchmark_only	Published exam categories include this field; this is a broad relevance link, with no subject-specific score claim.	https://github.com/weihao1115/MMLU-ProX
mmlu-prox	field	26	language	partial	benchmark_only	Published exam categories include this field; this is a broad relevance link, with no subject-specific score claim.	https://github.com/weihao1115/MMLU-ProX
mmlu-prox	field	27	language	partial	benchmark_only	Published exam categories include this field; this is a broad relevance link, with no subject-specific score claim.	https://github.com/weihao1115/MMLU-ProX
mmlu-prox	field	31	language	partial	benchmark_only	Published exam categories include this field; this is a broad relevance link, with no subject-specific score claim.	https://github.com/weihao1115/MMLU-ProX
mmlu-prox	field	32	language	partial	benchmark_only	Published exam categories include this field; this is a broad relevance link, with no subject-specific score claim.	https://github.com/weihao1115/MMLU-ProX
mmlu-prox	field	33	language	partial	benchmark_only	Published exam categories include this field; this is a broad relevance link, with no subject-specific score claim.	https://github.com/weihao1115/MMLU-ProX
include	unassigned		language	partial	benchmark_only	General or mixed-domain task; an academic subject is not established by the available task definition.	https://huggingface.co/datasets/CohereForAI/include-base-44
global-piqa	unassigned		language	partial	benchmark_only	General or mixed-domain task; an academic subject is not established by the available task definition.	https://huggingface.co/datasets/mrlbenchmarks/global-piqa-nonparallel
polymath	unassigned		language	partial	benchmark_only	General or mixed-domain task; an academic subject is not established by the available task definition.	https://github.com/QwenLM/PolyMath
mgsm	unassigned		language	partial	benchmark_only	General or mixed-domain task; an academic subject is not established by the available task definition.	https://github.com/google-research/url-nlp/tree/main/mgsm
wmt24	unassigned		language	partial	benchmark_only	General or mixed-domain task; an academic subject is not established by the available task definition.	https://github.com/google-research/mt-metrics-eval
mmmu	field	11	perception	partial	benchmark_only	The interdisciplinary task inventory samples this field. The aggregate result remains attached to the benchmark only.	https://mmmu-benchmark.github.io/
mmmu	field	12	perception	partial	benchmark_only	The interdisciplinary task inventory samples this field. The aggregate result remains attached to the benchmark only.	https://mmmu-benchmark.github.io/
mmmu	field	14	perception	partial	benchmark_only	The interdisciplinary task inventory samples this field. The aggregate result remains attached to the benchmark only.	https://mmmu-benchmark.github.io/
mmmu	field	16	perception	partial	benchmark_only	The interdisciplinary task inventory samples this field. The aggregate result remains attached to the benchmark only.	https://mmmu-benchmark.github.io/
mmmu	field	17	perception	partial	benchmark_only	The interdisciplinary task inventory samples this field. The aggregate result remains attached to the benchmark only.	https://mmmu-benchmark.github.io/
mmmu	field	20	perception	partial	benchmark_only	The interdisciplinary task inventory samples this field. The aggregate result remains attached to the benchmark only.	https://mmmu-benchmark.github.io/
mmmu	field	22	perception	partial	benchmark_only	The interdisciplinary task inventory samples this field. The aggregate result remains attached to the benchmark only.	https://mmmu-benchmark.github.io/
mmmu	field	26	perception	partial	benchmark_only	The interdisciplinary task inventory samples this field. The aggregate result remains attached to the benchmark only.	https://mmmu-benchmark.github.io/
mmmu	field	27	perception	partial	benchmark_only	The interdisciplinary task inventory samples this field. The aggregate result remains attached to the benchmark only.	https://mmmu-benchmark.github.io/
mmmu	field	31	perception	partial	benchmark_only	The interdisciplinary task inventory samples this field. The aggregate result remains attached to the benchmark only.	https://mmmu-benchmark.github.io/
mmmu	field	32	perception	partial	benchmark_only	The interdisciplinary task inventory samples this field. The aggregate result remains attached to the benchmark only.	https://mmmu-benchmark.github.io/
mmmu	field	33	perception	partial	benchmark_only	The interdisciplinary task inventory samples this field. The aggregate result remains attached to the benchmark only.	https://mmmu-benchmark.github.io/
mmmu-pro	field	11	perception	partial	benchmark_only	The interdisciplinary task inventory samples this field. The aggregate result remains attached to the benchmark only.	https://mmmu-benchmark.github.io/
mmmu-pro	field	12	perception	partial	benchmark_only	The interdisciplinary task inventory samples this field. The aggregate result remains attached to the benchmark only.	https://mmmu-benchmark.github.io/
mmmu-pro	field	14	perception	partial	benchmark_only	The interdisciplinary task inventory samples this field. The aggregate result remains attached to the benchmark only.	https://mmmu-benchmark.github.io/
mmmu-pro	field	16	perception	partial	benchmark_only	The interdisciplinary task inventory samples this field. The aggregate result remains attached to the benchmark only.	https://mmmu-benchmark.github.io/
mmmu-pro	field	17	perception	partial	benchmark_only	The interdisciplinary task inventory samples this field. The aggregate result remains attached to the benchmark only.	https://mmmu-benchmark.github.io/
mmmu-pro	field	20	perception	partial	benchmark_only	The interdisciplinary task inventory samples this field. The aggregate result remains attached to the benchmark only.	https://mmmu-benchmark.github.io/
mmmu-pro	field	22	perception	partial	benchmark_only	The interdisciplinary task inventory samples this field. The aggregate result remains attached to the benchmark only.	https://mmmu-benchmark.github.io/
mmmu-pro	field	26	perception	partial	benchmark_only	The interdisciplinary task inventory samples this field. The aggregate result remains attached to the benchmark only.	https://mmmu-benchmark.github.io/
mmmu-pro	field	27	perception	partial	benchmark_only	The interdisciplinary task inventory samples this field. The aggregate result remains attached to the benchmark only.	https://mmmu-benchmark.github.io/
mmmu-pro	field	31	perception	partial	benchmark_only	The interdisciplinary task inventory samples this field. The aggregate result remains attached to the benchmark only.	https://mmmu-benchmark.github.io/
mmmu-pro	field	32	perception	partial	benchmark_only	The interdisciplinary task inventory samples this field. The aggregate result remains attached to the benchmark only.	https://mmmu-benchmark.github.io/
mmmu-pro	field	33	perception	partial	benchmark_only	The interdisciplinary task inventory samples this field. The aggregate result remains attached to the benchmark only.	https://mmmu-benchmark.github.io/
mmbench	unassigned		perception	partial	benchmark_only	General or mixed-domain task; an academic subject is not established by the available task definition.	https://github.com/open-compass/MMBench
mmstar	unassigned		perception	partial	benchmark_only	General or mixed-domain task; an academic subject is not established by the available task definition.	https://mmstar-benchmark.github.io/
realworldqa	unassigned		perception	partial	benchmark_only	General or mixed-domain task; an academic subject is not established by the available task definition.	https://huggingface.co/datasets/xai-org/RealworldQA
zerobench	unassigned		perception	partial	benchmark_only	General or mixed-domain task; an academic subject is not established by the available task definition.	https://zerobench.github.io/
babyvision	unassigned		perception	partial	benchmark_only	General or mixed-domain task; an academic subject is not established by the available task definition.	https://github.com/UniPat-AI/BabyVision
chartqa	unassigned		perception	partial	benchmark_only	General or mixed-domain task; an academic subject is not established by the available task definition.	https://github.com/vis-nlp/ChartQA
charxiv	unassigned		perception	partial	benchmark_only	General or mixed-domain task; an academic subject is not established by the available task definition.	https://charxiv.github.io/
docvqa	unassigned		perception	partial	benchmark_only	General or mixed-domain task; an academic subject is not established by the available task definition.	https://www.docvqa.org/
infovqa	unassigned		perception	partial	benchmark_only	General or mixed-domain task; an academic subject is not established by the available task definition.	https://www.docvqa.org/datasets/infographicvqa
mmlongbench-doc	unassigned		perception	partial	benchmark_only	General or mixed-domain task; an academic subject is not established by the available task definition.	https://github.com/mayubo2333/MMLongBench-Doc
ai2d	unassigned		perception	partial	benchmark_only	General or mixed-domain task; an academic subject is not established by the available task definition.	https://allenai.org/data/diagrams
countbench	unassigned		perception	partial	benchmark_only	General or mixed-domain task; an academic subject is not established by the available task definition.	https://huggingface.co/datasets/vikhyatk/CountBenchQA
refcoco	unassigned		perception	partial	benchmark_only	General or mixed-domain task; an academic subject is not established by the available task definition.	https://github.com/lichengunc/refer
odinw	unassigned		perception	partial	benchmark_only	General or mixed-domain task; an academic subject is not established by the available task definition.	https://github.com/microsoft/GLIP
embspatial	unassigned		perception	partial	benchmark_only	General or mixed-domain task; an academic subject is not established by the available task definition.	https://arxiv.org/abs/2406.05756
refspatial	unassigned		perception	partial	benchmark_only	General or mixed-domain task; an academic subject is not established by the available task definition.	https://github.com/Zhoues/RoboRefer
erqa	unassigned		perception	partial	benchmark_only	General or mixed-domain task; an academic subject is not established by the available task definition.	https://github.com/embodiedreasoning/ERQA
lingoqa	unassigned		perception	partial	benchmark_only	General or mixed-domain task; an academic subject is not established by the available task definition.	https://github.com/wayveai/LingoQA
vstar	unassigned		perception	partial	benchmark_only	General or mixed-domain task; an academic subject is not established by the available task definition.	https://vstar-seal.github.io/
video-mme	unassigned		perception	partial	benchmark_only	General or mixed-domain task; an academic subject is not established by the available task definition.	https://video-mme.github.io/home_page.html
videommmu	unassigned		perception	partial	benchmark_only	General or mixed-domain task; an academic subject is not established by the available task definition.	https://videommmu.github.io/
mvbench	unassigned		perception	partial	benchmark_only	General or mixed-domain task; an academic subject is not established by the available task definition.	https://github.com/OpenGVLab/Ask-Anything
mlvu	unassigned		perception	partial	benchmark_only	General or mixed-domain task; an academic subject is not established by the available task definition.	https://github.com/JUNJIE99/MLVU
lvbench	unassigned		perception	partial	benchmark_only	General or mixed-domain task; an academic subject is not established by the available task definition.	https://github.com/THUDM/LVBench
mmvu	unassigned		perception	partial	benchmark_only	General or mixed-domain task; an academic subject is not established by the available task definition.	https://github.com/yale-nlp/MMVU
egoschema	unassigned		perception	partial	benchmark_only	General or mixed-domain task; an academic subject is not established by the available task definition.	https://egoschema.github.io/
tempcompass	unassigned		perception	partial	benchmark_only	General or mixed-domain task; an academic subject is not established by the available task definition.	https://github.com/llyx97/TempCompass
perceptiontest	unassigned		perception	partial	benchmark_only	General or mixed-domain task; an academic subject is not established by the available task definition.	https://github.com/google-deepmind/perception_test
audio-bench	unassigned		perception	partial	benchmark_only	General or mixed-domain task; an academic subject is not established by the available task definition.	https://github.com/AudioLLMs/AudioBench
audio-bench	unassigned		language	partial	benchmark_only	General or mixed-domain task; an academic subject is not established by the available task definition.	https://github.com/AudioLLMs/AudioBench
mmau	unassigned		perception	partial	benchmark_only	General or mixed-domain task; an academic subject is not established by the available task definition.	https://github.com/Sakshi113/mmau
mmau	unassigned		language	partial	benchmark_only	General or mixed-domain task; an academic subject is not established by the available task definition.	https://github.com/Sakshi113/mmau
libri	subfield	1203	perception	partial	benchmark_only	Transcription and translation tasks concern linguistic content. Research on recognition algorithms is not itself the tested subject.	https://www.openslr.org/12
libri	subfield	1203	language	partial	benchmark_only	Transcription and translation tasks concern linguistic content. Research on recognition algorithms is not itself the tested subject.	https://www.openslr.org/12
aishell	subfield	1203	perception	partial	benchmark_only	Transcription and translation tasks concern linguistic content. Research on recognition algorithms is not itself the tested subject.	https://www.openslr.org/33/
aishell	subfield	1203	language	partial	benchmark_only	Transcription and translation tasks concern linguistic content. Research on recognition algorithms is not itself the tested subject.	https://www.openslr.org/33/
covost	subfield	1203	perception	partial	benchmark_only	Transcription and translation tasks concern linguistic content. Research on recognition algorithms is not itself the tested subject.	https://github.com/facebookresearch/covost
covost	subfield	1203	language	partial	benchmark_only	Transcription and translation tasks concern linguistic content. Research on recognition algorithms is not itself the tested subject.	https://github.com/facebookresearch/covost
clotho	unassigned		perception	partial	benchmark_only	General or mixed-domain task; an academic subject is not established by the available task definition.	https://zenodo.org/records/3490684
clotho	unassigned		language	partial	benchmark_only	General or mixed-domain task; an academic subject is not established by the available task definition.	https://zenodo.org/records/3490684
audioset	unassigned		perception	partial	benchmark_only	General or mixed-domain task; an academic subject is not established by the available task definition.	https://research.google.com/audioset/
audioset	unassigned		language	partial	benchmark_only	General or mixed-domain task; an academic subject is not established by the available task definition.	https://research.google.com/audioset/
iemocap	unassigned		perception	partial	benchmark_only	General or mixed-domain task; an academic subject is not established by the available task definition.	https://sail.usc.edu/iemocap/
iemocap	unassigned		language	partial	benchmark_only	General or mixed-domain task; an academic subject is not established by the available task definition.	https://sail.usc.edu/iemocap/
gaia	unassigned		action	partial	benchmark_only	General or mixed-domain task; an academic subject is not established by the available task definition.	https://huggingface.co/gaia-benchmark
gaia	unassigned		planning	partial	benchmark_only	General or mixed-domain task; an academic subject is not established by the available task definition.	https://huggingface.co/gaia-benchmark
bfcl	unassigned		action	partial	benchmark_only	General or mixed-domain task; an academic subject is not established by the available task definition.	https://gorilla.cs.berkeley.edu/leaderboard.html
bfcl	unassigned		planning	partial	benchmark_only	General or mixed-domain task; an academic subject is not established by the available task definition.	https://gorilla.cs.berkeley.edu/leaderboard.html
tau2	unassigned		action	partial	benchmark_only	General or mixed-domain task; an academic subject is not established by the available task definition.	https://github.com/sierra-research/tau2-bench
tau2	unassigned		planning	partial	benchmark_only	General or mixed-domain task; an academic subject is not established by the available task definition.	https://github.com/sierra-research/tau2-bench
vita	unassigned		action	partial	benchmark_only	General or mixed-domain task; an academic subject is not established by the available task definition.	https://github.com/meituan-longcat/vitabench
vita	unassigned		planning	partial	benchmark_only	General or mixed-domain task; an academic subject is not established by the available task definition.	https://github.com/meituan-longcat/vitabench
deepplanning	unassigned		action	partial	benchmark_only	General or mixed-domain task; an academic subject is not established by the available task definition.	https://huggingface.co/datasets/Qwen/DeepPlanning
deepplanning	unassigned		planning	partial	benchmark_only	General or mixed-domain task; an academic subject is not established by the available task definition.	https://huggingface.co/datasets/Qwen/DeepPlanning
toolathlon	unassigned		action	partial	benchmark_only	General or mixed-domain task; an academic subject is not established by the available task definition.	https://github.com/hkust-nlp/Toolathlon
toolathlon	unassigned		planning	partial	benchmark_only	General or mixed-domain task; an academic subject is not established by the available task definition.	https://github.com/hkust-nlp/Toolathlon
mcpmark	unassigned		action	partial	benchmark_only	General or mixed-domain task; an academic subject is not established by the available task definition.	https://github.com/eval-sys/mcpmark
mcpmark	unassigned		planning	partial	benchmark_only	General or mixed-domain task; an academic subject is not established by the available task definition.	https://github.com/eval-sys/mcpmark
browsecomp	unassigned		action	partial	benchmark_only	General or mixed-domain task; an academic subject is not established by the available task definition.	https://github.com/openai/simple-evals
browsecomp	unassigned		planning	partial	benchmark_only	General or mixed-domain task; an academic subject is not established by the available task definition.	https://github.com/openai/simple-evals
browsecomp-zh	unassigned		action	partial	benchmark_only	General or mixed-domain task; an academic subject is not established by the available task definition.	https://github.com/PALIN2018/BrowseComp-ZH
browsecomp-zh	unassigned		planning	partial	benchmark_only	General or mixed-domain task; an academic subject is not established by the available task definition.	https://github.com/PALIN2018/BrowseComp-ZH
widesearch	unassigned		action	partial	benchmark_only	General or mixed-domain task; an academic subject is not established by the available task definition.	https://github.com/ByteDance-Seed/WideSearch
widesearch	unassigned		planning	partial	benchmark_only	General or mixed-domain task; an academic subject is not established by the available task definition.	https://github.com/ByteDance-Seed/WideSearch
web-arena	unassigned		action	partial	benchmark_only	General or mixed-domain task; an academic subject is not established by the available task definition.	https://github.com/web-arena-x/webarena
web-arena	unassigned		planning	partial	benchmark_only	General or mixed-domain task; an academic subject is not established by the available task definition.	https://github.com/web-arena-x/webarena
visualwebarena	unassigned		action	partial	benchmark_only	General or mixed-domain task; an academic subject is not established by the available task definition.	https://jykoh.com/vwa
visualwebarena	unassigned		planning	partial	benchmark_only	General or mixed-domain task; an academic subject is not established by the available task definition.	https://jykoh.com/vwa
weblinx	unassigned		action	partial	benchmark_only	General or mixed-domain task; an academic subject is not established by the available task definition.	https://mcgill-nlp.github.io/weblinx/
weblinx	unassigned		planning	partial	benchmark_only	General or mixed-domain task; an academic subject is not established by the available task definition.	https://mcgill-nlp.github.io/weblinx/
osworld	unassigned		action	partial	benchmark_only	General or mixed-domain task; an academic subject is not established by the available task definition.	https://os-world.github.io/
osworld	unassigned		planning	partial	benchmark_only	General or mixed-domain task; an academic subject is not established by the available task definition.	https://os-world.github.io/
androidworld	unassigned		action	partial	benchmark_only	General or mixed-domain task; an academic subject is not established by the available task definition.	https://github.com/google-research/android_world
androidworld	unassigned		planning	partial	benchmark_only	General or mixed-domain task; an academic subject is not established by the available task definition.	https://github.com/google-research/android_world
screenspot	unassigned		action	partial	benchmark_only	General or mixed-domain task; an academic subject is not established by the available task definition.	https://github.com/njucckevin/SeeClick
screenspot	unassigned		planning	partial	benchmark_only	General or mixed-domain task; an academic subject is not established by the available task definition.	https://github.com/njucckevin/SeeClick
screenspot-pro	unassigned		action	partial	benchmark_only	General or mixed-domain task; an academic subject is not established by the available task definition.	https://github.com/likaixin2000/ScreenSpot-Pro-GUI-Grounding
screenspot-pro	unassigned		planning	partial	benchmark_only	General or mixed-domain task; an academic subject is not established by the available task definition.	https://github.com/likaixin2000/ScreenSpot-Pro-GUI-Grounding
terminal-bench	unassigned		action	partial	benchmark_only	General or mixed-domain task; an academic subject is not established by the available task definition.	https://www.tbench.ai/
terminal-bench	unassigned		planning	partial	benchmark_only	General or mixed-domain task; an academic subject is not established by the available task definition.	https://www.tbench.ai/
metr-horizon	unassigned		action	partial	benchmark_only	General or mixed-domain task; an academic subject is not established by the available task definition.	https://metr.org/time-horizons/
metr-horizon	unassigned		planning	partial	benchmark_only	General or mixed-domain task; an academic subject is not established by the available task definition.	https://metr.org/time-horizons/
workarena	unassigned		action	partial	benchmark_only	General or mixed-domain task; an academic subject is not established by the available task definition.	https://github.com/ServiceNow/WorkArena
workarena	unassigned		planning	partial	benchmark_only	General or mixed-domain task; an academic subject is not established by the available task definition.	https://github.com/ServiceNow/WorkArena
agentbench	unassigned		action	partial	benchmark_only	General or mixed-domain task; an academic subject is not established by the available task definition.	https://github.com/THUDM/AgentBench
agentbench	unassigned		planning	partial	benchmark_only	General or mixed-domain task; an academic subject is not established by the available task definition.	https://github.com/THUDM/AgentBench
gdpval	field	14	knowledge	partial	benchmark_only	Professional deliverables include business work; broad task relevance only, not all 44 occupations or all business topics.	https://huggingface.co/datasets/openai/gdpval
healthbench	field	27	knowledge	partial	benchmark_only	Medical questions, clinical reasoning or care dialogue sample medicine; no aggregate score is assigned to clinical specialties.	https://github.com/openai/simple-evals
medqa	field	27	knowledge	partial	benchmark_only	Medical questions, clinical reasoning or care dialogue sample medicine; no aggregate score is assigned to clinical specialties.	https://github.com/jind11/MedQA
pubmedqa	field	27	knowledge	partial	benchmark_only	Medical questions, clinical reasoning or care dialogue sample medicine; no aggregate score is assigned to clinical specialties.	https://pubmedqa.github.io/
slake	subfield	2741	knowledge	partial	benchmark_only	Medical image questions sample radiology and imaging knowledge; the task score is not whole-subfield mastery.	https://www.med-vqa.com/slake/
pmc-vqa	field	27	knowledge	partial	benchmark_only	Medical questions, clinical reasoning or care dialogue sample medicine; no aggregate score is assigned to clinical specialties.	https://github.com/xiaoman-zhang/PMC-VQA
medxpertqa	field	27	knowledge	partial	benchmark_only	Medical questions, clinical reasoning or care dialogue sample medicine; no aggregate score is assigned to clinical specialties.	https://github.com/TsinghuaC3I/MedXpertQA
legalbench	subfield	3308	knowledge	partial	benchmark_only	Legal questions or legal reasoning tasks directly concern law; no claim of covering every legal specialty.	https://github.com/HazyResearch/legalbench
finqa	subfield	1402	knowledge	partial	benchmark_only	Questions require numerical reasoning over financial reports; partial accounting and finance relevance.	https://github.com/czyssrs/FinQA
finqa	subfield	2003	knowledge	partial	benchmark_only	Questions require numerical reasoning over financial reports; partial accounting and finance relevance.	https://github.com/czyssrs/FinQA
creativebench	subfield	1208	creation	partial	benchmark_only	Writing tasks sample composition; content and genre vary, so a writing score is not a literature mastery score.	https://github.com/X-PLUG/WritingBench
gen-eval	unassigned		creation	partial	benchmark_only	General or mixed-domain task; an academic subject is not established by the available task definition.	https://github.com/djghosh13/geneval
vbench	unassigned		creation	partial	benchmark_only	General or mixed-domain task; an academic subject is not established by the available task definition.	https://github.com/Vchitect/VBench
tombench	subfield	3207	social	partial	benchmark_only	Tasks involve beliefs, intentions, social situations, or negotiation; links describe tested social content, not the benchmark paper topic.	https://aclanthology.org/2024.acl-long.847/
socialiqa	subfield	3207	social	partial	benchmark_only	Tasks involve beliefs, intentions, social situations, or negotiation; links describe tested social content, not the benchmark paper topic.	https://maartensap.com/social-iqa/
sotopia	subfield	3207	social	partial	benchmark_only	Tasks involve beliefs, intentions, social situations, or negotiation; links describe tested social content, not the benchmark paper topic.	https://github.com/sotopia-lab/sotopia
negotiation	subfield	3207	social	partial	benchmark_only	Tasks involve beliefs, intentions, social situations, or negotiation; links describe tested social content, not the benchmark paper topic.	https://github.com/facebookresearch/end-to-end-negotiator
harmbench	unassigned		safety	partial	benchmark_only	General or mixed-domain task; an academic subject is not established by the available task definition.	https://github.com/centerforaisafety/HarmBench
strongreject	unassigned		safety	partial	benchmark_only	General or mixed-domain task; an academic subject is not established by the available task definition.	https://github.com/dsbowen/strong_reject
agentdojo	unassigned		safety	partial	benchmark_only	General or mixed-domain task; an academic subject is not established by the available task definition.	https://github.com/ethz-spylab/agentdojo
bbq	unassigned		safety	partial	benchmark_only	General or mixed-domain task; an academic subject is not established by the available task definition.	https://github.com/nyu-mll/BBQ
toxigen	unassigned		safety	partial	benchmark_only	General or mixed-domain task; an academic subject is not established by the available task definition.	https://github.com/microsoft/TOXIGEN
wildguard	unassigned		safety	partial	benchmark_only	General or mixed-domain task; an academic subject is not established by the available task definition.	https://github.com/allenai/wildguard
behavior	unassigned		action	partial	benchmark_only	General or mixed-domain task; an academic subject is not established by the available task definition.	https://behavior.stanford.edu/
behavior	unassigned		planning	partial	benchmark_only	General or mixed-domain task; an academic subject is not established by the available task definition.	https://behavior.stanford.edu/
rlbench	unassigned		action	partial	benchmark_only	General or mixed-domain task; an academic subject is not established by the available task definition.	https://github.com/stepjam/RLBench
rlbench	unassigned		planning	partial	benchmark_only	General or mixed-domain task; an academic subject is not established by the available task definition.	https://github.com/stepjam/RLBench
alfred	unassigned		action	partial	benchmark_only	General or mixed-domain task; an academic subject is not established by the available task definition.	https://askforalfred.com/
alfred	unassigned		planning	partial	benchmark_only	General or mixed-domain task; an academic subject is not established by the available task definition.	https://askforalfred.com/
mmsi	unassigned		perception	partial	benchmark_only	General or mixed-domain task; an academic subject is not established by the available task definition.	https://github.com/InternRobotics/MMSI-Bench
rebench	subfield	1702	reasoning	partial	benchmark_only	Tasks implement or improve machine-learning research systems; this is research execution evidence, not general AI mastery.	https://github.com/METR/RE-Bench
rebench	subfield	1702	action	partial	benchmark_only	Tasks implement or improve machine-learning research systems; this is research execution evidence, not general AI mastery.	https://github.com/METR/RE-Bench
swe-bench	topic	T10743	reasoning	partial	benchmark_only	Real repository issue repair exercises debugging and program repair, explicitly included in this topic; benchmark-only performance, not mastery of testing research.	https://www.swebench.com/
swe-bench-pro	topic	T10743	reasoning	partial	benchmark_only	Multi-file issue repair samples debugging and program repair within this topic; no topic-level score is inferred.	https://github.com/scaleapi/SWE-bench_Pro-os
swe-multilingual	topic	T10743	reasoning	partial	benchmark_only	Repository repair across programming languages samples the debugging and program-repair part of this topic.	https://www.swebench.com/multilingual.html
finqa	topic	T12123	reasoning	partial	benchmark_only	Financial report questions require financial analysis, a stated part of this topic; corporate governance and other topic components are not established.	https://github.com/czyssrs/FinQA
flores	topic	T10181	language	partial	benchmark_only	FLORES-200 provides aligned professional translations in 200 languages; it samples multilingual machine translation explicitly described by this topic, not mastery of all NLP methods.	https://raw.githubusercontent.com/facebookresearch/flores/main/flores200/README.md
libri	topic	T10201	perception	partial	benchmark_only	The official LibriSpeech ASR corpus pairs read English speech with transcripts; transcription samples automatic speech recognition, not synthesis or every component of the topic.	https://www.openslr.org/12
aishell	topic	T10201	perception	partial	benchmark_only	AISHELL-1 provides Mandarin speech and transcripts for recognition; transcription samples the automatic speech recognition component, not whole-topic mastery.	https://www.openslr.org/33/
spider	topic	T10317	reasoning	partial	benchmark_only	Spider requires generating complex SQL for relational databases; it samples relational querying in this topic. SQL task scores do not measure stream processing or all database research.	https://raw.githubusercontent.com/taoyds/spider/master/README.md
spider	topic	T10317	action	partial	benchmark_only	Spider requires generating complex SQL for relational databases; it samples relational querying in this topic. SQL task scores do not measure stream processing or all database research.	https://raw.githubusercontent.com/taoyds/spider/master/README.md
bird	topic	T10317	reasoning	partial	benchmark_only	BIRD evaluates text-to-SQL against real relational databases and execution efficiency; relevance is limited to database query tasks, not the entire research topic.	https://bird-bench.github.io/
bird	topic	T10317	action	partial	benchmark_only	BIRD evaluates text-to-SQL against real relational databases and execution efficiency; relevance is limited to database query tasks, not the entire research topic.	https://bird-bench.github.io/
ocrbench	topic	T10601	perception	partial	benchmark_only	OCRBench explicitly includes text recognition, scene text, document questions and handwritten expressions; these sample OCR and document image analysis in the topic. Its aggregate score also includes other tasks.	https://raw.githubusercontent.com/Yuliang-Liu/MultimodalOCR/main/README.md
cc-ocr	topic	T10601	perception	partial	benchmark_only	CC-OCR includes scene and multilingual text reading, document parsing and key information extraction; this samples text recognition and document image analysis, not every topic component.	https://raw.githubusercontent.com/AlibabaResearch/AdvancedLiterateMachinery/main/README.md
omnidocbench	topic	T10601	perception	partial	benchmark_only	OmniDocBench evaluates document parsing, including text recognition and layout. This samples document image analysis in the topic; aggregate parsing scores are not handwriting mastery scores.	https://raw.githubusercontent.com/opendatalab/OmniDocBench/main/README.md
meld	topic	T10667	perception	partial	benchmark_only	MELD annotates seven emotions in multiparty utterances with audio, visual and text modalities; its multimodal emotion recognition task is explicit in the topic, with no general psychology score inferred.	https://affective-meld.github.io/
habitat	topic	T10586	action	partial	benchmark_only	Habitat navigation challenges test embodied point/goal navigation; this samples robot navigation and path planning. It does not establish performance on every path-planning algorithm or Habitat task.	https://aihabitat.org/
habitat	topic	T10586	planning	partial	benchmark_only	Habitat navigation challenges test embodied point/goal navigation; this samples robot navigation and path planning. It does not establish performance on every path-planning algorithm or Habitat task.	https://aihabitat.org/
metaworld	topic	T10462	action	partial	benchmark_only	Meta-World explicitly evaluates multi-task and meta reinforcement learning through continuous-control robotic manipulation. The task overlap is robotics and autonomous control, not every reinforcement-learning method.	https://raw.githubusercontent.com/Farama-Foundation/Metaworld/main/README.md
metaworld	topic	T10462	planning	partial	benchmark_only	Meta-World explicitly evaluates multi-task and meta reinforcement learning through continuous-control robotic manipulation. The task overlap is robotics and autonomous control, not every reinforcement-learning method.	https://raw.githubusercontent.com/Farama-Foundation/Metaworld/main/README.md
metaworld	topic	T10462	learning	partial	benchmark_only	Meta-World explicitly evaluates multi-task and meta reinforcement learning through continuous-control robotic manipulation. The task overlap is robotics and autonomous control, not every reinforcement-learning method.	https://raw.githubusercontent.com/Farama-Foundation/Metaworld/main/README.md
libero	topic	T10462	action	partial	benchmark_only	LIBERO tests visuomotor policies and knowledge transfer in sequential robot manipulation tasks; this samples robotic control and learning applications, without asserting that each evaluated policy uses reinforcement learning.	https://raw.githubusercontent.com/Lifelong-Robot-Learning/LIBERO/master/README.md
libero	topic	T10462	planning	partial	benchmark_only	LIBERO tests visuomotor policies and knowledge transfer in sequential robot manipulation tasks; this samples robotic control and learning applications, without asserting that each evaluated policy uses reinforcement learning.	https://raw.githubusercontent.com/Lifelong-Robot-Learning/LIBERO/master/README.md
libero	topic	T10462	learning	partial	benchmark_only	LIBERO tests visuomotor policies and knowledge transfer in sequential robot manipulation tasks; this samples robotic control and learning applications, without asserting that each evaluated policy uses reinforcement learning.	https://raw.githubusercontent.com/Lifelong-Robot-Learning/LIBERO/master/README.md
calvin	topic	T10462	action	partial	benchmark_only	CALVIN tests closed-loop continuous control for long-horizon language-conditioned robot manipulation; this samples robotics and autonomous control, without asserting that each policy uses reinforcement learning.	https://raw.githubusercontent.com/mees/calvin/main/README.md
calvin	topic	T10462	planning	partial	benchmark_only	CALVIN tests closed-loop continuous control for long-horizon language-conditioned robot manipulation; this samples robotics and autonomous control, without asserting that each policy uses reinforcement learning.	https://raw.githubusercontent.com/mees/calvin/main/README.md
medxpertqa	topic	T12574	knowledge	partial	benchmark_only	MedXpertQA includes specialty-board questions with patient records and examination results and a reasoning-oriented subset; it samples clinical reasoning. Aggregate exam performance does not measure diagnostic error or all patient-safety skills.	https://raw.githubusercontent.com/TsinghuaC3I/MedXpertQA/main/README.md
medxpertqa	topic	T12574	reasoning	partial	benchmark_only	MedXpertQA includes specialty-board questions with patient records and examination results and a reasoning-oriented subset; it samples clinical reasoning. Aggregate exam performance does not measure diagnostic error or all patient-safety skills.	https://raw.githubusercontent.com/TsinghuaC3I/MedXpertQA/main/README.md
