soc	title	title_zh	job_zone	tasks	dwa_weights
11-1011.00	Chief Executives	首席执行官	5	31	4.A.1.a.1.c.6:0.01625;4.A.1.a.1.r.3:0.01494;4.A.1.a.1.t.4:0.01494;4.A.2.a.4.g.12:0.03323;4.A.2.a.4.g.9:0.03372;4.A.2.a.4.i.3:0.01555;4.A.2.b.1.i.1:0.01154;4.A.2.b.4.a.1:0.01154;4.A.2.b.4.a.3:0.01625;4.A.2.b.4.b.1:0.03168;4.A.3.b.6.a.2:0.01702;4.A.3.b.6.o.6:0.01702;4.A.4.a.1.b.3:0.03339;4.A.4.a.2.c.14:0.03527;4.A.4.a.2.c.9:0.04825;4.A.4.a.3.a.1:0.01625;4.A.4.a.3.b.3:0.03217;4.A.4.a.6.c.12:0.01396;4.A.4.a.7.b.4:0.03315;4.A.4.a.7.c.1:0.03380;4.A.4.b.1.c.4:0.03111;4.A.4.b.1.c.9:0.04327;4.A.4.b.1.e.3:0.02898;4.A.4.b.1.f.2:0.01670;4.A.4.b.4.b.1:0.03094;4.A.4.b.4.f.4:0.03372;4.A.4.b.4.h.2:0.09977;4.A.4.b.4.h.4:0.03511;4.A.4.b.4.i.7:0.02866;4.A.4.b.4.j.17:0.01543;4.A.4.b.4.j.3:0.03229;4.A.4.b.4.j.39:0.04510;4.A.4.b.6.e.7:0.03021;4.A.4.b.6.h.4:0.01555;4.A.4.c.2.a.6:0.03323
11-1011.03	Chief Sustainability Officers	首席可持续发展官	5	18	4.A.1.a.1.j.6:0.05530;4.A.1.b.1.b.1:0.02869;4.A.2.a.1.b.1:0.09345;4.A.2.a.1.d.5:0.02358;4.A.2.a.1.j.2:0.02602;4.A.2.a.3.b.2:0.05146;4.A.2.a.4.c.2:0.02314;4.A.2.a.4.e.7:0.04916;4.A.2.b.1.i.1:0.03231;4.A.2.b.2.c.2:0.08436;4.A.2.b.2.q.3:0.06432;4.A.2.b.5.a.4:0.02846;4.A.3.b.2.f.13:0.05205;4.A.3.b.6.a.2:0.04924;4.A.3.b.6.g.4:0.04924;4.A.3.b.6.h.4:0.02846;4.A.3.b.6.o.6:0.02987;4.A.4.a.3.b.2:0.02987;4.A.4.b.1.e.6:0.02906;4.A.4.b.2.a.5:0.02358;4.A.4.b.4.a.19:0.06240;4.A.4.b.4.g.3:0.03201;4.A.4.b.4.j.39:0.05397
11-1021.00	General and Operations Managers	总经理与运营经理	4	17	4.A.1.a.2.f.1:0.05475;4.A.2.a.4.g.12:0.03326;4.A.2.a.4.k.7:0.03326;4.A.2.b.1.h.5:0.01480;4.A.2.b.1.i.1:0.07292;4.A.2.b.2.c.3:0.05889;4.A.2.b.2.v.2:0.01984;4.A.2.b.4.a.1:0.01984;4.A.2.b.4.a.6:0.06382;4.A.3.b.2.b.1:0.04647;4.A.4.a.3.c.9:0.06159;4.A.4.b.1.f.2:0.06335;4.A.4.b.3.d.16:0.03016;4.A.4.b.4.h.2:0.06207;4.A.4.b.4.i.7:0.01480;4.A.4.b.4.j.3:0.09152;4.A.4.b.4.j.39:0.18900;4.A.4.b.4.j.7:0.02467;4.A.4.b.6.e.7:0.01480;4.A.4.c.2.a.3:0.03016
11-1031.00	Legislators	立法人员	4	30	4.A.1.a.1.c.6:0.05000;4.A.1.a.1.n.2:0.01667;4.A.1.a.1.n.5:0.00833;4.A.2.a.1.b.1:0.03333;4.A.2.a.2.c.3:0.03333;4.A.2.a.4.g.12:0.00833;4.A.2.a.4.i.3:0.03333;4.A.2.b.1.c.4:0.03333;4.A.2.b.1.i.1:0.00833;4.A.2.b.1.i.6:0.00833;4.A.2.b.2.c.3:0.03333;4.A.2.b.3.a.8:0.10000;4.A.2.b.4.b.1:0.03333;4.A.3.b.6.g.4:0.03333;4.A.4.a.2.c.14:0.03333;4.A.4.a.3.b.3:0.06667;4.A.4.a.4.a.4:0.03333;4.A.4.a.6.c.12:0.03333;4.A.4.a.8.c.5:0.03333;4.A.4.b.1.c.6:0.03333;4.A.4.b.1.c.9:0.10000;4.A.4.b.1.e.6:0.03333;4.A.4.b.2.a.5:0.06667;4.A.4.b.4.a.13:0.03333;4.A.4.b.4.b.1:0.03333;4.A.4.b.6.e.7:0.03333;4.A.4.c.2.a.3:0.03333
11-2011.00	Advertising and Promotions Managers	广告与促销经理	4	30	4.A.1.a.1.n.1:0.01633;4.A.1.a.2.f.1:0.01783;4.A.2.a.1.b.1:0.01451;4.A.2.a.1.d.4:0.01841;4.A.2.a.3.a.1:0.03619;4.A.2.a.4.b.8:0.05128;4.A.2.a.4.g.8:0.03230;4.A.2.a.4.g.9:0.03177;4.A.2.b.1.i.1:0.01783;4.A.2.b.2.c.2:0.03584;4.A.2.b.2.c.3:0.05394;4.A.2.b.2.j.1:0.07212;4.A.2.b.3.a.18:0.02770;4.A.2.b.3.a.8:0.02814;4.A.3.b.2.f.13:0.01451;4.A.3.b.6.a.2:0.01597;4.A.3.b.6.h.4:0.03504;4.A.4.a.2.c.14:0.06673;4.A.4.a.4.a.4:0.06788;4.A.4.a.6.c.12:0.02894;4.A.4.a.7.b.1:0.01597;4.A.4.b.1.c.6:0.03239;4.A.4.b.1.c.9:0.02956;4.A.4.b.1.e.3:0.01783;4.A.4.b.3.d.16:0.03460;4.A.4.b.4.a.13:0.01841;4.A.4.b.4.h.2:0.01201;4.A.4.b.4.h.4:0.03522;4.A.4.b.4.h.5:0.03257;4.A.4.b.4.j.12:0.01553;4.A.4.b.4.j.3:0.01201;4.A.4.b.4.j.39:0.02754;4.A.4.b.6.b.2:0.03310
11-2021.00	Marketing Managers	市场营销经理	4	20	4.A.1.a.1.n.4:0.05017;4.A.1.a.2.h.3:0.01921;4.A.2.a.1.b.1:0.02845;4.A.2.a.2.c.1:0.05295;4.A.2.a.4.b.8:0.07347;4.A.2.a.4.g.12:0.02757;4.A.2.a.4.g.8:0.01921;4.A.2.b.1.h.8:0.02757;4.A.2.b.2.c.2:0.07664;4.A.2.b.2.c.3:0.09953;4.A.2.b.2.q.3:0.02611;4.A.2.b.4.a.6:0.05499;4.A.4.a.2.c.14:0.19731;4.A.4.a.7.b.4:0.04739;4.A.4.b.1.e.3:0.02311;4.A.4.b.4.a.13:0.05587;4.A.4.b.4.j.3:0.05295;4.A.4.b.6.e.10:0.04139;4.A.4.b.6.e.7:0.02611
11-2022.00	Sales Managers	销售经理	4	17	4.A.1.a.1.n.4:0.06767;4.A.2.a.1.d.4:0.03304;4.A.2.a.1.g.3:0.05095;4.A.2.a.4.k.6:0.06640;4.A.2.b.1.c.4:0.02918;4.A.2.b.4.a.6:0.06230;4.A.4.a.2.c.14:0.05568;4.A.4.a.4.a.4:0.05521;4.A.4.a.8.c.5:0.06861;4.A.4.b.1.c.9:0.05252;4.A.4.b.4.a.13:0.12066;4.A.4.b.4.f.4:0.03304;4.A.4.b.4.h.4:0.02918;4.A.4.b.4.j.3:0.15741;4.A.4.b.6.b.2:0.06688;4.A.4.b.6.e.10:0.05126
11-2032.00	Public Relations Managers	公共关系经理	4	20	4.A.1.a.2.h.3:0.05017;4.A.2.a.1.b.1:0.04685;4.A.2.a.1.d.4:0.02955;4.A.2.b.1.g.2:0.02119;4.A.2.b.2.c.3:0.02943;4.A.2.b.2.f.3:0.01562;4.A.2.b.2.j.1:0.07443;4.A.2.b.2.p.3:0.05604;4.A.2.b.4.a.1:0.02432;4.A.2.b.4.a.2:0.02432;4.A.3.a.3.e.4:0.01562;4.A.3.b.6.h.5:0.03421;4.A.4.a.2.c.14:0.04724;4.A.4.a.2.c.9:0.07602;4.A.4.a.3.b.3:0.08522;4.A.4.a.4.a.4:0.08803;4.A.4.b.1.c.4:0.04724;4.A.4.b.1.e.3:0.04379;4.A.4.b.4.a.13:0.02955;4.A.4.b.4.f.3:0.04187;4.A.4.b.4.h.5:0.05553;4.A.4.b.4.j.3:0.04813;4.A.4.c.3.c.1:0.01562
11-2033.00	Fundraising Managers	筹款经理	4	16	4.A.2.a.1.b.1:0.05629;4.A.2.a.1.d.4:0.02831;4.A.2.a.3.c.2:0.05946;4.A.2.b.1.g.2:0.02514;4.A.2.b.2.c.1:0.07232;4.A.2.b.2.f.3:0.01659;4.A.2.b.2.h.2:0.06865;4.A.2.b.2.j.1:0.02514;4.A.2.b.2.v.2:0.02199;4.A.2.b.4.a.1:0.05097;4.A.2.b.4.a.2:0.02898;4.A.3.a.3.e.4:0.01659;4.A.3.b.6.g.3:0.06564;4.A.4.a.1.b.2:0.06280;4.A.4.a.3.b.3:0.05846;4.A.4.a.4.a.4:0.06598;4.A.4.b.1.e.5:0.06798;4.A.4.b.4.a.13:0.02831;4.A.4.b.4.h.2:0.02199;4.A.4.b.4.h.5:0.07199;4.A.4.b.4.j.3:0.06982;4.A.4.c.3.c.1:0.01659
11-3012.00	Administrative Services Managers	行政事务经理	3	18	4.A.1.a.1.b.7:0.02778;4.A.1.a.1.e.1:0.02778;4.A.2.a.4.g.12:0.02531;4.A.2.b.1.j.11:0.02778;4.A.2.b.2.v.2:0.05624;4.A.2.b.3.a.5:0.05556;4.A.2.b.4.a.1:0.02778;4.A.3.b.2.f.17:0.05556;4.A.3.b.6.h.9:0.02778;4.A.3.b.6.o.6:0.05639;4.A.4.a.2.c.13:0.05556;4.A.4.a.8.c.1:0.05556;4.A.4.b.1.c.2:0.05556;4.A.4.b.1.f.4:0.02778;4.A.4.b.3.d.16:0.04849;4.A.4.b.4.a.8:0.05556;4.A.4.b.4.f.4:0.05556;4.A.4.b.4.h.4:0.06171;4.A.4.b.4.j.17:0.05958;4.A.4.b.6.e.7:0.02531;4.A.4.c.2.a.3:0.06004;4.A.4.c.3.a.3:0.02569;4.A.4.c.3.e.3:0.02569
11-3013.00	Facilities Managers	设施管理经理	3	11	4.A.1.a.2.b.2:0.10547;4.A.2.b.2.v.2:0.09226;4.A.3.b.2.b.1:0.09365;4.A.3.b.6.o.6:0.08623;4.A.4.b.3.d.16:0.09087;4.A.4.b.4.h.4:0.09481;4.A.4.b.4.i.7:0.09759;4.A.4.b.4.j.27:0.10431;4.A.4.c.3.a.3:0.04022;4.A.4.c.3.c.2:0.07047;4.A.4.c.3.e.3:0.12413
11-3013.01	Security Managers	安全保卫经理	4	28	4.A.1.a.2.b.2:0.03583;4.A.1.a.2.g.7:0.04121;4.A.1.a.2.k.4:0.05254;4.A.2.a.1.b.1:0.01590;4.A.2.a.1.d.4:0.01841;4.A.2.a.4.c.3:0.09272;4.A.2.a.4.k.7:0.03180;4.A.2.b.1.i.1:0.04725;4.A.2.b.2.e.2:0.07637;4.A.2.b.2.p.4:0.02016;4.A.2.b.3.a.8:0.03270;4.A.2.b.4.a.1:0.01227;4.A.2.b.4.a.2:0.01617;4.A.3.b.2.f.13:0.01590;4.A.3.b.6.n.2:0.05061;4.A.4.a.1.b.3:0.05061;4.A.4.a.5.e.2:0.03852;4.A.4.b.1.c.1:0.01769;4.A.4.b.3.d.11:0.01680;4.A.4.b.3.d.16:0.01680;4.A.4.b.4.a.13:0.01841;4.A.4.b.4.f.4:0.01227;4.A.4.b.4.h.4:0.04166;4.A.4.b.4.j.39:0.02016;4.A.4.b.4.k.2:0.14400;4.A.4.c.2.b.1:0.03055;4.A.4.c.3.e.3:0.03270
11-3021.00	Computer and Information Systems Managers	计算机与信息系统经理	4	17	4.A.1.a.1.b.8:0.02819;4.A.2.a.1.d.4:0.06189;4.A.2.a.1.j.1:0.02819;4.A.2.a.1.j.2:0.05499;4.A.2.a.4.g.12:0.02099;4.A.2.b.1.h.5:0.02834;4.A.2.b.2.b.2:0.12454;4.A.2.b.2.v.2:0.03988;4.A.2.b.3.a.8:0.05944;4.A.2.b.4.a.1:0.01889;4.A.2.b.4.a.2:0.01889;4.A.3.b.6.o.6:0.05561;4.A.4.a.2.c.14:0.02094;4.A.4.a.7.c.1:0.02094;4.A.4.b.1.c.6:0.07991;4.A.4.b.3.d.16:0.01981;4.A.4.b.4.h.5:0.05407;4.A.4.b.4.j.12:0.06250;4.A.4.b.4.j.39:0.02099;4.A.4.b.6.b.2:0.06112;4.A.4.b.6.e.7:0.02834;4.A.4.c.2.a.3:0.01981;4.A.4.c.2.a.5:0.01981;4.A.4.c.3.e.3:0.05193
11-3031.00	Financial Managers	财务经理	4	17	4.A.1.a.2.c.4:0.06327;4.A.2.a.4.g.8:0.06237;4.A.2.a.4.k.5:0.11434;4.A.2.a.4.k.6:0.10229;4.A.2.a.4.k.7:0.02877;4.A.2.b.1.c.4:0.03081;4.A.2.b.4.a.6:0.06598;4.A.3.b.6.a.2:0.02029;4.A.3.b.6.n.2:0.02029;4.A.3.b.6.n.4:0.02029;4.A.3.b.6.o.6:0.05499;4.A.4.a.1.b.5:0.06387;4.A.4.a.4.a.4:0.12142;4.A.4.b.4.a.13:0.03111;4.A.4.b.4.h.2:0.06192;4.A.4.b.4.j.39:0.05227;4.A.4.b.6.e.7:0.02877;4.A.4.c.2.a.5:0.05694
11-3031.01	Treasurers and Controllers	财务主管与审计主管	4	22	4.A.1.a.2.c.4:0.02641;4.A.1.a.2.k.4:0.02641;4.A.1.b.3.c.1:0.04549;4.A.2.a.1.d.4:0.04152;4.A.2.a.2.c.1:0.02467;4.A.2.a.3.c.1:0.02226;4.A.2.a.4.k.5:0.04152;4.A.2.a.4.k.7:0.04212;4.A.2.b.1.c.4:0.04922;4.A.2.b.1.h.5:0.02581;4.A.2.b.3.a.8:0.04152;4.A.2.b.4.a.1:0.02244;4.A.2.b.4.a.2:0.02244;4.A.2.b.4.a.6:0.01937;4.A.3.b.6.a.2:0.03991;4.A.3.b.6.n.2:0.01524;4.A.4.a.4.a.4:0.05018;4.A.4.b.3.d.16:0.03851;4.A.4.b.4.a.13:0.04898;4.A.4.b.4.g.3:0.02226;4.A.4.b.4.h.2:0.11235;4.A.4.b.4.h.4:0.02256;4.A.4.b.6.e.10:0.10770;4.A.4.b.6.e.7:0.02581;4.A.4.c.2.b.2:0.02256;4.A.4.c.3.d.3:0.04272
11-3031.03	Investment Fund Managers	投资基金经理	5	20	4.A.1.a.2.b.5:0.01738;4.A.1.a.2.c.2:0.02817;4.A.1.a.2.c.5:0.02817;4.A.1.a.2.h.3:0.04596;4.A.1.a.2.k.10:0.04682;4.A.1.b.1.b.2:0.04374;4.A.2.a.1.d.4:0.02323;4.A.2.a.1.g.3:0.04682;4.A.2.a.3.a.1:0.04423;4.A.2.a.3.c.5:0.04571;4.A.2.a.4.g.8:0.05411;4.A.2.b.1.c.4:0.02767;4.A.2.b.1.i.1:0.04499;4.A.2.b.2.j.1:0.02205;4.A.2.b.3.a.8:0.05004;4.A.2.b.4.a.1:0.04499;4.A.4.a.1.b.5:0.05214;4.A.4.b.1.c.4:0.04930;4.A.4.b.4.h.2:0.16549;4.A.4.b.4.j.3:0.02205;4.A.4.b.4.j.39:0.02144;4.A.4.b.6.e.10:0.05226;4.A.4.c.2.a.3:0.02323
11-3051.00	Industrial Production Managers	工业生产经理	4	21	4.A.1.a.2.b.5:0.02479;4.A.1.a.2.h.3:0.04762;4.A.2.a.1.d.4:0.01653;4.A.2.a.1.e.3:0.02582;4.A.2.a.3.b.3:0.04762;4.A.2.a.4.g.12:0.06770;4.A.2.b.1.c.4:0.02292;4.A.2.b.1.i.1:0.01631;4.A.2.b.1.i.6:0.04762;4.A.2.b.3.a.8:0.04469;4.A.2.b.4.a.2:0.02582;4.A.2.b.4.a.4:0.01631;4.A.3.b.2.a.2:0.02299;4.A.3.b.2.c.1:0.02381;4.A.3.b.6.h.10:0.02395;4.A.3.b.6.n.4:0.04762;4.A.3.b.6.o.4:0.04762;4.A.3.b.6.o.6:0.02395;4.A.4.a.2.c.14:0.04778;4.A.4.a.5.e.2:0.04762;4.A.4.a.7.b.1:0.04546;4.A.4.b.3.d.16:0.01653;4.A.4.b.4.a.13:0.04762;4.A.4.b.4.g.3:0.04224;4.A.4.b.4.h.4:0.02292;4.A.4.b.4.j.1:0.02381;4.A.4.b.4.j.27:0.02215;4.A.4.b.4.j.3:0.02576;4.A.4.b.4.j.39:0.02576;4.A.4.b.6.e.7:0.02215;4.A.4.c.2.a.3:0.01653
11-3051.01	Quality Control Systems Managers	质量控制系统经理	4	27	4.A.1.a.1.b.15:0.03078;4.A.1.a.2.b.2:0.03658;4.A.1.a.2.b.5:0.04114;4.A.1.b.2.e.15:0.05382;4.A.2.a.1.e.3:0.07828;4.A.2.a.1.g.2:0.03107;4.A.2.a.3.a.4:0.04028;4.A.2.a.4.g.12:0.02009;4.A.2.a.4.g.9:0.01919;4.A.2.b.1.i.1:0.01796;4.A.2.b.3.a.8:0.03449;4.A.2.b.4.a.2:0.01796;4.A.2.b.4.a.4:0.03648;4.A.3.b.2.a.2:0.03876;4.A.3.b.6.h.30:0.07724;4.A.3.b.6.o.6:0.03734;4.A.4.a.1.b.3:0.01862;4.A.4.a.1.b.5:0.01862;4.A.4.a.2.c.14:0.05116;4.A.4.b.3.d.16:0.03905;4.A.4.b.4.a.13:0.03990;4.A.4.b.4.g.3:0.07391;4.A.4.b.4.h.4:0.03382;4.A.4.b.4.j.1:0.02190;4.A.4.b.4.j.39:0.03895;4.A.4.b.6.b.2:0.03344;4.A.4.b.6.e.7:0.01919
11-3051.02	Geothermal Production Managers	地热生产经理	3	17	4.A.1.a.2.a.8:0.11548;4.A.1.a.2.b.17:0.05863;4.A.1.b.1.b.6:0.05448;4.A.2.a.1.g.3:0.05596;4.A.2.b.1.i.1:0.02902;4.A.2.b.2.q.1:0.05774;4.A.3.b.5.a.11:0.08104;4.A.3.b.6.h.4:0.05715;4.A.3.b.6.m.4:0.09003;4.A.3.b.6.n.2:0.03184;4.A.4.a.2.a.2:0.06071;4.A.4.a.7.b.8:0.06175;4.A.4.b.4.a.19:0.06472;4.A.4.b.4.h.9:0.05833;4.A.4.b.4.j.10:0.06123;4.A.4.b.4.j.25:0.03221;4.A.4.b.4.j.27:0.02969
11-3051.03	Biofuels Production Managers	生物燃料生产经理	4	14	4.A.1.a.2.a.8:0.07430;4.A.2.a.1.e.3:0.06919;4.A.2.a.1.j.2:0.06268;4.A.2.a.3.b.2:0.07007;4.A.2.a.4.g.4:0.07482;4.A.3.a.3.g.4:0.14472;4.A.4.a.2.a.2:0.07553;4.A.4.b.3.d.11:0.03556;4.A.4.b.3.d.16:0.03556;4.A.4.b.4.a.19:0.15335;4.A.4.b.4.h.9:0.06268;4.A.4.b.4.j.10:0.10352;4.A.4.b.4.j.25:0.03803
11-3051.04	Biomass Power Plant Managers	生物质发电厂经理	4	19	4.A.1.a.2.a.5:0.02245;4.A.1.a.2.a.8:0.07997;4.A.1.a.2.b.17:0.10166;4.A.1.a.2.g.1:0.03159;4.A.1.b.2.b.1:0.01683;4.A.2.a.2.c.1:0.02681;4.A.2.a.3.a.4:0.02825;4.A.2.a.3.b.2:0.06168;4.A.2.a.4.b.8:0.02456;4.A.2.a.4.g.4:0.02456;4.A.2.b.5.a.4:0.01738;4.A.2.b.5.b.1:0.01738;4.A.3.a.1.k.10:0.03159;4.A.3.a.3.g.4:0.15598;4.A.3.a.3.j.1:0.02245;4.A.3.b.5.a.11:0.01683;4.A.3.b.5.a.13:0.01683;4.A.3.b.6.h.5:0.02681;4.A.4.a.2.a.2:0.04831;4.A.4.b.4.a.19:0.05636;4.A.4.b.4.h.9:0.05172;4.A.4.b.4.j.10:0.02811;4.A.4.b.4.j.25:0.04549;4.A.4.c.3.a.3:0.04640
11-3051.06	Hydroelectric Production Managers	水力发电生产经理	3	18	4.A.1.a.2.b.17:0.17278;4.A.2.a.3.b.2:0.02891;4.A.2.b.1.i.1:0.05237;4.A.2.b.2.q.1:0.02863;4.A.2.b.2.q.3:0.02716;4.A.2.b.5.a.4:0.05139;4.A.3.a.3.g.4:0.05685;4.A.3.b.2.f.13:0.02520;4.A.3.b.6.h.4:0.05825;4.A.4.a.2.a.2:0.05923;4.A.4.a.8.c.5:0.05069;4.A.4.b.4.h.9:0.05055;4.A.4.b.4.j.10:0.11061;4.A.4.b.4.j.25:0.11607;4.A.4.b.4.j.7:0.05797;4.A.4.b.6.c.3:0.05335
11-3061.00	Purchasing Managers	采购经理	4	18	4.A.1.a.1.w.1:0.04984;4.A.2.a.2.a.2:0.02866;4.A.2.a.3.c.5:0.05732;4.A.2.a.4.g.12:0.02777;4.A.2.a.4.g.9:0.02818;4.A.2.b.1.c.4:0.02866;4.A.2.b.1.i.1:0.02084;4.A.2.b.1.i.2:0.02777;4.A.2.b.4.a.1:0.02084;4.A.2.b.4.a.2:0.02084;4.A.2.b.5.b.1:0.04278;4.A.3.b.2.a.2:0.05485;4.A.3.b.6.a.2:0.13047;4.A.3.b.6.h.5:0.05485;4.A.3.b.6.m.4:0.05649;4.A.4.a.7.b.1:0.05485;4.A.4.a.7.c.1:0.05567;4.A.4.b.1.c.4:0.03106;4.A.4.b.3.d.16:0.01879;4.A.4.b.4.a.13:0.05773;4.A.4.b.4.h.2:0.05663;4.A.4.b.4.h.4:0.05636;4.A.4.c.2.a.3:0.01879
11-3071.00	Transportation, Storage, and Distribution Managers	运输仓储配送经理	4	30	4.A.1.a.1.w.1:0.01070;4.A.1.a.2.b.5:0.03346;4.A.1.a.2.f.1:0.03057;4.A.1.a.2.f.6:0.03449;4.A.1.a.2.k.4:0.03261;4.A.1.b.2.e.15:0.01831;4.A.2.a.3.c.5:0.03134;4.A.2.a.4.g.12:0.03399;4.A.2.a.4.g.8:0.01667;4.A.2.a.4.k.5:0.01592;4.A.2.a.4.k.7:0.04998;4.A.2.b.1.c.4:0.03333;4.A.2.b.1.i.1:0.09217;4.A.2.b.1.i.2:0.02777;4.A.2.b.2.e.2:0.01844;4.A.2.b.2.p.4:0.01724;4.A.2.b.2.q.1:0.01045;4.A.2.b.4.a.2:0.01667;4.A.3.b.2.b.1:0.01511;4.A.3.b.6.h.30:0.01724;4.A.3.b.6.h.5:0.03151;4.A.4.a.2.c.14:0.09878;4.A.4.a.7.b.4:0.03040;4.A.4.a.8.c.5:0.03466;4.A.4.b.3.d.16:0.01070;4.A.4.b.4.a.13:0.07527;4.A.4.b.4.h.4:0.03321;4.A.4.b.4.j.39:0.03333;4.A.4.b.6.e.10:0.03261;4.A.4.c.2.a.3:0.01070;4.A.4.c.3.e.3:0.01831;4.A.4.c.3.g.4:0.03406
11-3071.04	Supply Chain Managers	供应链经理	4	30	4.A.1.a.1.j.7:0.04787;4.A.1.a.2.f.1:0.03630;4.A.1.a.2.h.3:0.03381;4.A.1.b.1.b.1:0.05890;4.A.2.a.1.e.3:0.01530;4.A.2.a.1.g.3:0.02582;4.A.2.a.4.g.12:0.03731;4.A.2.a.4.g.9:0.03675;4.A.2.b.1.h.3:0.01948;4.A.2.b.1.h.8:0.05054;4.A.2.b.1.i.1:0.11196;4.A.2.b.1.i.2:0.03777;4.A.2.b.2.q.3:0.04677;4.A.2.b.2.v.2:0.01884;4.A.2.b.4.a.2:0.05426;4.A.2.b.4.a.4:0.01815;4.A.3.b.2.f.13:0.03464;4.A.3.b.6.h.30:0.06193;4.A.4.a.2.c.14:0.07048;4.A.4.a.7.b.4:0.03721;4.A.4.b.1.c.4:0.03630;4.A.4.b.4.j.12:0.07103;4.A.4.c.3.a.3:0.03859
11-3111.00	Compensation and Benefits Managers	薪酬福利经理	4	22	4.A.1.a.2.h.3:0.02622;4.A.2.a.1.b.1:0.05196;4.A.2.a.2.c.1:0.02053;4.A.2.a.4.g.11:0.06434;4.A.2.b.1.h.3:0.04106;4.A.2.b.3.a.8:0.04141;4.A.2.b.4.a.1:0.02264;4.A.2.b.4.a.2:0.04545;4.A.3.b.6.a.2:0.01799;4.A.3.b.6.h.10:0.02053;4.A.3.b.6.h.30:0.04610;4.A.3.b.6.n.2:0.01799;4.A.3.b.6.n.4:0.01799;4.A.4.a.2.c.9:0.04915;4.A.4.a.7.b.1:0.03636;4.A.4.a.7.b.3:0.04375;4.A.4.b.1.c.9:0.03284;4.A.4.b.3.d.16:0.04528;4.A.4.b.4.a.13:0.02381;4.A.4.b.4.f.4:0.12880;4.A.4.b.4.h.4:0.04446;4.A.4.b.6.e.7:0.02282;4.A.4.b.6.h.4:0.03519;4.A.4.c.2.b.2:0.10334
11-3121.00	Human Resources Managers	人力资源经理	4	26	4.A.1.a.1.u.4:0.02048;4.A.1.a.1.w.1:0.05109;4.A.2.a.2.c.1:0.01920;4.A.2.a.4.g.11:0.04095;4.A.2.a.4.g.12:0.02073;4.A.2.b.1.h.3:0.03583;4.A.2.b.3.a.8:0.03450;4.A.3.b.6.h.10:0.01920;4.A.3.b.6.n.2:0.02048;4.A.4.a.1.b.3:0.03767;4.A.4.a.2.c.9:0.04791;4.A.4.a.7.b.1:0.02488;4.A.4.a.7.b.3:0.04433;4.A.4.b.1.c.9:0.04515;4.A.4.b.1.e.3:0.01633;4.A.4.b.3.d.16:0.04187;4.A.4.b.4.a.13:0.02329;4.A.4.b.4.f.4:0.22927;4.A.4.b.4.h.4:0.03993;4.A.4.b.6.e.7:0.02211;4.A.4.b.6.g.6:0.02232;4.A.4.b.6.h.4:0.02211;4.A.4.c.2.a.3:0.03675;4.A.4.c.2.a.5:0.01382;4.A.4.c.2.b.1:0.01454;4.A.4.c.2.b.2:0.04075;4.A.4.c.2.b.3:0.01454
11-3131.00	Training and Development Managers	培训与发展经理	4	12	4.A.1.a.1.n.4:0.14209;4.A.1.a.2.k.10:0.03429;4.A.2.a.1.b.1:0.03057;4.A.2.a.1.b.6:0.06486;4.A.2.a.1.d.4:0.03057;4.A.2.b.2.o.14:0.04291;4.A.3.b.2.f.13:0.07951;4.A.3.b.6.l.10:0.04291;4.A.4.a.2.c.14:0.04512;4.A.4.b.1.e.3:0.05911;4.A.4.b.3.d.16:0.29806;4.A.4.b.4.f.4:0.04586;4.A.4.b.4.h.4:0.08414
11-9013.00	Farmers, Ranchers, and Other Agricultural Managers	农场主、牧场主及农业经理	4	30	4.A.1.a.2.b.3:0.03333;4.A.1.a.2.k.4:0.03333;4.A.1.b.2.c.1:0.03213;4.A.1.b.2.e.15:0.01676;4.A.1.b.2.i.2:0.01667;4.A.2.a.1.e.2:0.03333;4.A.2.a.2.c.1:0.01922;4.A.2.a.4.g.12:0.02971;4.A.2.a.4.k.5:0.01181;4.A.2.b.1.h.5:0.01181;4.A.2.b.1.h.6:0.03333;4.A.2.b.2.c.3:0.03333;4.A.2.b.2.p.4:0.01181;4.A.2.b.4.a.1:0.01667;4.A.3.a.1.q.2:0.06116;4.A.3.b.2.f.18:0.03455;4.A.3.b.5.a.13:0.01676;4.A.3.b.6.h.10:0.01667;4.A.3.b.6.h.5:0.03589;4.A.3.b.6.n.2:0.01706;4.A.3.b.6.n.4:0.01706;4.A.4.a.7.b.1:0.01624;4.A.4.a.7.b.4:0.01624;4.A.4.b.3.d.16:0.01111;4.A.4.b.4.a.13:0.01111;4.A.4.b.4.c.2:0.24358;4.A.4.b.4.c.3:0.01667;4.A.4.b.4.i.7:0.02669;4.A.4.b.4.j.17:0.01106;4.A.4.b.4.j.3:0.01106;4.A.4.b.4.j.39:0.02772;4.A.4.b.6.b.2:0.03170;4.A.4.c.1.c.2:0.01667;4.A.4.c.2.a.3:0.01111;4.A.4.c.3.e.3:0.01667
11-9021.00	Construction Managers	建筑施工经理	4	25	4.A.1.a.1.b.11:0.04301;4.A.1.a.1.u.4:0.02099;4.A.1.a.2.k.10:0.06794;4.A.1.b.3.b.5:0.01985;4.A.2.a.1.j.2:0.01985;4.A.2.a.3.b.2:0.03845;4.A.2.a.4.g.6:0.01959;4.A.2.a.4.g.8:0.01959;4.A.2.b.1.h.3:0.04405;4.A.2.b.1.i.1:0.04104;4.A.2.b.2.g.2:0.01814;4.A.2.b.2.q.3:0.02975;4.A.2.b.4.a.2:0.02280;4.A.3.b.2.f.13:0.02291;4.A.3.b.6.a.2:0.04561;4.A.3.b.6.m.4:0.06146;4.A.4.a.1.b.3:0.02099;4.A.4.a.1.b.5:0.02099;4.A.4.a.7.b.11:0.06509;4.A.4.b.3.d.11:0.03172;4.A.4.b.4.a.13:0.04509;4.A.4.b.4.h.9:0.02995;4.A.4.b.4.i.7:0.12837;4.A.4.b.4.j.27:0.02151;4.A.4.c.2.a.5:0.03317;4.A.4.c.3.e.3:0.06810
11-9031.00	Education and Childcare Administrators, Preschool and Daycare	学前教育与托育管理人员	4	17	4.A.1.a.2.f.1:0.06203;4.A.1.a.2.k.10:0.02012;4.A.2.a.1.b.1:0.02012;4.A.2.a.1.d.4:0.02202;4.A.2.a.4.g.8:0.05408;4.A.2.b.1.c.4:0.03115;4.A.2.b.1.h.3:0.03074;4.A.2.b.1.h.5:0.03074;4.A.2.b.2.e.2:0.02948;4.A.2.b.2.j.1:0.04921;4.A.2.b.2.l.10:0.02885;4.A.2.b.4.a.1:0.02885;4.A.2.b.4.a.2:0.02948;4.A.3.b.6.a.2:0.02871;4.A.3.b.6.g.4:0.02871;4.A.3.b.6.h.5:0.02007;4.A.3.b.6.n.4:0.02007;4.A.4.a.3.b.3:0.02453;4.A.4.b.1.c.1:0.02453;4.A.4.b.3.b.2:0.06356;4.A.4.b.3.d.16:0.02202;4.A.4.b.4.a.13:0.11500;4.A.4.b.4.h.5:0.03115;4.A.4.b.4.j.39:0.07736;4.A.4.b.6.e.10:0.02012;4.A.4.b.6.g.6:0.06524;4.A.4.c.2.a.5:0.02202
11-9032.00	Education Administrators, Kindergarten through Secondary	中小学教育管理人员	5	32	4.A.1.a.1.n.4:0.01538;4.A.1.a.2.k.10:0.01675;4.A.2.a.1.b.1:0.01675;4.A.2.a.1.c.4:0.01634;4.A.2.a.4.g.12:0.01634;4.A.2.a.4.g.8:0.01538;4.A.2.b.1.c.4:0.01630;4.A.2.b.2.e.2:0.01434;4.A.2.b.2.j.1:0.02569;4.A.2.b.2.l.10:0.13365;4.A.2.b.3.a.8:0.01447;4.A.2.b.4.a.1:0.01704;4.A.2.b.4.a.2:0.02872;4.A.2.b.5.a.4:0.01750;4.A.3.b.6.a.2:0.01571;4.A.3.b.6.g.4:0.01571;4.A.3.b.6.h.10:0.01006;4.A.3.b.6.m.4:0.01359;4.A.3.b.6.o.6:0.01006;4.A.4.a.2.f.1:0.01334;4.A.4.a.4.a.4:0.02810;4.A.4.a.6.c.12:0.03051;4.A.4.b.1.c.6:0.01447;4.A.4.b.1.e.3:0.01526;4.A.4.b.1.e.6:0.02636;4.A.4.b.2.a.5:0.08127;4.A.4.b.3.b.2:0.03060;4.A.4.b.3.d.16:0.04442;4.A.4.b.4.a.13:0.06734;4.A.4.b.4.b.1:0.01334;4.A.4.b.4.h.4:0.01630;4.A.4.b.4.j.27:0.02652;4.A.4.b.4.j.39:0.02444;4.A.4.b.6.e.10:0.02918;4.A.4.b.6.e.7:0.01359;4.A.4.b.6.g.6:0.05450;4.A.4.c.2.a.3:0.01158;4.A.4.c.2.a.5:0.01158;4.A.4.c.2.b.1:0.01750
11-9033.00	Education Administrators, Postsecondary	高等教育管理人员	5	27	4.A.1.a.2.f.3:0.01773;4.A.2.a.1.c.2:0.02038;4.A.2.a.1.c.3:0.02038;4.A.2.a.1.d.4:0.04082;4.A.2.a.4.g.12:0.01763;4.A.2.b.2.l.10:0.02099;4.A.2.b.4.a.1:0.01898;4.A.2.b.4.a.2:0.05715;4.A.2.b.5.a.4:0.03796;4.A.3.b.6.a.2:0.01923;4.A.3.b.6.g.4:0.01533;4.A.3.b.6.m.4:0.01893;4.A.3.b.6.o.1:0.01873;4.A.3.b.6.o.2:0.01873;4.A.4.a.2.c.14:0.05229;4.A.4.b.1.c.1:0.03917;4.A.4.b.1.c.9:0.07493;4.A.4.b.1.e.3:0.02965;4.A.4.b.1.e.6:0.03195;4.A.4.b.1.f.2:0.01903;4.A.4.b.3.b.2:0.03576;4.A.4.b.3.d.16:0.01329;4.A.4.b.4.a.13:0.01973;4.A.4.b.4.b.1:0.03676;4.A.4.b.4.f.4:0.02109;4.A.4.b.4.h.4:0.01923;4.A.4.b.4.j.12:0.04658;4.A.4.b.4.j.17:0.07453;4.A.4.b.6.e.7:0.02099;4.A.4.b.6.g.2:0.01773;4.A.4.b.6.g.6:0.03907;4.A.4.c.2.a.3:0.01329;4.A.4.c.2.a.5:0.05195
11-9041.00	Architectural and Engineering Managers	建筑与工程经理	5	19	4.A.1.a.1.j.6:0.05127;4.A.1.a.1.j.7:0.04781;4.A.2.a.1.j.2:0.04928;4.A.2.a.4.b.1:0.01783;4.A.2.a.4.b.8:0.01783;4.A.2.a.4.i.3:0.04577;4.A.2.b.1.c.4:0.06962;4.A.2.b.1.i.1:0.04184;4.A.2.b.2.q.3:0.02438;4.A.2.b.2.v.2:0.04970;4.A.2.b.4.a.1:0.01746;4.A.2.b.4.a.2:0.04223;4.A.3.b.6.a.2:0.04375;4.A.4.a.1.b.5:0.05442;4.A.4.a.2.c.14:0.05363;4.A.4.a.3.b.3:0.01499;4.A.4.a.6.c.12:0.01499;4.A.4.a.7.b.11:0.06040;4.A.4.b.1.c.1:0.01499;4.A.4.b.4.f.4:0.04954;4.A.4.b.4.h.4:0.02729;4.A.4.b.4.i.7:0.09177;4.A.4.b.4.j.12:0.03146;4.A.4.b.4.j.27:0.05127;4.A.4.c.3.e.3:0.01646
11-9041.01	Biofuels/Biodiesel Technology and Product Development Managers	生物燃料技术与产品开发经理	4	18	4.A.1.b.2.b.1:0.21916;4.A.2.a.4.g.4:0.06215;4.A.2.a.4.g.6:0.05714;4.A.2.b.2.q.1:0.06137;4.A.3.b.2.a.2:0.05949;4.A.3.b.2.f.11:0.36678;4.A.4.a.2.a.2:0.05761;4.A.4.b.4.a.19:0.06027;4.A.4.b.4.j.10:0.05604
11-9051.00	Food Service Managers	餐饮服务经理	2	28	4.A.1.a.2.b.5:0.03577;4.A.1.a.2.f.6:0.04090;4.A.1.a.2.k.4:0.03525;4.A.2.a.1.d.4:0.01831;4.A.2.a.1.e.3:0.05352;4.A.2.a.4.g.12:0.05010;4.A.2.b.1.h.5:0.01797;4.A.2.b.1.h.8:0.03585;4.A.2.b.2.d.1:0.01626;4.A.2.b.2.d.2:0.01626;4.A.2.b.4.a.1:0.03885;4.A.2.b.5.a.2:0.01634;4.A.2.b.5.a.4:0.01472;4.A.2.b.5.b.1:0.01852;4.A.3.b.5.a.13:0.03722;4.A.3.b.6.h.5:0.05275;4.A.3.b.6.n.4:0.03808;4.A.4.a.3.c.9:0.03953;4.A.4.a.5.j.9:0.01634;4.A.4.a.7.b.1:0.01472;4.A.4.a.8.c.5:0.03756;4.A.4.b.1.f.2:0.03782;4.A.4.b.4.f.4:0.01831;4.A.4.b.4.h.5:0.03714;4.A.4.b.4.j.11:0.07068;4.A.4.b.4.j.27:0.03423;4.A.4.b.6.e.7:0.01733;4.A.4.b.6.f.2:0.02892;4.A.4.c.2.a.5:0.01797;4.A.4.c.3.a.3:0.01878;4.A.4.c.3.d.3:0.03902;4.A.4.c.3.e.3:0.03500
11-9071.00	Gambling Managers	博彩经理	2	19	4.A.1.a.1.w.1:0.02573;4.A.1.a.2.c.4:0.05406;4.A.1.a.2.f.6:0.05492;4.A.2.a.1.d.4:0.02616;4.A.2.a.2.c.1:0.05282;4.A.2.a.3.c.1:0.05233;4.A.2.b.3.a.8:0.05270;4.A.2.b.4.a.1:0.04985;4.A.2.b.4.a.6:0.05406;4.A.3.a.1.k.10:0.02765;4.A.3.b.6.h.10:0.02653;4.A.4.a.1.b.3:0.05393;4.A.4.a.6.c.12:0.05171;4.A.4.a.8.c.5:0.05678;4.A.4.b.1.b.2:0.05072;4.A.4.b.1.f.2:0.02653;4.A.4.b.3.d.16:0.02616;4.A.4.b.4.j.11:0.05096;4.A.4.b.4.k.4:0.02765;4.A.4.c.2.a.3:0.02573;4.A.4.c.3.d.3:0.05171;4.A.4.c.3.g.5:0.10131
11-9072.00	Entertainment and Recreation Managers, Except Gambling	娱乐休闲经理（不含博彩）	4	17	4.A.1.b.2.e.15:0.06063;4.A.2.a.2.d.1:0.06137;4.A.2.b.4.a.1:0.02728;4.A.2.b.6.a.2:0.06315;4.A.2.b.6.a.4:0.02943;4.A.3.a.1.c.12:0.02825;4.A.3.a.1.c.4:0.02825;4.A.3.a.4.a.6:0.02396;4.A.3.b.6.a.2:0.06551;4.A.4.a.1.a.2:0.02396;4.A.4.a.1.b.4:0.05945;4.A.4.a.2.c.20:0.06448;4.A.4.a.2.e.3:0.02728;4.A.4.a.3.c.3:0.09472;4.A.4.a.5.c.11:0.05664;4.A.4.a.8.c.5:0.05708;4.A.4.b.1.f.6:0.05930;4.A.4.b.3.b.4:0.02943;4.A.4.b.3.d.20:0.02847;4.A.4.c.2.a.2:0.02995;4.A.4.c.2.a.3:0.02995;4.A.4.c.3.a.4:0.05146
11-9081.00	Lodging Managers	住宿业经理	4	24	4.A.1.a.1.w.1:0.02082;4.A.1.a.2.b.2:0.04446;4.A.1.a.2.c.4:0.04497;4.A.1.a.2.f.1:0.01469;4.A.1.a.2.f.6:0.01469;4.A.1.b.2.e.15:0.04326;4.A.2.a.1.d.4:0.01469;4.A.2.b.1.i.1:0.01358;4.A.2.b.4.a.1:0.01358;4.A.2.b.4.a.2:0.01358;4.A.2.b.5.b.1:0.02072;4.A.3.a.1.l.1:0.01997;4.A.3.b.5.a.13:0.03792;4.A.3.b.6.h.30:0.04044;4.A.3.b.6.h.5:0.02042;4.A.4.a.2.c.14:0.04507;4.A.4.a.3.c.9:0.10346;4.A.4.a.6.c.12:0.03984;4.A.4.a.8.c.5:0.04471;4.A.4.b.1.c.6:0.04456;4.A.4.b.1.f.2:0.04255;4.A.4.b.3.d.16:0.04436;4.A.4.b.4.h.5:0.04527;4.A.4.b.4.j.11:0.03953;4.A.4.b.4.j.17:0.02193;4.A.4.c.2.a.3:0.02082;4.A.4.c.3.c.4:0.01997;4.A.4.c.3.d.3:0.06227;4.A.4.c.3.e.3:0.04788
11-9111.00	Medical and Health Services Managers	医疗卫生服务经理	4	18	4.A.1.a.2.b.2:0.02675;4.A.1.a.2.f.1:0.02871;4.A.1.b.2.e.15:0.02626;4.A.2.a.1.d.4:0.03094;4.A.2.a.4.c.3:0.02675;4.A.2.b.1.i.1:0.08997;4.A.2.b.2.b.2:0.03011;4.A.2.b.2.v.2:0.02766;4.A.2.b.3.a.8:0.05812;4.A.2.b.4.a.1:0.01825;4.A.2.b.4.a.2:0.01825;4.A.3.b.2.f.13:0.02766;4.A.3.b.6.h.5:0.03011;4.A.3.b.6.o.6:0.05281;4.A.4.a.2.c.9:0.05644;4.A.4.b.1.c.6:0.04918;4.A.4.b.1.f.2:0.05742;4.A.4.b.3.d.16:0.08620;4.A.4.b.4.a.13:0.03094;4.A.4.b.4.f.4:0.01961;4.A.4.b.4.h.2:0.02906;4.A.4.b.4.h.4:0.02906;4.A.4.b.4.j.12:0.05686;4.A.4.b.6.h.4:0.02626;4.A.4.c.2.a.3:0.01895;4.A.4.c.2.a.5:0.01895;4.A.4.c.3.g.5:0.02871
11-9121.00	Natural Sciences Managers	自然科学经理	5	16	4.A.1.a.1.p.3:0.02907;4.A.1.a.1.t.4:0.02907;4.A.1.a.2.e.4:0.03426;4.A.2.a.1.d.4:0.02366;4.A.2.a.4.g.12:0.03368;4.A.2.b.1.c.4:0.01943;4.A.2.b.1.i.1:0.02037;4.A.2.b.2.v.2:0.06456;4.A.2.b.4.a.1:0.02037;4.A.2.b.4.a.2:0.04348;4.A.2.b.4.a.4:0.06201;4.A.3.b.6.a.2:0.01943;4.A.3.b.6.g.4:0.06357;4.A.3.b.6.o.6:0.03368;4.A.4.a.1.b.5:0.03269;4.A.4.a.3.b.3:0.05336;4.A.4.a.4.a.4:0.03269;4.A.4.b.1.c.6:0.06637;4.A.4.b.3.d.16:0.02717;4.A.4.b.4.a.13:0.02366;4.A.4.b.4.f.4:0.02940;4.A.4.b.4.h.4:0.01943;4.A.4.b.4.j.12:0.02311;4.A.4.b.4.j.39:0.05794;4.A.4.b.6.c.4:0.03426;4.A.4.b.6.h.4:0.05023;4.A.4.c.2.a.3:0.02366;4.A.4.c.2.a.5:0.02940
11-9121.01	Clinical Research Coordinators	临床研究协调员	4	33	4.A.1.a.1.w.1:0.08233;4.A.1.a.2.f.6:0.03324;4.A.1.a.2.k.4:0.03339;4.A.2.a.3.c.1:0.03024;4.A.2.a.4.c.3:0.03247;4.A.2.a.4.f.5:0.01093;4.A.2.a.4.g.14:0.03270;4.A.2.a.4.g.5:0.01566;4.A.2.b.2.j.1:0.02516;4.A.2.b.3.a.8:0.02678;4.A.2.b.4.a.4:0.02878;4.A.2.b.5.a.4:0.06402;4.A.3.a.1.a.7:0.01093;4.A.3.b.1.f.8:0.01566;4.A.3.b.2.b.1:0.02601;4.A.3.b.6.h.5:0.03139;4.A.3.b.6.n.4:0.04959;4.A.3.b.6.o.6:0.03393;4.A.4.a.1.b.5:0.03370;4.A.4.a.2.c.14:0.04186;4.A.4.a.6.c.12:0.02478;4.A.4.b.1.c.1:0.01674;4.A.4.b.1.c.4:0.02832;4.A.4.b.1.c.6:0.08964;4.A.4.b.3.d.16:0.03086;4.A.4.b.3.e.2:0.01093;4.A.4.b.4.h.5:0.02370;4.A.4.b.4.j.12:0.03116;4.A.4.b.6.b.2:0.02870;4.A.4.c.1.a.6:0.02678;4.A.4.c.3.e.3:0.02962
11-9121.02	Water Resource Specialists	水资源专家	4	21	4.A.1.a.1.j.6:0.04591;4.A.1.a.2.k.4:0.02275;4.A.1.b.1.b.1:0.09468;4.A.1.b.2.b.1:0.13753;4.A.2.a.1.e.3:0.02275;4.A.2.a.1.j.2:0.04849;4.A.2.a.2.c.1:0.06873;4.A.2.a.3.b.2:0.02656;4.A.2.a.4.e.7:0.05175;4.A.2.b.1.i.1:0.02133;4.A.2.b.2.g.2:0.10174;4.A.2.b.2.q.3:0.04469;4.A.3.b.2.f.13:0.02133;4.A.3.b.6.g.4:0.07423;4.A.3.b.6.h.5:0.02323;4.A.4.a.3.b.2:0.02425;4.A.4.a.7.b.8:0.04075;4.A.4.b.4.a.19:0.04075;4.A.4.b.6.c.3:0.04781;4.A.4.c.3.g.5:0.04075
11-9131.00	Postmasters and Mail Superintendents	邮政局长与邮政主管	2	13	4.A.2.a.1.d.4:0.02752;4.A.3.b.6.o.6:0.08052;4.A.4.a.3.c.9:0.07381;4.A.4.a.7.b.3:0.07046;4.A.4.a.8.c.5:0.08481;4.A.4.b.1.c.4:0.06244;4.A.4.b.1.f.2:0.17167;4.A.4.b.3.d.16:0.06573;4.A.4.b.4.j.17:0.04185;4.A.4.b.4.j.39:0.12852;4.A.4.c.2.a.3:0.06573;4.A.4.c.3.d.3:0.12693
11-9141.00	Property, Real Estate, and Community Association Managers	物业与社区协会经理	4	26	4.A.1.b.2.e.15:0.04065;4.A.2.a.1.a.3:0.03283;4.A.2.a.1.d.4:0.02013;4.A.2.a.4.g.8:0.03090;4.A.2.a.4.k.5:0.04132;4.A.2.a.4.k.6:0.03669;4.A.3.b.5.a.13:0.04104;4.A.3.b.6.a.2:0.03450;4.A.3.b.6.h.5:0.03592;4.A.3.b.6.m.4:0.05246;4.A.4.a.1.b.5:0.03659;4.A.4.a.2.c.14:0.04026;4.A.4.a.2.c.9:0.04142;4.A.4.a.6.c.12:0.07724;4.A.4.a.7.b.1:0.05420;4.A.4.a.7.b.11:0.03244;4.A.4.a.8.c.5:0.03978;4.A.4.b.1.c.1:0.05069;4.A.4.b.1.c.6:0.05349;4.A.4.b.4.a.13:0.02013;4.A.4.b.4.h.2:0.04326;4.A.4.b.4.h.4:0.02143;4.A.4.b.4.i.7:0.02143;4.A.4.b.4.j.27:0.04326;4.A.4.b.4.j.39:0.02182;4.A.4.c.3.e.3:0.03611
11-9151.00	Social and Community Service Managers	社会与社区服务经理	4	16	4.A.1.a.1.n.4:0.03344;4.A.1.a.1.w.1:0.02102;4.A.1.a.2.f.1:0.06895;4.A.2.a.1.b.6:0.03089;4.A.2.a.4.b.8:0.06209;4.A.2.a.4.i.3:0.05810;4.A.2.b.4.a.1:0.06816;4.A.2.b.4.a.2:0.03488;4.A.3.b.6.a.2:0.03360;4.A.3.b.6.h.5:0.03360;4.A.4.a.4.a.4:0.06464;4.A.4.a.6.c.12:0.05459;4.A.4.a.8.c.5:0.03344;4.A.4.b.1.c.9:0.05395;4.A.4.b.1.e.3:0.05379;4.A.4.b.4.a.13:0.06959;4.A.4.b.4.f.4:0.03089;4.A.4.b.4.h.4:0.05794;4.A.4.b.4.j.17:0.03488;4.A.4.b.6.h.4:0.05954;4.A.4.c.2.a.3:0.02102;4.A.4.c.2.a.5:0.02102
11-9161.00	Emergency Management Directors	应急管理主任	4	23	4.A.1.a.1.n.4:0.04398;4.A.1.a.2.k.10:0.02256;4.A.1.b.2.e.15:0.04567;4.A.2.a.1.b.1:0.02334;4.A.2.b.1.i.1:0.01562;4.A.2.b.2.e.2:0.01562;4.A.2.b.2.p.4:0.17475;4.A.2.b.3.a.8:0.11176;4.A.3.b.6.g.4:0.01945;4.A.3.b.6.h.5:0.04917;4.A.3.b.6.l.10:0.02306;4.A.3.b.6.n.2:0.04917;4.A.3.b.6.o.6:0.01945;4.A.4.a.1.b.3:0.01506;4.A.4.a.2.c.14:0.04613;4.A.4.a.3.b.3:0.04004;4.A.4.a.4.a.4:0.05052;4.A.4.b.1.c.1:0.02616;4.A.4.b.1.c.6:0.02616;4.A.4.b.1.e.3:0.04996;4.A.4.b.3.c.2:0.03812;4.A.4.b.6.e.7:0.04139;4.A.4.b.6.h.4:0.03778;4.A.4.c.3.a.3:0.01506
11-9171.00	Funeral Home Managers	殡仪馆经理	3	23	4.A.1.a.1.w.1:0.02005;4.A.1.a.2.f.1:0.03814;4.A.1.a.2.k.4:0.04950;4.A.2.a.1.d.5:0.03978;4.A.2.a.4.b.8:0.03726;4.A.2.a.4.g.12:0.02022;4.A.2.a.4.k.7:0.02022;4.A.2.b.1.i.1:0.03972;4.A.2.b.2.c.3:0.01814;4.A.2.b.2.v.2:0.03879;4.A.2.b.4.a.2:0.02158;4.A.2.b.4.a.6:0.04098;4.A.2.b.5.a.4:0.05202;4.A.3.a.1.j.5:0.01668;4.A.3.b.6.h.5:0.02415;4.A.3.b.6.n.2:0.02415;4.A.3.b.6.n.7:0.01668;4.A.4.a.1.b.3:0.04196;4.A.4.a.4.a.4:0.03858;4.A.4.a.6.c.12:0.04710;4.A.4.a.7.b.1:0.04207;4.A.4.a.8.c.5:0.04251;4.A.4.b.1.f.2:0.04142;4.A.4.b.1.g.1:0.01668;4.A.4.b.4.a.13:0.04907;4.A.4.b.4.j.27:0.03945;4.A.4.b.6.b.2:0.05300;4.A.4.b.6.j.3:0.05005;4.A.4.c.2.a.3:0.02005
11-9179.01	Fitness and Wellness Coordinators	健身与健康协调员	4	24	4.A.1.a.1.n.4:0.04095;4.A.2.a.1.b.1:0.08287;4.A.2.a.4.g.11:0.03485;4.A.2.b.1.i.1:0.02200;4.A.2.b.2.c.3:0.04018;4.A.2.b.5.a.4:0.02428;4.A.3.b.5.a.13:0.04487;4.A.3.b.6.h.10:0.02428;4.A.3.b.6.h.9:0.04606;4.A.3.b.6.l.10:0.04312;4.A.4.a.3.b.3:0.07307;4.A.4.b.1.e.3:0.03441;4.A.4.b.1.e.6:0.08570;4.A.4.b.3.b.2:0.08156;4.A.4.b.3.d.11:0.03594;4.A.4.b.3.d.16:0.04574;4.A.4.b.4.a.13:0.06610;4.A.4.b.4.h.4:0.02200;4.A.4.b.4.j.11:0.04715;4.A.4.b.6.a.1:0.03746;4.A.4.b.6.e.7:0.04737;4.A.4.c.2.a.3:0.02004
11-9179.02	Spa Managers	水疗馆经理	3	21	4.A.1.a.2.b.3:0.04887;4.A.1.b.2.g.18:0.04876;4.A.2.a.1.d.4:0.04922;4.A.2.a.2.e.5:0.04876;4.A.2.b.2.v.3:0.11372;4.A.2.b.3.a.16:0.04389;4.A.2.b.5.a.1:0.05049;4.A.2.b.5.c.1:0.04609;4.A.3.b.6.h.6:0.04771;4.A.3.b.6.j.3:0.05107;4.A.4.a.6.b.5:0.04540;4.A.4.a.8.c.5:0.05373;4.A.4.b.1.f.6:0.04771;4.A.4.b.3.d.20:0.09311;4.A.4.b.4.a.4:0.02397;4.A.4.b.4.h.1:0.04864;4.A.4.b.4.j.27:0.04412;4.A.4.c.2.b.1:0.04794;4.A.4.c.3.a.4:0.02339;4.A.4.c.3.e.1:0.02339
11-9199.01	Regulatory Affairs Managers	法规事务经理	4	27	4.A.1.a.1.j.7:0.02988;4.A.1.a.2.b.5:0.01834;4.A.1.a.2.h.3:0.06321;4.A.1.a.2.k.4:0.03323;4.A.2.a.1.g.3:0.01226;4.A.2.a.3.a.1:0.03783;4.A.2.a.3.a.4:0.04415;4.A.2.b.1.i.1:0.04778;4.A.2.b.2.v.2:0.01204;4.A.2.b.3.a.8:0.03917;4.A.2.b.4.a.1:0.01277;4.A.2.b.4.a.2:0.14686;4.A.2.b.4.a.4:0.03745;4.A.3.b.6.n.2:0.02141;4.A.3.b.6.n.4:0.02141;4.A.4.a.1.b.3:0.03956;4.A.4.a.2.c.14:0.03295;4.A.4.a.4.a.4:0.03122;4.A.4.b.1.c.4:0.04243;4.A.4.b.1.c.6:0.01226;4.A.4.b.1.c.9:0.04176;4.A.4.b.1.f.2:0.01204;4.A.4.b.1.g.1:0.01264;4.A.4.b.1.g.3:0.01264;4.A.4.b.3.d.16:0.03582;4.A.4.b.4.g.3:0.09568;4.A.4.b.4.h.4:0.01204;4.A.4.b.6.h.4:0.04118
11-9199.02	Compliance Managers	合规经理	4	29	4.A.1.a.2.b.5:0.01554;4.A.1.a.2.k.1:0.03850;4.A.1.a.2.k.10:0.03588;4.A.1.a.2.k.4:0.03466;4.A.2.a.2.a.1:0.01187;4.A.2.a.3.a.1:0.03108;4.A.2.a.3.b.2:0.04754;4.A.2.a.3.b.3:0.03222;4.A.2.a.3.c.1:0.03492;4.A.2.a.4.c.3:0.01768;4.A.2.b.1.i.1:0.02899;4.A.2.b.2.b.2:0.02995;4.A.2.b.2.p.4:0.01768;4.A.2.b.3.a.3:0.01164;4.A.2.b.3.a.7:0.01164;4.A.2.b.3.a.8:0.01164;4.A.2.b.4.a.1:0.02737;4.A.2.b.4.a.2:0.02864;4.A.3.b.6.n.2:0.03510;4.A.3.b.6.n.4:0.07430;4.A.4.a.1.b.3:0.06613;4.A.4.a.2.b.1:0.03361;4.A.4.a.2.c.14:0.06915;4.A.4.a.2.c.9:0.03571;4.A.4.b.1.c.1:0.03929;4.A.4.b.3.d.16:0.03580;4.A.4.b.4.g.3:0.01152;4.A.4.b.4.j.34:0.01554;4.A.4.b.4.j.7:0.02951;4.A.4.b.6.e.10:0.03440;4.A.4.b.6.h.4:0.05251
11-9199.08	Loss Prevention Managers	防损经理	4	27	4.A.1.a.1.c.3:0.02135;4.A.1.a.1.c.7:0.02135;4.A.1.a.1.w.1:0.04094;4.A.1.a.2.b.5:0.03216;4.A.1.a.2.c.4:0.03499;4.A.1.a.2.k.10:0.03704;4.A.1.a.2.k.4:0.03713;4.A.1.b.2.e.15:0.03713;4.A.2.a.3.c.1:0.05619;4.A.2.a.3.c.5:0.04172;4.A.2.a.4.c.3:0.01974;4.A.2.a.4.g.8:0.03694;4.A.2.b.1.h.5:0.03752;4.A.2.b.2.b.2:0.02768;4.A.2.b.2.p.4:0.03947;4.A.2.b.4.a.2:0.01974;4.A.3.b.6.h.5:0.03762;4.A.4.a.4.a.4:0.03801;4.A.4.b.1.c.1:0.03616;4.A.4.b.3.d.16:0.04133;4.A.4.b.4.a.13:0.01925;4.A.4.b.4.k.2:0.16477;4.A.4.b.6.e.10:0.02982;4.A.4.b.6.e.7:0.03431;4.A.4.b.6.h.4:0.03840;4.A.4.c.2.a.3:0.01925
11-9199.09	Wind Energy Operations Managers	风能运营经理	3	16	4.A.1.b.3.b.5:0.06261;4.A.2.b.1.c.4:0.02871;4.A.2.b.2.q.1:0.05570;4.A.2.b.2.v.2:0.06088;4.A.3.b.6.h.4:0.19018;4.A.4.a.4.a.4:0.06339;4.A.4.a.7.b.8:0.02871;4.A.4.b.3.d.11:0.03350;4.A.4.b.3.d.16:0.03350;4.A.4.b.4.a.19:0.07077;4.A.4.b.4.h.9:0.06418;4.A.4.b.4.j.25:0.06465;4.A.4.b.4.j.27:0.05665;4.A.4.b.6.c.3:0.06292;4.A.4.c.2.a.5:0.06292;4.A.4.c.3.e.3:0.06072
11-9199.10	Wind Energy Development Managers	风能开发经理	4	15	4.A.1.b.3.b.5:0.06791;4.A.2.a.3.a.4:0.06128;4.A.2.a.4.e.7:0.06486;4.A.2.b.2.q.1:0.13994;4.A.3.b.6.h.30:0.06218;4.A.3.b.6.m.4:0.12489;4.A.4.a.2.a.2:0.06827;4.A.4.a.7.b.8:0.07239;4.A.4.b.4.a.19:0.07078;4.A.4.b.4.h.5:0.07293;4.A.4.b.4.i.7:0.03682;4.A.4.b.4.j.7:0.09989;4.A.4.b.6.c.3:0.05787
11-9199.11	Brownfield Redevelopment Specialists and Site Managers	污染场地再开发专家	4	23	4.A.1.a.1.j.6:0.05259;4.A.1.b.2.e.15:0.04515;4.A.1.b.3.b.5:0.05019;4.A.2.a.1.j.2:0.04167;4.A.2.a.4.c.3:0.04719;4.A.2.a.4.e.7:0.08201;4.A.2.b.1.i.1:0.12806;4.A.2.b.2.g.2:0.10279;4.A.2.b.2.s.6:0.03854;4.A.3.a.1.e.2:0.02143;4.A.3.b.6.g.4:0.05091;4.A.3.b.6.h.4:0.04419;4.A.3.b.6.m.4:0.04167;4.A.3.b.6.o.6:0.04527;4.A.4.a.7.b.8:0.04119;4.A.4.b.3.d.11:0.03698;4.A.4.b.4.j.37:0.02143;4.A.4.b.4.j.7:0.07787;4.A.4.b.6.h.4:0.03086
13-1011.00	Agents and Business Managers of Artists, Performers, and Athletes	艺人与运动员经纪人	4	14	4.A.1.b.2.e.8:0.05701;4.A.2.b.1.i.5:0.03359;4.A.2.b.3.a.21:0.08215;4.A.3.b.6.a.1:0.06564;4.A.4.a.4.a.2:0.07409;4.A.4.a.6.c.1:0.04309;4.A.4.a.6.c.4:0.03359;4.A.4.a.6.c.9:0.04309;4.A.4.a.7.b.2:0.07658;4.A.4.a.8.c.6:0.07582;4.A.4.b.1.e.5:0.13647;4.A.4.b.6.h.4:0.02438;4.A.4.b.6.k.2:0.02438;4.A.4.c.2.a.2:0.07658;4.A.4.c.2.a.8:0.06583;4.A.4.c.3.d.3:0.08772
13-1021.00	Buyers and Purchasing Agents, Farm Products	农产品采购代理	4	9	4.A.2.a.1.i.1:0.06748;4.A.2.a.4.g.1:0.11611;4.A.2.b.1.a.2:0.09726;4.A.3.b.6.h.14:0.06246;4.A.4.a.7.b.10:0.12979;4.A.4.b.1.c.1:0.06246;4.A.4.b.4.a.13:0.10608;4.A.4.b.4.j.9:0.11064;4.A.4.c.1.c.4:0.11003;4.A.4.c.3.e.6:0.13769
13-1022.00	Wholesale and Retail Buyers, Except Farm Products	批发零售采购员	3	16	4.A.1.a.1.g.1:0.06726;4.A.1.a.1.j.2:0.06067;4.A.2.a.4.b.4:0.07697;4.A.2.a.4.b.7:0.03218;4.A.2.b.1.a.2:0.10297;4.A.2.b.1.c.2:0.03274;4.A.2.b.2.j.2:0.05730;4.A.4.a.2.c.2:0.06292;4.A.4.a.2.e.3:0.12022;4.A.4.a.2.e.5:0.06517;4.A.4.a.7.b.10:0.06902;4.A.4.b.3.d.1:0.02689;4.A.4.b.4.a.13:0.02689;4.A.4.b.6.e.10:0.03427;4.A.4.c.1.c.12:0.03274;4.A.4.c.3.e.4:0.06806;4.A.4.c.3.e.6:0.06372
13-1023.00	Purchasing Agents, Except Wholesale, Retail, and Farm Products	采购代理（非批发零售农产品）	4	19	4.A.1.a.1.g.1:0.07900;4.A.1.a.2.b.20:0.05437;4.A.2.a.4.b.1:0.02470;4.A.2.a.4.b.4:0.02470;4.A.2.a.4.i.4:0.06511;4.A.2.a.4.k.4:0.05638;4.A.2.b.4.a.3:0.05907;4.A.3.b.2.a.4:0.05705;4.A.3.b.6.h.14:0.02510;4.A.4.a.2.e.3:0.07337;4.A.4.a.4.a.2:0.04631;4.A.4.a.7.b.10:0.05437;4.A.4.b.3.d.1:0.02792;4.A.4.b.4.a.13:0.02792;4.A.4.c.1.c.4:0.02953;4.A.4.c.1.c.7:0.04027;4.A.4.c.2.a.2:0.03947;4.A.4.c.3.e.6:0.09062;4.A.4.c.3.g.4:0.12471
13-1031.00	Claims Adjusters, Examiners, and Investigators	保险理赔员与调查员	4	29	4.A.1.a.1.c.1:0.03439;4.A.1.a.1.c.4:0.10374;4.A.1.a.1.d.4:0.02373;4.A.1.a.1.w.9:0.10696;4.A.2.a.1.i.3:0.03738;4.A.2.a.2.a.1:0.06765;4.A.2.a.2.e.3:0.03448;4.A.2.a.3.c.2:0.03237;4.A.2.a.4.g.1:0.03867;4.A.2.b.1.a.6:0.03770;4.A.2.b.1.i.5:0.01788;4.A.2.b.2.b.12:0.01812;4.A.3.b.6.a.1:0.03463;4.A.3.b.6.h.14:0.03689;4.A.3.b.6.n.1:0.01921;4.A.3.b.6.o.4:0.02987;4.A.4.a.2.c.10:0.06539;4.A.4.a.2.i.1:0.03560;4.A.4.a.3.c.2:0.03181;4.A.4.a.7.b.9:0.03637;4.A.4.a.8.c.5:0.01812;4.A.4.b.1.c.8:0.03189;4.A.4.b.4.a.13:0.03366;4.A.4.b.6.h.4:0.01724;4.A.4.b.6.k.3:0.01788;4.A.4.c.1.c.7:0.03835
13-1032.00	Insurance Appraisers, Auto Damage	车损保险估价员	3	7	4.A.1.b.2.d.1:0.05065;4.A.1.b.2.d.2:0.05065;4.A.1.b.2.d.6:0.05065;4.A.2.a.3.c.2:0.15226;4.A.2.b.1.a.2:0.13194;4.A.2.b.1.a.6:0.30290;4.A.3.b.6.m.2:0.15065;4.A.4.b.1.a.4:0.11032
13-1041.00	Compliance Officers	合规专员	4	16	4.A.1.a.1.e.1:0.06250;4.A.1.b.2.e.3:0.06344;4.A.2.a.2.a.1:0.02083;4.A.2.a.3.a.5:0.09719;4.A.2.a.3.c.2:0.03172;4.A.2.b.1.i.1:0.02083;4.A.2.b.3.a.3:0.02083;4.A.2.b.3.a.7:0.02083;4.A.2.b.3.a.8:0.02083;4.A.3.b.6.c.3:0.06228;4.A.4.a.1.b.3:0.02083;4.A.4.a.3.c.6:0.12268;4.A.4.b.1.c.1:0.06054;4.A.4.b.6.h.4:0.12580;4.A.4.c.2.a.2:0.05881;4.A.4.c.2.a.8:0.12558;4.A.4.c.3.d.3:0.06446
13-1041.01	Environmental Compliance Inspectors	环境合规检查员	4	26	4.A.1.a.1.c.4:0.07992;4.A.1.a.1.f.3:0.01977;4.A.1.a.1.j.2:0.09972;4.A.1.a.1.w.9:0.04343;4.A.1.a.2.b.19:0.02138;4.A.1.a.2.k.4:0.02065;4.A.1.b.2.c.5:0.01734;4.A.1.b.2.c.6:0.01734;4.A.1.b.2.e.8:0.04207;4.A.2.a.2.c.2:0.01977;4.A.2.a.3.a.3:0.03644;4.A.2.a.3.a.5:0.07520;4.A.2.a.4.g.1:0.02779;4.A.2.a.4.i.2:0.01943;4.A.2.b.3.a.21:0.04159;4.A.2.b.3.a.6:0.01817;4.A.2.b.4.a.3:0.01555;4.A.3.a.1.e.2:0.02138;4.A.3.b.4.a.1:0.01053;4.A.3.b.5.a.1:0.01053;4.A.3.b.5.c.4:0.01053;4.A.3.b.6.a.1:0.01159;4.A.3.b.6.h.14:0.02283;4.A.3.b.6.n.1:0.05480;4.A.3.b.6.n.5:0.02283;4.A.4.a.1.b.4:0.02172;4.A.4.a.2.a.1:0.01725;4.A.4.a.2.a.3:0.01725;4.A.4.a.3.a.1:0.01525;4.A.4.a.3.c.6:0.02172;4.A.4.a.8.c.6:0.03566;4.A.4.b.4.k.4:0.06345;4.A.4.b.6.e.10:0.02714
13-1041.03	Equal Opportunity Representatives and Officers	平等机会代表与专员	4	18	4.A.1.a.1.i.1:0.02727;4.A.1.a.1.w.9:0.09468;4.A.1.a.2.b.20:0.05563;4.A.1.a.2.k.7:0.28528;4.A.2.b.4.a.3:0.05782;4.A.3.b.6.c.3:0.12168;4.A.4.a.1.b.4:0.06248;4.A.4.a.2.e.3:0.05467;4.A.4.a.7.b.10:0.04467;4.A.4.a.7.b.9:0.03083;4.A.4.b.1.g.1:0.02425;4.A.4.b.3.d.17:0.05495;4.A.4.b.4.f.2:0.03631;4.A.4.b.6.e.8:0.04947
13-1041.04	Government Property Inspectors and Investigators	政府财产检查员	3	13	4.A.1.a.1.c.1:0.07910;4.A.1.a.1.c.4:0.11701;4.A.1.a.2.k.4:0.06102;4.A.1.b.2.e.8:0.15800;4.A.2.a.2.a.5:0.08362;4.A.2.a.3.a.3:0.07972;4.A.2.a.3.a.5:0.04284;4.A.4.a.3.a.1:0.07191;4.A.4.a.3.c.6:0.08671;4.A.4.b.1.c.1:0.07787;4.A.4.b.4.k.4:0.06863;4.A.4.b.6.h.4:0.07356
13-1041.06	Coroners	法医验尸官	3	20	4.A.1.a.1.c.1:0.22352;4.A.1.a.1.w.9:0.05444;4.A.3.b.6.b.7:0.18889;4.A.3.b.6.n.1:0.18530;4.A.4.a.3.a.1:0.04573;4.A.4.a.3.c.6:0.10452;4.A.4.b.4.a.13:0.05084;4.A.4.b.4.j.37:0.05041;4.A.4.b.4.j.9:0.05280;4.A.4.b.4.k.4:0.04355
13-1041.07	Regulatory Affairs Specialists	法规事务专员	4	30	4.A.1.a.1.q.1:0.03804;4.A.1.a.1.v.1:0.01089;4.A.1.a.2.c.6:0.02833;4.A.2.a.2.c.2:0.01140;4.A.2.a.3.a.3:0.07062;4.A.2.a.3.a.4:0.01140;4.A.2.a.3.c.3:0.03250;4.A.2.a.4.g.14:0.01089;4.A.2.a.4.i.2:0.09100;4.A.2.a.4.i.4:0.08089;4.A.2.b.2.c.1:0.01733;4.A.2.b.3.a.6:0.06902;4.A.2.b.4.a.3:0.01449;4.A.3.b.6.a.1:0.01449;4.A.3.b.6.h.14:0.03242;4.A.3.b.6.n.5:0.07206;4.A.4.a.1.b.4:0.03419;4.A.4.a.8.c.6:0.02632;4.A.4.b.1.c.1:0.03467;4.A.4.b.1.g.1:0.12704;4.A.4.b.3.d.12:0.03001;4.A.4.b.4.j.8:0.06484;4.A.4.b.6.e.12:0.01089;4.A.4.b.6.h.4:0.06629
13-1041.08	Customs Brokers	报关经纪人	3	23	4.A.1.a.1.q.1:0.09740;4.A.2.a.3.a.3:0.05166;4.A.2.a.4.g.1:0.04929;4.A.2.b.1.a.6:0.04197;4.A.2.b.3.a.6:0.04950;4.A.3.b.6.m.5:0.04542;4.A.3.b.6.n.5:0.04305;4.A.4.a.4.a.2:0.02873;4.A.4.a.7.b.10:0.03799;4.A.4.b.1.g.1:0.04789;4.A.4.b.4.j.8:0.05112;4.A.4.b.4.j.9:0.09115;4.A.4.b.6.e.10:0.03519;4.A.4.b.6.e.2:0.03412;4.A.4.b.6.h.4:0.04789;4.A.4.b.6.k.3:0.04197;4.A.4.c.1.c.2:0.03853;4.A.4.c.1.c.7:0.13108;4.A.4.c.3.g.4:0.03605
13-1051.00	Cost Estimators	成本估算师	4	14	4.A.1.a.1.f.4:0.03074;4.A.1.a.2.c.5:0.03784;4.A.1.b.2.e.1:0.03074;4.A.2.a.1.g.1:0.03784;4.A.2.a.4.k.4:0.10965;4.A.2.b.1.a.6:0.32823;4.A.2.b.4.a.5:0.03692;4.A.3.b.2.f.4:0.07292;4.A.3.b.6.a.1:0.06867;4.A.3.b.6.h.14:0.05833;4.A.4.a.2.e.3:0.07384;4.A.4.a.7.b.9:0.03692;4.A.4.b.1.c.8:0.07735
13-1071.00	Human Resources Specialists	人力资源专员	4	26	4.A.1.a.1.w.1:0.03688;4.A.1.a.2.k.7:0.05943;4.A.2.a.1.b.4:0.03456;4.A.2.a.2.e.3:0.04047;4.A.2.a.3.a.5:0.03886;4.A.2.b.3.a.6:0.04198;4.A.3.b.6.h.14:0.04094;4.A.3.b.6.h.9:0.03782;4.A.3.b.6.l.10:0.01957;4.A.3.b.6.o.4:0.01801;4.A.4.a.1.b.4:0.04406;4.A.4.a.2.e.5:0.05427;4.A.4.a.3.c.6:0.03697;4.A.4.b.3.d.1:0.01957;4.A.4.b.3.d.17:0.03650;4.A.4.b.4.f.2:0.14486;4.A.4.b.6.e.10:0.01867;4.A.4.b.6.e.8:0.03527;4.A.4.c.2.a.2:0.03678;4.A.4.c.2.a.8:0.16244;4.A.4.c.2.b.1:0.02104;4.A.4.c.2.b.2:0.02104
13-1074.00	Farm Labor Contractors	农业劳务承包人	2	7	4.A.4.b.4.a.13:0.28440;4.A.4.b.4.f.2:0.07159;4.A.4.b.4.j.9:0.13401;4.A.4.c.1.c.7:0.15498;4.A.4.c.2.a.8:0.07159;4.A.4.c.3.c.2:0.28342
13-1075.00	Labor Relations Specialists	劳资关系专员	4	28	4.A.1.a.1.c.1:0.03963;4.A.1.a.2.k.7:0.15460;4.A.2.a.1.b.3:0.03455;4.A.2.a.4.c.1:0.03719;4.A.2.b.3.a.6:0.03484;4.A.2.b.4.a.3:0.03006;4.A.2.b.4.a.5:0.02850;4.A.3.b.6.n.5:0.02684;4.A.4.a.3.a.1:0.03094;4.A.4.a.3.c.2:0.02821;4.A.4.a.7.b.2:0.37722;4.A.4.a.7.b.9:0.07759;4.A.4.b.1.e.5:0.03357;4.A.4.b.3.d.17:0.03250;4.A.4.b.6.e.8:0.03377
13-1081.00	Logisticians	物流师	4	22	4.A.1.a.1.n.2:0.02587;4.A.1.a.1.n.5:0.02587;4.A.2.a.1.b.3:0.03943;4.A.2.a.4.g.7:0.04923;4.A.2.a.4.k.4:0.04003;4.A.2.b.2.h.2:0.04110;4.A.2.b.3.a.21:0.04433;4.A.3.b.2.f.4:0.04361;4.A.3.b.6.g.3:0.07349;4.A.3.b.6.l.10:0.03585;4.A.4.a.2.c.10:0.04684;4.A.4.a.2.e.3:0.04732;4.A.4.a.3.c.2:0.02414;4.A.4.a.4.a.2:0.05329;4.A.4.b.1.g.1:0.03824;4.A.4.b.4.a.13:0.09762;4.A.4.b.4.j.12:0.04780;4.A.4.b.4.j.9:0.08794;4.A.4.b.6.e.5:0.04278;4.A.4.c.3.c.2:0.09523
13-1081.01	Logistics Engineers	物流工程师	4	30	4.A.1.b.1.b.6:0.07490;4.A.2.a.1.g.1:0.03365;4.A.2.a.4.g.10:0.01766;4.A.2.a.4.g.13:0.14572;4.A.2.a.4.g.7:0.24416;4.A.2.a.4.i.2:0.02985;4.A.2.a.4.k.3:0.06878;4.A.2.b.1.a.6:0.03439;4.A.2.b.2.c.1:0.03912;4.A.2.b.2.q.2:0.02878;4.A.2.b.4.a.3:0.01775;4.A.3.b.2.a.4:0.03244;4.A.3.b.2.b.1:0.03522;4.A.3.b.2.f.4:0.03661;4.A.3.b.6.a.1:0.02878;4.A.3.b.6.h.14:0.03402;4.A.4.b.4.a.13:0.03133;4.A.4.b.6.e.2:0.06683
13-1081.02	Logistics Analysts	物流分析师	4	31	4.A.1.a.1.g.1:0.06822;4.A.1.a.2.b.20:0.06771;4.A.1.b.1.b.6:0.03162;4.A.2.a.4.b.2:0.02897;4.A.2.a.4.g.1:0.03257;4.A.2.a.4.g.13:0.06076;4.A.2.a.4.g.7:0.13876;4.A.2.a.4.k.3:0.01466;4.A.2.b.1.h.4:0.02503;4.A.2.b.4.a.3:0.01410;4.A.3.b.2.f.4:0.06445;4.A.3.b.2.f.6:0.01466;4.A.3.b.6.a.1:0.01410;4.A.3.b.6.h.14:0.13070;4.A.3.b.6.o.4:0.03471;4.A.4.a.2.e.5:0.03308;4.A.4.b.4.j.9:0.06128;4.A.4.b.6.e.2:0.03548;4.A.4.c.1.c.4:0.02057;4.A.4.c.3.g.4:0.10859
13-1082.00	Project Management Specialists	项目管理专员	4	20	4.A.1.a.1.f.1:0.05391;4.A.1.a.2.c.4:0.04813;4.A.2.b.1.j.11:0.05655;4.A.2.b.4.a.2:0.02702;4.A.2.b.6.b.8:0.09300;4.A.3.b.6.a.2:0.04474;4.A.3.b.6.c.4:0.04889;4.A.3.b.6.o.1:0.04889;4.A.4.a.1.a.1:0.05479;4.A.4.a.2.c.10:0.04713;4.A.4.a.2.e.5:0.05706;4.A.4.b.1.a.3:0.05442;4.A.4.b.1.f.6:0.05115;4.A.4.b.4.a.7:0.04788;4.A.4.b.4.e.7:0.07132;4.A.4.b.4.i.7:0.02702;4.A.4.b.4.j.12:0.02583;4.A.4.b.4.j.36:0.04876;4.A.4.c.2.a.4:0.09350
13-1111.00	Management Analysts	管理分析师	4	11	4.A.1.a.1.f.1:0.10308;4.A.1.a.1.i.3:0.04717;4.A.2.a.4.g.10:0.09434;4.A.2.a.4.k.4:0.10239;4.A.2.b.1.g.1:0.03693;4.A.2.b.1.g.2:0.03693;4.A.3.b.2.f.13:0.04717;4.A.3.b.2.f.4:0.08306;4.A.3.b.6.c.3:0.04878;4.A.3.b.6.l.10:0.04418;4.A.4.a.2.e.3:0.10308;4.A.4.a.2.e.5:0.08606;4.A.4.b.3.d.12:0.04418;4.A.4.b.6.e.10:0.12264
13-1121.00	Meeting, Convention, and Event Planners	会议与活动策划师	4	21	4.A.1.a.1.i.1:0.04800;4.A.1.a.1.q.1:0.03633;4.A.1.a.2.k.4:0.04980;4.A.1.b.2.e.8:0.05185;4.A.2.a.2.a.1:0.02731;4.A.2.b.1.c.2:0.02731;4.A.2.b.2.h.2:0.04836;4.A.2.b.2.j.2:0.03970;4.A.2.b.3.a.21:0.04006;4.A.3.b.6.a.1:0.05125;4.A.4.a.2.e.3:0.05221;4.A.4.a.6.c.4:0.03970;4.A.4.a.7.b.10:0.04908;4.A.4.a.8.c.6:0.05534;4.A.4.b.1.c.8:0.02256;4.A.4.b.1.e.5:0.21815;4.A.4.b.3.d.1:0.02400;4.A.4.b.4.a.13:0.02400;4.A.4.b.4.j.8:0.04619;4.A.4.c.2.a.2:0.04884
13-1131.00	Fundraisers	筹款人	4	28	4.A.1.a.2.c.5:0.06909;4.A.2.a.3.c.2:0.03827;4.A.2.b.2.c.1:0.11066;4.A.2.b.2.h.2:0.03818;4.A.2.b.2.j.2:0.06551;4.A.2.b.2.v.1:0.03714;4.A.3.b.6.a.2:0.03459;4.A.3.b.6.g.3:0.03902;4.A.3.b.6.h.14:0.04270;4.A.3.b.6.l.7:0.02300;4.A.4.a.1.b.3:0.01772;4.A.4.a.1.b.5:0.01772;4.A.4.a.1.d.2:0.03318;4.A.4.a.4.a.2:0.11858;4.A.4.a.6.c.12:0.01734;4.A.4.a.6.c.6:0.01734;4.A.4.b.1.e.5:0.05891;4.A.4.b.4.a.13:0.03818;4.A.4.b.4.f.2:0.03601;4.A.4.b.4.h.3:0.08776;4.A.4.b.4.j.8:0.02884;4.A.4.b.4.j.9:0.03026
13-1141.00	Compensation, Benefits, and Job Analysis Specialists	薪酬福利与职位分析专员	4	22	4.A.1.a.1.i.1:0.02045;4.A.1.a.2.k.4:0.05825;4.A.2.a.1.b.4:0.04845;4.A.2.a.4.g.10:0.20420;4.A.2.a.4.k.4:0.05017;4.A.2.b.4.a.1:0.02813;4.A.2.b.4.a.5:0.08843;4.A.3.b.6.c.3:0.02423;4.A.3.b.6.h.10:0.03971;4.A.3.b.6.o.4:0.03826;4.A.4.a.3.c.6:0.02151;4.A.4.a.7.b.2:0.04355;4.A.4.b.1.c.1:0.05163;4.A.4.b.3.d.12:0.03971;4.A.4.b.4.j.8:0.05891;4.A.4.b.6.e.8:0.15627;4.A.4.c.2.b.2:0.02813
13-1151.00	Training and Development Specialists	培训与发展专员	4	20	4.A.1.a.1.i.1:0.11518;4.A.1.a.2.c.5:0.02477;4.A.2.a.1.b.4:0.02853;4.A.2.a.1.b.6:0.07665;4.A.2.b.3.a.21:0.09611;4.A.3.b.6.a.2:0.02477;4.A.3.b.6.l.10:0.08074;4.A.4.a.7.b.10:0.04501;4.A.4.b.3.d.1:0.11777;4.A.4.b.3.d.12:0.03359;4.A.4.b.3.d.17:0.04916;4.A.4.b.4.a.13:0.02218;4.A.4.b.4.f.1:0.20214;4.A.4.b.4.f.2:0.04630;4.A.4.b.6.e.8:0.03709
13-1161.00	Market Research Analysts and Marketing Specialists	市场调研与营销专员	4	13	4.A.1.a.1.f.1:0.12591;4.A.1.a.1.i.1:0.07745;4.A.1.a.2.c.6:0.03776;4.A.2.a.1.b.3:0.07189;4.A.2.a.4.b.2:0.03776;4.A.2.a.4.b.4:0.10580;4.A.2.a.4.b.7:0.16731;4.A.2.b.2.c.1:0.06119;4.A.2.b.4.a.5:0.08237;4.A.3.b.6.c.3:0.08686;4.A.4.a.2.e.5:0.07381;4.A.4.b.4.a.13:0.07189
13-1161.01	Search Marketing Strategists	搜索营销策略师	4	36	4.A.2.a.1.g.8:0.02729;4.A.2.a.4.b.5:0.11961;4.A.2.a.4.b.6:0.02852;4.A.2.b.1.i.4:0.18787;4.A.2.b.2.b.3:0.02370;4.A.2.b.2.b.8:0.15848;4.A.2.b.2.o.14:0.02252;4.A.2.b.3.a.7:0.02575;4.A.3.b.1.a.3:0.01225;4.A.3.b.2.a.3:0.02370;4.A.3.b.2.a.7:0.03294;4.A.3.b.2.f.8:0.01841;4.A.3.b.2.f.9:0.02188;4.A.4.a.2.e.2:0.13446;4.A.4.a.2.h.7:0.02323;4.A.4.a.3.c.5:0.04827;4.A.4.b.4.j.32:0.02907;4.A.4.b.4.j.36:0.03476;4.A.4.b.6.d.6:0.01375;4.A.4.c.3.a.6:0.01355
13-1199.04	Business Continuity Planners	业务连续性规划师	4	21	4.A.1.a.1.c.4:0.04574;4.A.1.a.1.f.1:0.02686;4.A.1.a.2.k.4:0.02287;4.A.1.b.1.b.4:0.05043;4.A.2.a.4.c.1:0.07031;4.A.2.a.4.i.4:0.04339;4.A.2.a.4.k.1:0.04456;4.A.2.a.4.k.3:0.04421;4.A.2.a.4.k.4:0.02129;4.A.2.b.2.p.3:0.20206;4.A.2.b.2.p.4:0.10402;4.A.2.b.3.a.21:0.03870;4.A.3.b.2.f.4:0.04691;4.A.3.b.6.c.3:0.04797;4.A.3.b.6.h.14:0.05043;4.A.3.b.6.l.10:0.02398;4.A.3.b.6.o.4:0.04257;4.A.4.b.3.d.12:0.02398;4.A.4.b.4.j.8:0.02686;4.A.4.b.6.e.5:0.02287
13-1199.05	Sustainability Specialists	可持续发展专员	4	14	4.A.1.a.1.c.4:0.06911;4.A.1.a.1.g.1:0.03120;4.A.1.a.1.j.2:0.21051;4.A.1.a.2.c.6:0.07861;4.A.2.a.1.g.1:0.03847;4.A.2.b.2.j.2:0.06390;4.A.2.b.2.q.2:0.15713;4.A.2.b.4.a.3:0.07452;4.A.3.b.6.a.1:0.03689;4.A.3.b.6.g.3:0.06017;4.A.3.b.6.o.4:0.07377;4.A.4.b.6.e.10:0.07452;4.A.4.c.3.e.6:0.03120
13-1199.06	Online Merchants	网络商家	4	34	4.A.1.a.1.g.1:0.02596;4.A.1.b.1.b.4:0.02834;4.A.2.a.4.g.1:0.06301;4.A.2.a.4.k.4:0.02678;4.A.2.b.1.a.2:0.03206;4.A.2.b.2.c.1:0.02500;4.A.2.b.2.h.2:0.02671;4.A.2.b.2.j.2:0.17661;4.A.2.b.2.o.4:0.03125;4.A.2.b.3.a.21:0.02522;4.A.3.b.2.f.4:0.02596;4.A.3.b.6.h.14:0.02864;4.A.4.a.6.c.4:0.07224;4.A.4.a.8.c.6:0.05721;4.A.4.c.1.c.4:0.15444;4.A.4.c.3.c.2:0.02753;4.A.4.c.3.d.3:0.03318;4.A.4.c.3.e.6:0.13986
13-1199.07	Security Management Specialists	安全管理专员	4	23	4.A.1.a.1.c.4:0.03708;4.A.1.a.1.w.9:0.03940;4.A.1.a.2.k.3:0.02254;4.A.1.b.2.e.11:0.04578;4.A.1.b.2.e.8:0.08819;4.A.2.a.2.a.1:0.04195;4.A.2.a.4.c.1:0.09514;4.A.2.a.4.k.1:0.04126;4.A.2.b.1.i.1:0.02254;4.A.2.b.2.e.2:0.04578;4.A.2.b.2.o.13:0.04381;4.A.2.b.4.a.3:0.02219;4.A.3.a.2.t.5:0.01063;4.A.3.b.2.a.4:0.12435;4.A.3.b.2.e.3:0.01063;4.A.3.b.5.b.3:0.01063;4.A.3.b.5.c.4:0.01063;4.A.3.b.6.a.1:0.02219;4.A.3.b.6.b.7:0.04404;4.A.4.a.5.e.2:0.04786;4.A.4.b.3.d.12:0.04230;4.A.4.b.4.a.13:0.04160;4.A.4.b.6.e.10:0.08947
13-2011.00	Accountants and Auditors	会计师与审计师	4	30	4.A.1.a.1.c.1:0.01751;4.A.1.a.1.c.4:0.01751;4.A.1.b.3.c.3:0.01878;4.A.2.a.1.b.4:0.02942;4.A.2.a.1.i.2:0.03380;4.A.2.a.2.a.1:0.06050;4.A.2.a.2.a.5:0.05100;4.A.2.a.3.c.1:0.01957;4.A.2.a.3.c.2:0.13369;4.A.2.a.3.c.3:0.08956;4.A.2.a.4.k.1:0.01594;4.A.2.a.4.k.2:0.01878;4.A.2.a.4.k.4:0.04530;4.A.3.b.2.f.4:0.03380;4.A.3.b.6.a.1:0.05162;4.A.3.b.6.a.2:0.07224;4.A.4.a.2.c.10:0.04357;4.A.4.a.2.e.5:0.03336;4.A.4.a.3.a.2:0.01057;4.A.4.a.7.b.6:0.01057;4.A.4.b.1.g.1:0.03038;4.A.4.b.4.h.4:0.01594;4.A.4.b.4.j.8:0.03380;4.A.4.b.6.e.10:0.00916;4.A.4.b.6.e.8:0.02802;4.A.4.b.6.h.1:0.01057;4.A.4.b.6.k.3:0.02532;4.A.4.c.1.c.7:0.03975
13-2022.00	Appraisers of Personal and Business Property	个人与商业财产估价师	4	14	4.A.1.a.1.d.6:0.03914;4.A.1.b.2.f.11:0.07481;4.A.2.a.1.i.3:0.11246;4.A.2.a.2.a.2:0.06703;4.A.2.a.2.c.3:0.02405;4.A.2.a.4.b.3:0.05296;4.A.2.b.1.d.4:0.08126;4.A.2.b.1.i.5:0.06124;4.A.2.b.2.f.4:0.02405;4.A.3.b.1.f.5:0.03269;4.A.3.b.1.f.6:0.03914;4.A.3.b.6.c.6:0.15773;4.A.3.b.6.e.1:0.07051;4.A.3.b.6.h.14:0.02405;4.A.3.b.6.l.5:0.08126;4.A.4.a.3.a.1:0.05760
13-2023.00	Appraisers and Assessors of Real Estate	房地产估价师	4	28	4.A.1.a.1.d.4:0.08366;4.A.2.a.1.i.1:0.02946;4.A.2.a.1.i.3:0.29448;4.A.2.a.2.a.1:0.07604;4.A.2.a.3.c.2:0.07142;4.A.2.a.4.b.4:0.07822;4.A.2.a.4.g.1:0.03118;4.A.2.b.1.a.6:0.03435;4.A.2.b.2.o.4:0.07215;4.A.2.b.3.a.21:0.04142;4.A.3.b.2.f.4:0.03363;4.A.3.b.6.a.2:0.04260;4.A.3.b.6.h.14:0.03462;4.A.4.a.1.b.4:0.00746;4.A.4.a.1.d.2:0.02529;4.A.4.a.1.d.3:0.00746;4.A.4.a.3.a.1:0.02909;4.A.4.b.6.k.1:0.00746
13-2031.00	Budget Analysts	预算分析师	4	13	4.A.1.a.1.d.4:0.03994;4.A.1.b.1.b.6:0.06514;4.A.2.a.2.a.5:0.07910;4.A.2.a.4.k.1:0.20512;4.A.2.a.4.k.4:0.13940;4.A.2.b.4.a.3:0.07755;4.A.3.b.6.a.2:0.11739;4.A.4.a.2.e.5:0.07871;4.A.4.a.3.a.1:0.07387;4.A.4.b.6.k.3:0.12379
13-2041.00	Credit Analysts	信贷分析师	4	11	4.A.2.a.1.i.2:0.04128;4.A.2.a.3.c.2:0.07407;4.A.2.a.4.b.4:0.09510;4.A.2.a.4.c.1:0.05482;4.A.2.a.4.g.1:0.10181;4.A.2.a.4.k.4:0.15619;4.A.3.b.6.a.2:0.10181;4.A.3.b.6.m.2:0.10651;4.A.4.a.8.c.6:0.06870;4.A.4.b.1.c.8:0.06892;4.A.4.b.6.k.3:0.04128;4.A.4.c.3.d.3:0.08951
13-2051.00	Financial and Investment Analysts	金融与投资分析师	4	26	4.A.1.b.1.b.4:0.01923;4.A.2.a.1.i.1:0.01923;4.A.2.a.1.i.2:0.01923;4.A.2.a.4.b.2:0.07692;4.A.2.a.4.b.4:0.01923;4.A.2.a.4.c.1:0.01923;4.A.2.a.4.c.2:0.01923;4.A.2.a.4.k.3:0.05769;4.A.2.a.4.k.4:0.09615;4.A.2.b.1.a.2:0.11538;4.A.2.b.2.h.2:0.03846;4.A.2.b.2.o.4:0.03846;4.A.2.b.3.a.21:0.03846;4.A.3.b.6.m.2:0.03846;4.A.4.a.1.a.1:0.03846;4.A.4.a.2.e.1:0.03846;4.A.4.a.3.c.2:0.03846;4.A.4.a.4.a.2:0.03846;4.A.4.b.1.c.8:0.03846;4.A.4.b.3.d.1:0.01923;4.A.4.b.4.a.13:0.01923;4.A.4.b.6.e.10:0.03846;4.A.4.b.6.k.2:0.03846;4.A.4.b.6.k.3:0.03846;4.A.4.c.3.e.6:0.03846
13-2052.00	Personal Financial Advisors	个人理财顾问	4	21	4.A.1.a.1.w.3:0.05774;4.A.1.b.1.b.4:0.04917;4.A.1.b.3.c.4:0.04159;4.A.2.a.1.i.2:0.11274;4.A.2.a.4.b.4:0.04445;4.A.2.b.1.i.5:0.10715;4.A.3.b.6.a.2:0.02508;4.A.4.a.1.d.1:0.16067;4.A.4.a.1.d.2:0.02508;4.A.4.a.4.a.2:0.04346;4.A.4.a.8.c.6:0.05637;4.A.4.b.1.c.8:0.04222;4.A.4.b.6.k.2:0.13894;4.A.4.b.6.k.3:0.04755;4.A.4.c.1.c.12:0.04780
13-2053.00	Insurance Underwriters	保险承保人	4	7	4.A.2.a.1.i.2:0.07709;4.A.2.a.2.a.1:0.13751;4.A.2.a.4.c.1:0.14261;4.A.2.a.4.f.1:0.07709;4.A.2.b.1.c.2:0.41933;4.A.4.a.1.b.4:0.14636
13-2054.00	Financial Risk Specialists	金融风险专员	4	30	4.A.1.a.1.f.1:0.03333;4.A.1.a.2.c.6:0.01667;4.A.2.a.4.b.2:0.03333;4.A.2.a.4.c.1:0.13333;4.A.2.a.4.c.2:0.10000;4.A.2.a.4.i.4:0.03333;4.A.2.a.4.k.3:0.03333;4.A.2.a.4.k.4:0.05000;4.A.2.b.1.a.2:0.03333;4.A.2.b.2.h.2:0.03333;4.A.2.b.2.o.4:0.03333;4.A.2.b.2.p.3:0.03333;4.A.2.b.3.a.21:0.03333;4.A.3.b.2.f.4:0.06667;4.A.3.b.2.f.6:0.01667;4.A.3.b.6.a.2:0.03333;4.A.3.b.6.h.14:0.03333;4.A.3.b.6.n.5:0.03333;4.A.4.a.1.d.1:0.03333;4.A.4.a.3.c.2:0.05000;4.A.4.b.1.c.8:0.03333;4.A.4.b.6.e.10:0.03333;4.A.4.b.6.e.5:0.03333;4.A.4.b.6.k.2:0.03333
13-2061.00	Financial Examiners	金融检查员	4	17	4.A.1.a.2.b.20:0.12008;4.A.1.a.2.c.5:0.06199;4.A.2.a.2.a.5:0.02432;4.A.2.a.3.a.5:0.05254;4.A.2.a.3.c.2:0.02432;4.A.2.a.3.c.3:0.11513;4.A.2.a.4.i.4:0.05614;4.A.2.b.1.i.5:0.06364;4.A.2.b.4.a.3:0.05674;4.A.3.b.6.o.4:0.06680;4.A.4.b.1.c.4:0.03550;4.A.4.b.1.c.8:0.07963;4.A.4.b.3.d.1:0.05749;4.A.4.b.3.d.12:0.05389;4.A.4.b.4.a.13:0.06199;4.A.4.b.6.h.4:0.06980
13-2071.00	Credit Counselors	信贷咨询师	4	23	4.A.1.a.1.w.3:0.04751;4.A.1.b.3.c.4:0.09616;4.A.2.a.1.i.2:0.09616;4.A.2.a.3.c.2:0.03099;4.A.2.b.2.h.1:0.17279;4.A.3.b.6.a.1:0.04730;4.A.3.b.6.m.2:0.04534;4.A.4.a.1.b.4:0.04338;4.A.4.a.1.d.1:0.13603;4.A.4.a.1.d.2:0.03945;4.A.4.a.5.a.6:0.04018;4.A.4.a.7.b.9:0.03698;4.A.4.a.8.c.6:0.02412;4.A.4.b.6.k.2:0.04823;4.A.4.b.6.k.3:0.06440;4.A.4.c.1.c.12:0.03099
13-2072.00	Loan Officers	信贷员	4	30	4.A.1.a.1.d.4:0.03452;4.A.1.a.1.w.3:0.03853;4.A.1.b.3.c.4:0.06317;4.A.2.a.1.i.2:0.05486;4.A.2.a.2.a.1:0.03333;4.A.2.a.2.a.5:0.03460;4.A.2.a.2.e.3:0.03333;4.A.2.a.3.c.2:0.05059;4.A.2.a.4.b.4:0.03134;4.A.2.b.1.c.2:0.07011;4.A.2.b.2.h.1:0.06651;4.A.2.b.3.a.21:0.03235;4.A.2.b.4.a.3:0.02574;4.A.3.b.6.a.2:0.02833;4.A.3.b.6.h.14:0.05059;4.A.4.a.1.d.1:0.03333;4.A.4.a.1.d.2:0.03619;4.A.4.a.3.c.6:0.03333;4.A.4.a.6.c.4:0.03168;4.A.4.a.8.c.6:0.06643;4.A.4.b.1.c.8:0.03333;4.A.4.b.4.a.13:0.03276;4.A.4.b.6.b.4:0.01667;4.A.4.b.6.k.3:0.03333;4.A.4.c.1.c.2:0.03502
13-2081.00	Tax Examiners and Collectors, and Revenue Agents	税务稽查与征收员	3	21	4.A.1.a.1.c.1:0.02124;4.A.1.a.1.d.4:0.02270;4.A.2.a.1.i.2:0.05128;4.A.2.a.2.a.1:0.05128;4.A.2.a.3.c.2:0.13752;4.A.2.a.3.c.3:0.02186;4.A.2.b.2.h.1:0.05140;4.A.2.b.3.a.6:0.04733;4.A.3.b.6.b.7:0.04914;4.A.3.b.6.h.14:0.04247;4.A.3.b.6.n.1:0.02124;4.A.4.a.1.b.4:0.04981;4.A.4.a.3.a.1:0.04281;4.A.4.a.3.c.6:0.15170;4.A.4.a.7.b.9:0.02050;4.A.4.a.8.c.6:0.09466;4.A.4.b.1.c.1:0.02050;4.A.4.b.4.j.8:0.04857;4.A.4.c.3.d.3:0.05399
13-2082.00	Tax Preparers	报税员	3	12	4.A.1.a.1.w.3:0.08733;4.A.1.b.3.c.3:0.34416;4.A.2.a.2.a.1:0.08351;4.A.2.a.3.c.2:0.08504;4.A.2.b.2.h.1:0.04013;4.A.2.b.3.a.21:0.08026;4.A.2.b.5.c.1:0.07166;4.A.4.a.1.b.4:0.08045;4.A.4.a.8.c.6:0.04013;4.A.4.b.6.k.3:0.08733
13-2099.01	Financial Quantitative Analysts	金融量化分析师	5	21	4.A.1.a.2.c.6:0.04162;4.A.2.a.1.b.3:0.03367;4.A.2.a.1.g.1:0.04769;4.A.2.a.4.c.2:0.03020;4.A.2.a.4.k.3:0.22543;4.A.2.a.4.k.4:0.05925;4.A.3.b.2.a.4:0.04090;4.A.3.b.2.f.4:0.10968;4.A.3.b.2.f.6:0.15332;4.A.3.b.6.a.2:0.05275;4.A.4.a.2.e.3:0.04942;4.A.4.a.2.e.5:0.04870;4.A.4.b.6.e.5:0.10737
13-2099.04	Fraud Examiners, Investigators and Analysts	反欺诈调查分析师	4	23	4.A.1.a.1.c.1:0.07728;4.A.1.a.1.c.4:0.15665;4.A.1.a.1.d.4:0.04794;4.A.1.a.1.q.1:0.02193;4.A.1.a.1.w.9:0.02397;4.A.2.a.4.c.1:0.02080;4.A.2.a.4.k.4:0.06701;4.A.2.b.3.a.21:0.07954;4.A.3.a.1.k.4:0.02096;4.A.3.a.1.k.8:0.02096;4.A.3.b.2.f.4:0.04396;4.A.3.b.6.b.7:0.05019;4.A.3.b.6.h.14:0.04880;4.A.3.b.6.n.1:0.07233;4.A.4.a.3.a.1:0.04342;4.A.4.a.3.c.6:0.02193;4.A.4.a.7.b.10:0.03224;4.A.4.b.3.d.1:0.04202;4.A.4.b.4.a.13:0.02273;4.A.4.b.6.e.10:0.06261;4.A.4.b.6.h.4:0.02273
15-1211.00	Computer Systems Analysts	计算机系统分析师	4	22	4.A.1.a.1.b.7:0.04176;4.A.1.a.1.n.5:0.04475;4.A.1.a.2.j.3:0.01735;4.A.1.b.2.h.3:0.01735;4.A.1.b.3.b.1:0.03616;4.A.2.a.1.g.8:0.02172;4.A.2.a.4.e.5:0.02342;4.A.2.a.4.g.14:0.04683;4.A.2.b.1.h.2:0.04332;4.A.2.b.1.j.5:0.02264;4.A.2.b.2.b.12:0.07428;4.A.2.b.2.b.5:0.02342;4.A.2.b.2.b.7:0.06687;4.A.2.b.2.o.13:0.04007;4.A.3.b.1.a.3:0.04826;4.A.3.b.1.c.4:0.04917;4.A.3.b.1.d.2:0.05516;4.A.3.b.2.f.15:0.02088;4.A.3.b.6.i.5:0.02088;4.A.4.a.2.h.7:0.08651;4.A.4.b.3.e.4:0.04462;4.A.4.b.4.a.7:0.02205;4.A.4.b.4.e.4:0.01735;4.A.4.b.4.e.7:0.02205;4.A.4.b.6.d.2:0.05269;4.A.4.b.6.d.3:0.04046
15-1211.01	Health Informatics Specialists	健康信息学专员	5	17	4.A.1.a.1.t.4:0.02733;4.A.1.b.2.h.2:0.02039;4.A.2.a.1.g.8:0.10867;4.A.2.a.4.f.1:0.09530;4.A.2.b.2.b.11:0.08585;4.A.2.b.2.b.12:0.15108;4.A.2.b.2.s.4:0.02733;4.A.2.b.3.a.7:0.05482;4.A.3.b.1.b.1:0.03273;4.A.3.b.1.c.1:0.01354;4.A.3.b.1.d.2:0.01354;4.A.3.b.2.f.8:0.05629;4.A.3.b.2.f.9:0.03273;4.A.3.b.6.h.11:0.03132;4.A.4.a.2.h.9:0.07107;4.A.4.a.3.b.5:0.05910;4.A.4.b.3.e.4:0.05467;4.A.4.b.6.d.2:0.01354;4.A.4.b.6.d.3:0.05068
15-1212.00	Information Security Analysts	信息安全分析师	4	11	4.A.1.a.2.j.1:0.08738;4.A.1.b.2.h.2:0.09254;4.A.2.b.3.a.7:0.09501;4.A.3.b.1.b.1:0.27673;4.A.3.b.1.d.2:0.04425;4.A.3.b.2.f.9:0.09883;4.A.3.b.6.h.2:0.08850;4.A.4.b.1.a.3:0.04425;4.A.4.b.3.e.4:0.08558;4.A.4.b.4.j.32:0.08693
15-1221.00	Computer and Information Research Scientists	计算机与信息研究科学家	5	15	4.A.1.a.2.j.2:0.03546;4.A.2.a.1.j.1:0.06650;4.A.2.a.4.d.2:0.06938;4.A.2.a.4.g.14:0.08149;4.A.2.b.2.b.12:0.07476;4.A.2.b.2.b.5:0.06977;4.A.2.b.2.v.2:0.06150;4.A.3.b.2.a.7:0.06035;4.A.3.b.5.c.1:0.03546;4.A.4.a.2.b.1:0.06477;4.A.4.a.2.h.7:0.06439;4.A.4.b.1.a.3:0.06996;4.A.4.b.1.f.6:0.07227;4.A.4.b.3.e.4:0.02835;4.A.4.b.4.e.7:0.03200;4.A.4.b.4.h.7:0.05324;4.A.4.b.4.j.32:0.03200;4.A.4.c.2.a.4:0.02835
15-1231.00	Computer Network Support Specialists	计算机网络支持专员	4	26	4.A.1.a.1.t.4:0.03383;4.A.1.a.2.j.2:0.01995;4.A.1.b.2.h.1:0.01859;4.A.1.b.2.h.2:0.07627;4.A.1.b.2.h.3:0.01859;4.A.2.a.4.g.14:0.01995;4.A.2.a.4.l.2:0.04315;4.A.2.b.3.a.7:0.03707;4.A.3.b.1.b.1:0.04426;4.A.3.b.1.b.2:0.04497;4.A.3.b.1.c.1:0.06032;4.A.3.b.1.c.2:0.07389;4.A.3.b.1.c.4:0.06062;4.A.3.b.1.d.1:0.08093;4.A.3.b.1.d.2:0.02005;4.A.3.b.2.a.5:0.01970;4.A.3.b.5.c.1:0.03970;4.A.3.b.6.h.11:0.03474;4.A.3.b.6.i.3:0.14373;4.A.3.b.6.l.8:0.03332;4.A.4.b.3.e.4:0.03626;4.A.4.b.6.d.5:0.04011
15-1232.00	Computer User Support Specialists	计算机用户支持专员	3	16	4.A.1.a.1.b.7:0.05257;4.A.1.a.1.t.4:0.05711;4.A.1.a.2.j.3:0.07188;4.A.1.b.2.h.1:0.02891;4.A.1.b.2.h.3:0.06431;4.A.2.a.1.g.8:0.02036;4.A.2.b.2.b.7:0.05206;4.A.2.b.3.a.7:0.05476;4.A.3.b.1.c.1:0.02264;4.A.3.b.1.c.2:0.09362;4.A.3.b.1.d.3:0.02366;4.A.3.b.5.c.1:0.02264;4.A.3.b.6.h.11:0.06251;4.A.4.a.2.h.7:0.06683;4.A.4.b.1.a.3:0.08491;4.A.4.b.3.e.3:0.02972;4.A.4.b.3.e.4:0.02972;4.A.4.b.4.a.7:0.02639;4.A.4.b.6.d.2:0.06828;4.A.4.b.6.d.3:0.02036;4.A.4.b.6.d.6:0.02036;4.A.4.c.2.a.4:0.02639
15-1241.00	Computer Network Architects	计算机网络架构师	4	33	4.A.1.a.1.t.4:0.03028;4.A.1.a.2.j.2:0.03024;4.A.1.b.2.h.1:0.01462;4.A.1.b.3.b.1:0.02898;4.A.2.a.1.j.1:0.03134;4.A.2.a.4.b.5:0.01382;4.A.2.a.4.g.14:0.01643;4.A.2.b.2.b.5:0.01601;4.A.2.b.2.b.7:0.01075;4.A.2.b.2.p.2:0.03740;4.A.2.b.3.a.7:0.02317;4.A.3.b.1.c.1:0.01075;4.A.3.b.1.c.2:0.01075;4.A.3.b.1.c.4:0.01601;4.A.3.b.1.d.1:0.03538;4.A.3.b.2.a.5:0.06065;4.A.3.b.2.d.2:0.05737;4.A.3.b.2.f.15:0.03235;4.A.3.b.2.f.3:0.01141;4.A.3.b.2.f.9:0.01832;4.A.3.b.5.c.1:0.02207;4.A.3.b.5.c.2:0.10193;4.A.3.b.6.i.3:0.03277;4.A.4.a.2.h.7:0.03058;4.A.4.a.2.h.9:0.05408;4.A.4.b.1.a.3:0.01567;4.A.4.b.1.g.3:0.01141;4.A.4.b.3.e.3:0.02822;4.A.4.b.4.a.7:0.03007;4.A.4.b.4.e.4:0.03327;4.A.4.b.4.h.6:0.01314;4.A.4.b.4.h.7:0.04406;4.A.4.b.4.j.32:0.02654;4.A.4.b.6.d.5:0.03184;4.A.4.b.6.d.6:0.01832
15-1241.01	Telecommunications Engineering Specialists	电信工程专员	3	26	4.A.1.a.1.t.4:0.03868;4.A.1.a.2.j.2:0.01884;4.A.1.b.2.h.1:0.01830;4.A.1.b.3.b.1:0.04057;4.A.2.a.1.g.2:0.03977;4.A.2.a.1.j.1:0.01830;4.A.2.a.4.e.5:0.03659;4.A.2.a.4.l.2:0.01884;4.A.2.b.1.h.2:0.03878;4.A.2.b.2.p.2:0.04067;4.A.2.b.3.a.7:0.04156;4.A.3.b.1.b.1:0.09769;4.A.3.b.1.b.2:0.01964;4.A.3.b.1.c.1:0.01352;4.A.3.b.1.c.2:0.03197;4.A.3.b.1.d.2:0.02133;4.A.3.b.2.d.2:0.04087;4.A.3.b.5.c.1:0.03848;4.A.3.b.6.h.11:0.03599;4.A.3.b.6.h.2:0.03858;4.A.3.b.6.i.3:0.03271;4.A.3.b.6.i.4:0.04455;4.A.4.a.2.h.7:0.03689;4.A.4.b.3.e.3:0.03729;4.A.4.b.4.e.4:0.01352;4.A.4.b.4.j.32:0.06011;4.A.4.b.6.d.5:0.02133;4.A.4.c.3.a.6:0.06463
15-1242.00	Database Administrators	数据库管理员	4	18	4.A.1.a.1.b.7:0.09569;4.A.1.b.2.h.2:0.03096;4.A.2.a.1.g.6:0.06126;4.A.2.a.1.g.8:0.02512;4.A.2.a.4.b.6:0.02314;4.A.2.a.4.d.2:0.02314;4.A.2.b.2.b.7:0.03030;4.A.2.b.2.f.1:0.07041;4.A.2.b.2.f.4:0.06472;4.A.2.b.6.b.8:0.02841;4.A.3.b.1.a.3:0.02594;4.A.3.b.1.b.1:0.09494;4.A.3.b.1.c.1:0.03179;4.A.3.b.1.f.5:0.08449;4.A.3.b.2.a.7:0.05649;4.A.3.b.2.d.2:0.05171;4.A.3.b.2.f.9:0.03236;4.A.4.b.3.e.4:0.05863;4.A.4.b.4.e.4:0.02841;4.A.4.b.6.d.2:0.05698;4.A.4.b.6.d.3:0.02512
15-1243.00	Database Architects	数据库架构师	4	25	4.A.1.b.3.b.1:0.03666;4.A.2.a.1.g.6:0.05874;4.A.2.a.1.g.8:0.01939;4.A.2.a.4.b.6:0.02034;4.A.2.a.4.d.2:0.02034;4.A.2.b.2.b.3:0.02166;4.A.2.b.2.b.7:0.01902;4.A.2.b.2.f.1:0.11383;4.A.2.b.2.f.4:0.11156;4.A.3.b.1.a.3:0.01822;4.A.3.b.1.b.2:0.03909;4.A.3.b.1.c.1:0.01954;4.A.3.b.1.d.3:0.03771;4.A.3.b.2.a.7:0.02113;4.A.3.b.2.d.2:0.06338;4.A.3.b.2.f.1:0.10247;4.A.3.b.2.f.8:0.04278;4.A.3.b.6.i.4:0.02387;4.A.3.b.6.i.5:0.02086;4.A.4.a.2.h.7:0.04733;4.A.4.a.2.h.9:0.02086;4.A.4.b.3.e.4:0.02673;4.A.4.b.4.j.32:0.04120;4.A.4.b.6.d.2:0.03391;4.A.4.b.6.d.3:0.01939
15-1243.01	Data Warehousing Specialists	数据仓库专员	4	18	4.A.1.b.2.h.3:0.04558;4.A.2.a.1.j.1:0.05267;4.A.2.a.2.a.6:0.06410;4.A.2.a.4.d.2:0.01847;4.A.2.b.1.i.3:0.02568;4.A.2.b.2.b.10:0.03733;4.A.2.b.2.b.12:0.02568;4.A.2.b.2.b.7:0.01886;4.A.2.b.2.f.4:0.05918;4.A.2.b.2.o.13:0.08841;4.A.3.b.1.a.3:0.03733;4.A.3.b.1.d.2:0.05658;4.A.3.b.2.a.7:0.05195;4.A.3.b.2.d.2:0.11778;4.A.3.b.2.f.1:0.17277;4.A.3.b.2.f.15:0.05224;4.A.3.b.6.h.2:0.07539
15-1244.00	Network and Computer Systems Administrators	网络与计算机系统管理员	3	20	4.A.1.a.1.n.5:0.01539;4.A.1.a.1.t.4:0.01422;4.A.1.a.2.j.2:0.10246;4.A.1.b.2.h.1:0.01628;4.A.1.b.2.h.3:0.01628;4.A.2.a.4.e.5:0.03092;4.A.2.a.4.g.14:0.04604;4.A.2.b.1.h.2:0.03092;4.A.2.b.2.b.5:0.01628;4.A.2.b.3.a.7:0.01422;4.A.3.b.1.b.1:0.11754;4.A.3.b.1.b.2:0.03053;4.A.3.b.1.c.2:0.03916;4.A.3.b.1.d.1:0.01927;4.A.3.b.1.d.2:0.01927;4.A.3.b.1.d.3:0.01927;4.A.3.b.2.f.9:0.03200;4.A.3.b.5.c.2:0.08077;4.A.3.b.6.h.11:0.02351;4.A.3.b.6.i.3:0.05123;4.A.4.b.1.a.3:0.02660;4.A.4.b.3.e.4:0.04533;4.A.4.b.4.j.36:0.04660;4.A.4.b.6.d.5:0.06786;4.A.4.b.6.d.6:0.02975;4.A.4.c.3.a.6:0.04828
15-1251.00	Computer Programmers	计算机程序员	4	17	4.A.1.b.2.h.2:0.10624;4.A.1.b.2.h.3:0.09990;4.A.2.b.2.b.4:0.02632;4.A.2.b.2.b.7:0.14059;4.A.2.b.2.b.8:0.02632;4.A.2.b.2.o.13:0.02908;4.A.3.b.1.a.3:0.06961;4.A.3.b.1.d.3:0.03558;4.A.3.b.2.d.2:0.02908;4.A.3.b.6.i.5:0.05783;4.A.3.b.6.l.8:0.05312;4.A.4.b.1.a.3:0.12248;4.A.4.b.1.f.6:0.01744;4.A.4.b.3.e.3:0.02404;4.A.4.b.3.e.4:0.08138;4.A.4.b.4.a.7:0.01744;4.A.4.b.4.e.7:0.01744;4.A.4.b.4.j.32:0.04613
15-1252.00	Software Developers	软件开发工程师	4	17	4.A.1.a.2.j.3:0.06796;4.A.2.a.1.g.6:0.02961;4.A.2.a.4.d.1:0.01958;4.A.2.a.4.e.5:0.17750;4.A.2.b.2.b.10:0.01958;4.A.2.b.2.b.7:0.08127;4.A.3.b.1.f.7:0.02961;4.A.3.b.2.a.7:0.05823;4.A.3.b.2.f.15:0.03217;4.A.4.a.2.h.7:0.06186;4.A.4.a.2.h.9:0.06071;4.A.4.b.1.a.3:0.05477;4.A.4.b.1.f.6:0.02582;4.A.4.b.3.e.3:0.04800;4.A.4.b.4.a.7:0.08372;4.A.4.b.4.e.4:0.06186;4.A.4.b.4.e.7:0.03217;4.A.4.b.6.d.2:0.05559
15-1253.00	Software Quality Assurance Analysts and Testers	软件质量保证分析师与测试员	4	30	4.A.1.a.1.b.7:0.01552;4.A.1.a.2.j.3:0.05114;4.A.1.b.2.h.2:0.05215;4.A.1.b.2.h.3:0.10422;4.A.2.a.1.g.6:0.01667;4.A.2.a.1.g.8:0.01378;4.A.2.a.2.c.2:0.01984;4.A.2.a.4.d.2:0.02790;4.A.2.a.4.g.14:0.01329;4.A.2.b.2.b.7:0.03333;4.A.2.b.2.f.4:0.03519;4.A.2.b.6.b.8:0.01696;4.A.3.b.1.c.1:0.06538;4.A.3.b.1.d.2:0.01329;4.A.3.b.1.f.7:0.01667;4.A.3.b.2.a.7:0.03494;4.A.3.b.2.f.15:0.15739;4.A.3.b.6.h.11:0.03075;4.A.3.b.6.i.5:0.03646;4.A.4.a.2.g.8:0.01984;4.A.4.a.2.h.7:0.03418;4.A.4.a.3.c.5:0.03231;4.A.4.b.1.a.3:0.01416;4.A.4.b.1.g.3:0.03146;4.A.4.b.6.d.3:0.03333;4.A.4.b.6.d.6:0.07984
15-1254.00	Web Developers	网页开发工程师	3	29	4.A.1.a.1.t.4:0.01306;4.A.1.a.2.j.1:0.01771;4.A.1.b.2.h.3:0.07721;4.A.2.a.1.g.8:0.01477;4.A.2.a.4.e.5:0.03599;4.A.2.b.2.b.8:0.08233;4.A.2.b.2.f.4:0.03846;4.A.2.b.2.o.13:0.02593;4.A.2.b.3.a.7:0.03637;4.A.3.b.1.a.3:0.02175;4.A.3.b.1.b.1:0.01724;4.A.3.b.1.b.2:0.04131;4.A.3.b.1.c.2:0.01396;4.A.3.b.1.c.4:0.04691;4.A.3.b.1.f.4:0.09383;4.A.3.b.2.a.3:0.09592;4.A.3.b.2.d.2:0.03029;4.A.3.b.2.f.9:0.01724;4.A.3.b.6.i.3:0.03181;4.A.3.b.6.i.5:0.04668;4.A.4.a.2.e.2:0.03371;4.A.4.a.3.c.5:0.03485;4.A.4.b.1.a.3:0.06875;4.A.4.b.6.d.3:0.01477;4.A.4.b.6.d.5:0.01695;4.A.4.b.6.d.6:0.03219
15-1255.00	Web and Digital Interface Designers	网页与数字界面设计师	4	30	4.A.1.a.1.n.2:0.01777;4.A.1.a.1.t.4:0.03137;4.A.1.b.2.h.3:0.05425;4.A.2.a.4.g.3:0.01777;4.A.2.b.1.i.6:0.01880;4.A.2.b.2.b.8:0.09730;4.A.2.b.2.o.13:0.02345;4.A.2.b.2.o.14:0.03371;4.A.2.b.2.o.20:0.02810;4.A.2.b.3.a.7:0.03704;4.A.2.b.6.b.8:0.01141;4.A.3.b.1.a.3:0.01923;4.A.3.b.1.d.2:0.01347;4.A.3.b.1.d.3:0.01347;4.A.3.b.1.f.4:0.11502;4.A.3.b.2.a.3:0.10522;4.A.3.b.2.d.2:0.05111;4.A.3.b.2.f.15:0.01618;4.A.3.b.6.c.6:0.03264;4.A.3.b.6.i.3:0.02776;4.A.3.b.6.i.5:0.03128;4.A.4.a.2.e.2:0.03789;4.A.4.a.2.h.7:0.03798;4.A.4.a.3.c.5:0.03676;4.A.4.b.1.a.3:0.06290;4.A.4.b.4.a.7:0.01141;4.A.4.b.6.d.5:0.01669
15-1255.01	Video Game Designers	电子游戏设计师	4	24	4.A.1.b.2.h.3:0.08828;4.A.2.a.4.b.6:0.03811;4.A.2.b.2.b.9:0.22256;4.A.2.b.2.o.14:0.11940;4.A.2.b.3.a.7:0.03864;4.A.3.b.2.f.15:0.03472;4.A.3.b.6.i.5:0.06769;4.A.4.a.2.h.7:0.16513;4.A.4.a.2.h.9:0.16196;4.A.4.b.1.g.3:0.02223;4.A.4.b.4.a.7:0.01905;4.A.4.b.4.e.7:0.02223
15-1299.01	Web Administrators	网站管理员	4	35	4.A.1.a.2.j.1:0.01755;4.A.1.b.2.h.2:0.04310;4.A.1.b.2.h.3:0.02433;4.A.2.a.1.g.8:0.01140;4.A.2.a.4.b.5:0.05907;4.A.2.a.4.g.14:0.02745;4.A.2.b.1.h.2:0.02726;4.A.2.b.1.i.4:0.02345;4.A.2.b.2.b.7:0.01686;4.A.2.b.2.b.8:0.02807;4.A.2.b.2.p.2:0.03141;4.A.2.b.3.a.7:0.02748;4.A.3.b.1.b.1:0.04628;4.A.3.b.1.b.2:0.01686;4.A.3.b.1.c.1:0.01426;4.A.3.b.1.c.2:0.01426;4.A.3.b.1.d.3:0.06241;4.A.3.b.1.f.4:0.02851;4.A.3.b.2.a.3:0.04049;4.A.3.b.2.a.7:0.02741;4.A.3.b.2.f.15:0.05167;4.A.3.b.2.f.9:0.03262;4.A.3.b.5.c.2:0.04357;4.A.3.b.6.h.11:0.01411;4.A.3.b.6.h.2:0.07216;4.A.3.b.6.i.5:0.01374;4.A.4.a.2.e.2:0.02726;4.A.4.b.1.a.3:0.04797;4.A.4.b.3.e.4:0.01330;4.A.4.b.4.h.7:0.01429;4.A.4.b.6.d.2:0.03939;4.A.4.b.6.d.3:0.01140;4.A.4.b.6.d.6:0.03060
15-1299.02	Geographic Information Systems Technologists and Technicians	地理信息系统技术员	4	29	4.A.1.a.1.t.4:0.01644;4.A.1.b.2.h.3:0.01086;4.A.2.a.2.a.6:0.04274;4.A.2.a.4.a.6:0.01435;4.A.2.a.4.d.2:0.08783;4.A.2.b.2.b.10:0.02864;4.A.2.b.2.b.3:0.01086;4.A.2.b.2.b.5:0.01644;4.A.2.b.2.f.4:0.08812;4.A.2.b.2.o.14:0.17371;4.A.2.b.2.u.3:0.03537;4.A.2.b.3.a.7:0.03278;4.A.3.b.1.a.3:0.02864;4.A.3.b.1.d.2:0.01709;4.A.3.b.1.f.5:0.05764;4.A.3.b.1.f.7:0.05156;4.A.3.b.2.d.2:0.01186;4.A.3.b.6.c.5:0.02117;4.A.3.b.6.i.4:0.01086;4.A.4.a.2.h.7:0.03218;4.A.4.b.1.a.3:0.01709;4.A.4.b.3.e.4:0.03118;4.A.4.b.4.j.32:0.03517;4.A.4.b.6.d.2:0.06805;4.A.4.b.6.d.6:0.05938
15-1299.03	Document Management Specialists	文档管理专员	4	23	4.A.1.a.1.d.5:0.13033;4.A.1.a.1.n.5:0.04356;4.A.1.a.2.j.1:0.04106;4.A.1.a.2.k.8:0.04412;4.A.2.a.1.g.1:0.02359;4.A.2.a.4.e.8:0.02359;4.A.2.a.4.g.14:0.03187;4.A.2.b.3.a.7:0.04367;4.A.3.b.1.b.1:0.04696;4.A.3.b.1.f.7:0.07231;4.A.3.b.2.a.7:0.02365;4.A.3.b.2.f.1:0.09574;4.A.3.b.2.f.15:0.04537;4.A.3.b.2.f.16:0.10294;4.A.3.b.6.h.2:0.02365;4.A.3.b.6.i.4:0.04163;4.A.3.b.6.l.8:0.03902;4.A.4.b.1.g.3:0.04537;4.A.4.b.6.d.2:0.04095;4.A.4.b.6.d.6:0.04061
15-1299.04	Penetration Testers	渗透测试员	4	22	4.A.1.a.1.c.5:0.04228;4.A.1.a.1.c.7:0.04816;4.A.1.a.1.d.7:0.04969;4.A.1.b.2.h.2:0.04762;4.A.1.b.2.l.2:0.02212;4.A.2.a.1.g.7:0.04239;4.A.2.a.4.c.3:0.04293;4.A.2.a.4.l.2:0.09949;4.A.2.a.4.l.3:0.04707;4.A.2.b.2.b.2:0.03705;4.A.2.b.3.a.3:0.09807;4.A.2.b.4.a.1:0.04282;4.A.3.b.2.f.15:0.11158;4.A.3.b.2.f.9:0.04086;4.A.3.b.6.c.4:0.08107;4.A.3.b.6.c.5:0.04991;4.A.3.b.6.c.8:0.05274;4.A.4.a.2.h.6:0.04413
15-1299.05	Information Security Engineers	信息安全工程师	4	20	4.A.1.a.1.b.7:0.02346;4.A.1.a.1.c.7:0.05266;4.A.1.a.2.k.6:0.02346;4.A.1.b.2.h.2:0.05341;4.A.2.a.1.g.3:0.02458;4.A.2.a.1.g.8:0.05503;4.A.2.a.4.l.2:0.05690;4.A.2.b.2.b.1:0.04879;4.A.2.b.2.l.1:0.02458;4.A.2.b.4.a.2:0.05303;4.A.3.b.1.b.1:0.02458;4.A.3.b.1.c.1:0.04879;4.A.3.b.1.d.2:0.04667;4.A.3.b.2.a.7:0.02458;4.A.3.b.6.c.6:0.04629;4.A.4.b.3.d.15:0.02670;4.A.4.b.4.a.7:0.02670;4.A.4.b.4.e.7:0.20202;4.A.4.b.4.j.34:0.04642;4.A.4.b.6.d.1:0.04218;4.A.4.b.6.d.6:0.04916
15-1299.06	Digital Forensics Analysts	数字取证分析师	4	20	4.A.1.a.1.c.5:0.18015;4.A.1.a.2.j.1:0.06137;4.A.2.a.2.c.2:0.05716;4.A.2.a.4.g.16:0.02297;4.A.2.a.4.l.2:0.03904;4.A.2.b.1.h.2:0.01984;4.A.2.b.2.l.5:0.04491;4.A.2.b.3.a.15:0.05499;4.A.2.b.6.b.9:0.05001;4.A.3.b.1.a.3:0.01882;4.A.3.b.1.f.10:0.01882;4.A.3.b.2.f.14:0.01984;4.A.3.b.5.c.6:0.04619;4.A.3.b.6.c.6:0.10347;4.A.3.b.6.e.1:0.06226;4.A.3.b.6.h.9:0.06188;4.A.4.a.1.c.1:0.05256;4.A.4.a.3.a.1:0.02871;4.A.4.b.6.d.3:0.01844;4.A.4.b.6.d.6:0.03859
15-1299.07	Blockchain Engineers	区块链工程师	4	17	4.A.1.b.2.h.2:0.12443;4.A.2.a.1.g.2:0.05155;4.A.2.a.1.g.8:0.05999;4.A.2.a.4.l.2:0.06443;4.A.2.b.2.b.10:0.02556;4.A.2.b.2.b.5:0.08305;4.A.2.b.2.f.4:0.05556;4.A.3.b.1.a.3:0.11541;4.A.3.b.1.b.1:0.09765;4.A.3.b.1.c.1:0.02556;4.A.3.b.2.f.1:0.05341;4.A.3.b.2.f.9:0.06171;4.A.3.b.5.c.6:0.05641;4.A.4.a.2.h.6:0.12529
15-1299.08	Computer Systems Engineers/Architects	计算机系统工程师/架构师	3	28	4.A.1.a.1.t.4:0.01878;4.A.1.a.2.j.3:0.03929;4.A.1.b.2.h.1:0.01792;4.A.1.b.2.h.2:0.05673;4.A.1.b.2.h.3:0.01792;4.A.2.a.1.g.8:0.07119;4.A.2.a.4.l.2:0.03526;4.A.2.b.1.h.2:0.03795;4.A.2.b.2.b.10:0.05908;4.A.2.b.2.b.3:0.01561;4.A.2.b.2.b.5:0.03449;4.A.2.b.2.v.2:0.03478;4.A.2.b.6.b.8:0.03257;4.A.3.b.1.c.1:0.01265;4.A.3.b.1.c.2:0.01265;4.A.3.b.1.c.4:0.03747;4.A.3.b.2.a.7:0.03468;4.A.3.b.2.d.2:0.01561;4.A.3.b.2.f.8:0.04016;4.A.3.b.5.c.1:0.01265;4.A.3.b.6.c.5:0.01619;4.A.3.b.6.i.4:0.03583;4.A.4.a.2.h.7:0.05904;4.A.4.a.2.h.9:0.01619;4.A.4.b.3.e.4:0.03161;4.A.4.b.4.e.4:0.03929;4.A.4.b.4.e.7:0.03997;4.A.4.b.4.j.32:0.01830;4.A.4.b.6.d.2:0.03497;4.A.4.b.6.d.6:0.07119
15-1299.09	Information Technology Project Managers	信息技术项目经理	4	21	4.A.1.a.1.n.5:0.04932;4.A.1.a.2.c.1:0.05038;4.A.1.a.2.k.2:0.02495;4.A.2.a.1.g.8:0.02495;4.A.2.a.4.d.2:0.02349;4.A.2.a.4.l.2:0.04756;4.A.2.b.1.h.2:0.04756;4.A.2.b.6.b.8:0.11977;4.A.3.b.2.f.3:0.04580;4.A.3.b.2.f.8:0.04756;4.A.3.b.6.c.5:0.02349;4.A.4.b.1.a.3:0.05143;4.A.4.b.1.f.6:0.04450;4.A.4.b.4.a.7:0.06928;4.A.4.b.4.e.7:0.14843;4.A.4.b.4.h.7:0.04638;4.A.4.b.4.j.36:0.04357;4.A.4.c.2.a.4:0.09159
15-2011.00	Actuaries	精算师	4	15	4.A.2.a.4.d.2:0.06669;4.A.2.a.4.f.1:0.08032;4.A.2.a.4.g.12:0.02883;4.A.2.a.4.g.2:0.02883;4.A.2.b.2.v.2:0.07214;4.A.4.a.2.e.2:0.07650;4.A.4.a.3.a.1:0.09976;4.A.4.a.3.c.5:0.05997;4.A.4.a.7.b.10:0.06124;4.A.4.b.4.h.6:0.35247;4.A.4.b.6.b.2:0.03662;4.A.4.b.6.h.4:0.03662
15-2021.00	Mathematicians	数学家	5	12	4.A.2.a.4.d.1:0.08038;4.A.2.a.4.d.2:0.25909;4.A.2.a.4.l.2:0.03033;4.A.2.b.1.d.10:0.07052;4.A.2.b.2.b.3:0.08038;4.A.2.b.2.u.3:0.09001;4.A.2.b.3.a.1:0.04150;4.A.2.b.3.a.21:0.04150;4.A.2.b.3.a.7:0.09308;4.A.3.b.2.f.9:0.03033;4.A.3.b.6.c.1:0.04490;4.A.3.b.6.c.5:0.04490;4.A.4.a.2.b.1:0.04654;4.A.4.b.6.d.1:0.04654
15-2031.00	Operations Research Analysts	运筹分析师	5	17	4.A.1.a.1.t.4:0.03109;4.A.2.a.2.a.6:0.02153;4.A.2.a.4.d.1:0.04779;4.A.2.a.4.d.2:0.02626;4.A.2.a.4.e.5:0.06090;4.A.2.a.4.g.14:0.06147;4.A.2.b.1.d.10:0.07903;4.A.2.b.2.b.12:0.05054;4.A.2.b.2.b.3:0.05608;4.A.2.b.2.u.3:0.12635;4.A.2.b.3.a.1:0.04969;4.A.2.b.6.b.8:0.02683;4.A.3.b.1.d.2:0.03109;4.A.3.b.6.c.1:0.06559;4.A.3.b.6.h.11:0.06388;4.A.4.b.1.a.3:0.12323;4.A.4.b.3.d.18:0.05182;4.A.4.b.4.h.7:0.02683
15-2041.00	Statisticians	统计学家	5	19	4.A.2.a.1.j.1:0.03009;4.A.2.a.2.a.6:0.08170;4.A.2.a.4.d.1:0.05477;4.A.2.a.4.d.2:0.11598;4.A.2.a.4.e.1:0.02899;4.A.2.b.1.d.10:0.13247;4.A.2.b.2.b.10:0.05077;4.A.2.b.2.o.14:0.02912;4.A.2.b.2.s.4:0.13589;4.A.2.b.3.a.7:0.04407;4.A.3.b.1.a.3:0.01413;4.A.3.b.1.b.1:0.01413;4.A.3.b.1.c.1:0.01413;4.A.3.b.1.f.7:0.08106;4.A.3.b.6.c.1:0.08009;4.A.3.b.6.c.5:0.05393;4.A.4.b.4.a.7:0.03866
15-2041.01	Biostatisticians	生物统计学家	5	25	4.A.1.a.1.l.3:0.01814;4.A.1.a.1.n.5:0.01814;4.A.1.a.2.k.8:0.03959;4.A.2.a.4.d.1:0.05380;4.A.2.a.4.d.2:0.10806;4.A.2.a.4.f.1:0.07847;4.A.2.b.1.d.10:0.08570;4.A.2.b.2.b.3:0.01773;4.A.2.b.2.f.4:0.03728;4.A.2.b.2.o.14:0.04320;4.A.2.b.2.s.4:0.11735;4.A.2.b.2.u.3:0.02095;4.A.2.b.3.a.7:0.04320;4.A.2.b.6.b.8:0.04190;4.A.3.b.1.a.3:0.04310;4.A.3.b.6.c.1:0.04230;4.A.3.b.6.c.5:0.04230;4.A.3.b.6.g.2:0.03798;4.A.4.b.1.f.6:0.03517;4.A.4.b.3.e.4:0.03295;4.A.4.b.6.b.2:0.04270
15-2051.00	Data Scientists	数据科学家	4	16	4.A.2.a.4.d.1:0.11657;4.A.2.a.4.d.2:0.06034;4.A.2.a.4.g.12:0.07119;4.A.2.a.4.g.14:0.06429;4.A.2.a.4.k.4:0.06166;4.A.2.b.1.d.10:0.04933;4.A.2.b.1.j.11:0.06791;4.A.2.b.2.o.14:0.03560;4.A.2.b.2.u.3:0.06988;4.A.2.b.3.a.20:0.05557;4.A.3.b.1.a.3:0.05936;4.A.3.b.1.f.7:0.06643;4.A.3.b.2.f.13:0.04850;4.A.3.b.6.c.1:0.06922;4.A.3.b.6.c.5:0.03560;4.A.4.b.6.e.5:0.06856
15-2051.01	Business Intelligence Analysts	商业智能分析师	4	17	4.A.1.a.1.n.5:0.05736;4.A.2.a.4.b.6:0.33722;4.A.2.b.2.f.4:0.05830;4.A.2.b.3.a.7:0.05405;4.A.3.b.1.f.5:0.06870;4.A.3.b.2.d.2:0.05373;4.A.3.b.2.f.3:0.09541;4.A.3.b.6.c.5:0.07312;4.A.3.b.6.h.2:0.02939;4.A.3.b.6.i.4:0.05295;4.A.4.a.2.c.10:0.05752;4.A.4.b.6.d.2:0.06224
15-2051.02	Clinical Data Managers	临床数据管理员	4	21	4.A.1.a.1.d.8:0.04406;4.A.1.a.2.k.8:0.05172;4.A.2.a.1.g.8:0.02363;4.A.2.a.2.a.6:0.10415;4.A.2.a.4.f.1:0.04738;4.A.2.a.4.g.14:0.05517;4.A.2.b.2.b.10:0.04023;4.A.2.b.2.f.4:0.02874;4.A.2.b.3.a.7:0.04151;4.A.3.b.1.f.7:0.07899;4.A.3.b.2.f.1:0.07771;4.A.3.b.2.f.16:0.05045;4.A.3.b.6.c.5:0.05045;4.A.3.b.6.h.2:0.02299;4.A.3.b.6.l.8:0.02299;4.A.4.a.2.h.7:0.04853;4.A.4.a.2.h.9:0.05958;4.A.4.b.1.g.3:0.04393;4.A.4.b.3.e.4:0.04023;4.A.4.b.4.a.7:0.04393;4.A.4.b.6.d.6:0.02363
15-2099.01	Bioinformatics Technicians	生物信息学技术员	4	19	4.A.1.a.1.d.7:0.02774;4.A.2.a.1.g.6:0.02597;4.A.2.a.4.g.2:0.11611;4.A.2.b.2.b.4:0.27299;4.A.2.b.3.a.5:0.05018;4.A.3.b.1.b.2:0.02355;4.A.3.b.1.d.2:0.02355;4.A.3.b.1.f.12:0.04827;4.A.3.b.1.f.6:0.02774;4.A.3.b.2.f.10:0.10066;4.A.3.b.5.c.6:0.02597;4.A.3.b.6.c.2:0.05063;4.A.3.b.6.h.5:0.05210;4.A.4.a.2.c.14:0.04680;4.A.4.a.2.c.15:0.05828;4.A.4.b.3.d.4:0.04945
17-1011.00	Architects, Except Landscape and Naval	建筑师（不含景观与船舶）	5	25	4.A.1.a.1.j.3:0.06882;4.A.1.b.2.c.4:0.01845;4.A.1.b.2.e.12:0.08004;4.A.1.b.2.f.1:0.01845;4.A.2.a.4.e.8:0.03181;4.A.2.b.2.m.1:0.03548;4.A.2.b.2.o.16:0.11266;4.A.2.b.6.b.7:0.02304;4.A.3.b.2.b.2:0.12143;4.A.3.b.2.b.4:0.08615;4.A.3.b.6.i.1:0.03242;4.A.3.b.6.i.2:0.04129;4.A.3.b.6.m.6:0.12133;4.A.4.a.2.j.6:0.09166;4.A.4.a.6.c.1:0.03487;4.A.4.b.4.a.2:0.04078;4.A.4.b.4.e.10:0.04129
17-1012.00	Landscape Architects	景观设计师	4	19	4.A.1.b.2.e.12:0.11220;4.A.2.a.4.a.7:0.06015;4.A.2.b.1.j.2:0.02344;4.A.2.b.2.m.1:0.04448;4.A.2.b.2.o.16:0.10304;4.A.2.b.2.o.19:0.05843;4.A.2.b.3.a.20:0.04647;4.A.2.b.6.b.7:0.05179;4.A.3.b.2.b.2:0.13391;4.A.4.a.2.h.3:0.10888;4.A.4.a.2.j.6:0.06440;4.A.4.a.3.b.6:0.05099;4.A.4.a.6.c.1:0.04847;4.A.4.b.4.a.2:0.05099;4.A.4.b.6.b.3:0.04236
17-1021.00	Cartographers and Photogrammetrists	制图员与摄影测量员	4	14	4.A.1.a.1.f.3:0.15597;4.A.1.b.2.f.8:0.07497;4.A.1.b.3.d.3:0.07320;4.A.1.b.3.d.4:0.12194;4.A.2.a.4.a.7:0.07072;4.A.2.b.1.d.3:0.03297;4.A.2.b.1.j.1:0.03297;4.A.2.b.2.o.19:0.29918;4.A.3.b.1.e.2:0.06788;4.A.3.b.2.a.1:0.07019
17-1022.00	Surveyors	测量师	4	24	4.A.1.a.1.f.3:0.04693;4.A.1.a.1.t.4:0.01735;4.A.1.b.3.d.3:0.13365;4.A.1.b.3.d.4:0.16380;4.A.2.a.2.a.10:0.04714;4.A.2.a.4.a.7:0.04144;4.A.2.b.2.o.19:0.09200;4.A.2.b.3.a.10:0.01735;4.A.3.a.2.i.4:0.04072;4.A.3.b.2.a.6:0.09283;4.A.3.b.6.i.2:0.09428;4.A.4.a.3.a.1:0.04082;4.A.4.b.1.c.7:0.04196;4.A.4.b.3.d.2:0.02124;4.A.4.b.4.e.1:0.10847
17-1022.01	Geodetic Surveyors	大地测量师	4	16	4.A.1.a.1.f.3:0.06101;4.A.1.b.3.d.3:0.18937;4.A.1.b.3.d.4:0.12338;4.A.2.a.2.a.10:0.06705;4.A.2.a.4.a.7:0.06327;4.A.2.a.4.e.3:0.05708;4.A.2.a.4.g.3:0.06977;4.A.2.b.3.a.20:0.05980;4.A.3.b.6.h.21:0.06796;4.A.3.b.6.o.4:0.05723;4.A.4.a.3.b.6:0.06101;4.A.4.b.3.d.2:0.05920;4.A.4.b.4.e.1:0.06388
17-2011.00	Aerospace Engineers	航空航天工程师	4	14	4.A.1.a.1.f.1:0.03065;4.A.1.a.1.v.1:0.03761;4.A.1.a.2.b.16:0.01932;4.A.1.b.2.g.11:0.03761;4.A.1.b.2.l.2:0.07615;4.A.2.a.3.b.4:0.01932;4.A.2.a.4.e.3:0.07782;4.A.2.a.4.e.6:0.06742;4.A.2.a.4.i.2:0.01932;4.A.2.b.1.c.4:0.03065;4.A.3.b.2.a.1:0.07689;4.A.3.b.2.d.1:0.07504;4.A.3.b.2.e.1:0.07857;4.A.3.b.6.h.21:0.06909;4.A.3.b.6.i.1:0.07281;4.A.4.b.4.e.10:0.14636;4.A.4.b.4.g.1:0.06538
17-2021.00	Agricultural Engineers	农业工程师	4	14	4.A.1.a.1.j.3:0.03896;4.A.1.b.2.l.2:0.07178;4.A.2.b.2.o.18:0.09472;4.A.2.b.2.q.5:0.03253;4.A.2.b.6.b.7:0.07099;4.A.3.b.2.b.4:0.03530;4.A.3.b.2.c.1:0.07198;4.A.3.b.2.e.3:0.06921;4.A.3.b.6.g.3:0.02670;4.A.3.b.6.i.2:0.02670;4.A.4.a.2.j.6:0.11103;4.A.4.b.1.a.2:0.03896;4.A.4.b.1.c.2:0.03609;4.A.4.b.3.d.2:0.06921;4.A.4.b.4.i.3:0.03530;4.A.4.b.4.j.2:0.03253;4.A.4.b.4.j.24:0.06723;4.A.4.b.6.c.2:0.07079
17-2031.00	Bioengineers and Biomedical Engineers	生物医学工程师	4	30	4.A.1.a.1.t.1:0.16092;4.A.1.b.3.b.4:0.01065;4.A.2.a.1.g.7:0.04147;4.A.2.a.4.g.3:0.03308;4.A.2.b.1.h.10:0.01065;4.A.2.b.2.b.1:0.03899;4.A.2.b.2.k.4:0.07188;4.A.2.b.2.q.5:0.02641;4.A.2.b.2.s.1:0.02498;4.A.2.b.3.a.20:0.03689;4.A.2.b.6.b.7:0.01065;4.A.3.b.2.d.1:0.07407;4.A.3.b.2.f.14:0.03384;4.A.3.b.6.c.9:0.02031;4.A.3.b.6.h.21:0.03727;4.A.3.b.6.i.1:0.03460;4.A.3.b.6.m.6:0.02031;4.A.4.a.2.h.3:0.09628;4.A.4.b.1.c.2:0.06311;4.A.4.b.3.d.2:0.02908;4.A.4.b.4.a.2:0.03680;4.A.4.b.6.b.3:0.02860;4.A.4.b.6.e.9:0.05920
17-2041.00	Chemical Engineers	化学工程师	4	14	4.A.1.a.1.i.2:0.03202;4.A.1.a.1.t.1:0.18287;4.A.1.a.2.b.15:0.03515;4.A.1.b.2.g.9:0.06717;4.A.1.b.3.b.4:0.03622;4.A.2.a.1.g.7:0.08143;4.A.2.b.1.b.1:0.08319;4.A.2.b.1.d.3:0.06620;4.A.2.b.2.b.3:0.03017;4.A.2.b.2.e.2:0.08651;4.A.3.b.2.c.1:0.07362;4.A.3.b.2.c.6:0.06405;4.A.3.b.2.f.14:0.06542;4.A.3.b.6.o.4:0.03622;4.A.4.b.4.j.24:0.05975
17-2051.00	Civil Engineers	土木工程师	4	16	4.A.1.a.1.j.3:0.08449;4.A.1.b.2.c.4:0.07327;4.A.1.b.2.e.12:0.06961;4.A.1.b.3.b.4:0.06178;4.A.1.b.3.d.4:0.06387;4.A.2.a.4.e.1:0.06404;4.A.2.b.1.h.1:0.06840;4.A.2.b.1.i.6:0.02489;4.A.2.b.2.m.7:0.04473;4.A.2.b.2.o.3:0.06753;4.A.3.b.2.b.2:0.05221;4.A.3.b.2.f.14:0.05595;4.A.3.b.6.g.3:0.03046;4.A.4.a.3.b.6:0.03046;4.A.4.b.1.g.2:0.07396;4.A.4.b.4.i.3:0.06961;4.A.4.b.6.e.9:0.06474
17-2051.01	Transportation Engineers	交通工程师	4	26	4.A.1.a.1.j.3:0.03729;4.A.1.b.2.c.4:0.03677;4.A.1.b.2.e.12:0.07469;4.A.1.b.3.b.4:0.04108;4.A.2.a.1.g.7:0.07774;4.A.2.a.3.b.4:0.03425;4.A.2.a.4.e.1:0.03866;4.A.2.a.4.e.3:0.04444;4.A.2.b.2.b.1:0.03152;4.A.2.b.2.m.4:0.03982;4.A.2.b.2.o.3:0.04139;4.A.2.b.5.b.7:0.01299;4.A.2.b.6.b.7:0.07291;4.A.3.b.2.a.6:0.01299;4.A.3.b.2.b.2:0.03246;4.A.3.b.2.b.3:0.04780;4.A.3.b.2.d.1:0.03624;4.A.3.b.6.c.8:0.04307;4.A.4.a.2.h.3:0.04202;4.A.4.a.3.b.6:0.04202;4.A.4.a.7.b.10:0.01775;4.A.4.a.7.b.4:0.01775;4.A.4.b.4.e.1:0.03351;4.A.4.b.4.h.10:0.01299;4.A.4.b.4.j.4:0.03677;4.A.4.b.6.i.3:0.04108
17-2051.02	Water/Wastewater Engineers	水务与污水处理工程师	4	28	4.A.1.a.1.j.3:0.07000;4.A.1.a.1.t.5:0.06810;4.A.1.b.1.b.6:0.01905;4.A.2.a.1.g.7:0.01905;4.A.2.a.4.a.7:0.03533;4.A.2.a.4.e.3:0.04095;4.A.2.a.4.e.8:0.03571;4.A.2.a.4.g.3:0.06533;4.A.2.b.1.j.1:0.01881;4.A.2.b.6.b.7:0.03429;4.A.3.b.2.b.3:0.16338;4.A.3.b.2.b.4:0.03333;4.A.3.b.2.c.1:0.07524;4.A.3.b.2.d.1:0.06629;4.A.3.b.2.f.14:0.03619;4.A.3.b.6.c.8:0.03410;4.A.4.b.4.a.2:0.01486;4.A.4.b.4.j.2:0.03457;4.A.4.b.6.c.2:0.06867;4.A.4.b.6.d.1:0.01486;4.A.4.b.6.e.9:0.05190
17-2061.00	Computer Hardware Engineers	计算机硬件工程师	4	18	4.A.1.a.2.k.6:0.05202;4.A.1.b.2.g.9:0.05984;4.A.1.b.2.l.2:0.03123;4.A.2.a.4.e.2:0.18222;4.A.2.b.1.j.2:0.05662;4.A.2.b.3.a.20:0.06613;4.A.3.a.2.d.2:0.04435;4.A.3.b.2.a.6:0.05018;4.A.3.b.2.d.3:0.03123;4.A.3.b.2.e.3:0.06414;4.A.3.b.6.i.1:0.06138;4.A.4.a.2.h.3:0.06353;4.A.4.b.3.d.2:0.01800;4.A.4.b.4.a.2:0.05739;4.A.4.b.6.b.3:0.04585;4.A.4.b.6.d.1:0.01800;4.A.4.b.6.e.9:0.09790
17-2071.00	Electrical Engineers	电气工程师	4	22	4.A.1.a.1.f.4:0.02311;4.A.1.a.1.v.1:0.04571;4.A.1.a.2.b.15:0.02311;4.A.1.a.2.b.9:0.04609;4.A.1.b.2.c.2:0.04659;4.A.1.b.3.b.4:0.02235;4.A.1.b.3.d.4:0.04020;4.A.2.b.1.h.1:0.09355;4.A.2.b.2.b.1:0.01503;4.A.2.b.2.b.6:0.01503;4.A.2.b.2.m.6:0.04571;4.A.2.b.2.m.8:0.07927;4.A.2.b.2.o.5:0.04559;4.A.2.b.2.s.1:0.04358;4.A.3.b.1.e.2:0.04796;4.A.3.b.2.b.4:0.01749;4.A.3.b.2.c.6:0.01503;4.A.3.b.2.e.2:0.06007;4.A.3.b.5.c.4:0.01749;4.A.3.b.6.o.4:0.04496;4.A.4.a.2.h.3:0.02342;4.A.4.a.2.j.6:0.02342;4.A.4.b.3.d.2:0.02148;4.A.4.b.4.a.2:0.02148;4.A.4.b.4.h.10:0.02235;4.A.4.b.4.i.3:0.01653;4.A.4.b.4.i.4:0.01653;4.A.4.b.4.j.24:0.05034;4.A.4.b.4.j.4:0.01653
17-2072.00	Electronics Engineers, Except Computer	电子工程师（不含计算机）	4	20	4.A.1.a.1.t.3:0.07143;4.A.1.b.2.c.2:0.05136;4.A.1.b.2.f.8:0.04837;4.A.1.b.3.b.4:0.02171;4.A.2.a.1.g.7:0.05930;4.A.2.a.4.e.2:0.05031;4.A.2.b.1.h.1:0.04582;4.A.2.b.2.o.8:0.04388;4.A.2.b.5.b.7:0.01627;4.A.3.b.1.e.2:0.06065;4.A.3.b.2.a.6:0.05241;4.A.3.b.2.e.3:0.11246;4.A.3.b.6.i.2:0.07018;4.A.3.b.6.o.4:0.01627;4.A.4.a.2.h.3:0.01862;4.A.4.a.2.j.6:0.01862;4.A.4.a.3.b.6:0.03549;4.A.4.b.1.c.2:0.01862;4.A.4.b.4.h.10:0.02171;4.A.4.b.4.j.24:0.05690;4.A.4.b.6.b.3:0.02763;4.A.4.b.6.d.1:0.02763;4.A.4.b.6.e.9:0.05436
17-2072.01	Radio Frequency Identification Device Specialists	射频识别设备专员	4	21	4.A.1.a.1.f.4:0.04793;4.A.1.b.2.g.11:0.04717;4.A.1.b.2.g.9:0.04819;4.A.1.b.2.l.2:0.11311;4.A.2.a.1.g.5:0.04743;4.A.2.a.4.e.2:0.09397;4.A.2.a.4.g.3:0.04148;4.A.2.b.1.d.3:0.04819;4.A.2.b.1.h.1:0.05249;4.A.2.b.1.j.2:0.04831;4.A.2.b.2.b.1:0.05173;4.A.2.b.2.o.8:0.04224;4.A.2.b.3.a.20:0.04654;4.A.3.a.2.t.5:0.01585;4.A.3.b.2.e.3:0.05249;4.A.3.b.2.f.14:0.04654;4.A.3.b.5.c.4:0.01585;4.A.3.b.6.i.2:0.04591;4.A.4.b.3.d.2:0.04667;4.A.4.b.6.b.3:0.04793
17-2081.00	Environmental Engineers	环境工程师	4	29	4.A.1.a.1.j.3:0.03857;4.A.1.a.2.i.4:0.03774;4.A.1.b.2.c.4:0.01584;4.A.1.b.2.e.12:0.06648;4.A.2.b.2.m.4:0.03939;4.A.2.b.3.a.9:0.01529;4.A.2.b.6.b.7:0.01584;4.A.3.a.2.ap.4:0.01584;4.A.3.b.2.a.6:0.01905;4.A.3.b.2.f.14:0.03508;4.A.3.b.6.c.6:0.01497;4.A.3.b.6.c.7:0.01497;4.A.3.b.6.c.8:0.04917;4.A.3.b.6.h.21:0.08659;4.A.3.b.6.i.1:0.01763;4.A.3.b.6.o.4:0.01905;4.A.4.a.2.b.3:0.03242;4.A.4.a.2.c.20:0.01529;4.A.4.a.2.h.3:0.03269;4.A.4.a.3.b.6:0.03499;4.A.4.b.1.a.2:0.03848;4.A.4.b.3.c.2:0.03242;4.A.4.b.3.d.2:0.01630;4.A.4.b.4.h.10:0.03489;4.A.4.b.4.j.2:0.08517;4.A.4.b.6.c.2:0.14187;4.A.4.c.3.e.3:0.03398
17-2111.00	Health and Safety Engineers, Except Mining Safety Engineers and Inspectors	健康安全工程师（不含矿山安全）	4	27	4.A.1.a.1.j.3:0.03245;4.A.1.a.1.t.7:0.03293;4.A.1.a.1.t.9:0.12420;4.A.1.a.1.v.3:0.15597;4.A.1.a.2.g.13:0.01235;4.A.1.b.2.e.12:0.02888;4.A.1.b.2.g.14:0.01235;4.A.1.b.2.g.2:0.01235;4.A.1.b.2.k.2:0.03659;4.A.2.a.4.e.3:0.03774;4.A.2.b.2.e.2:0.06653;4.A.2.b.3.a.20:0.04130;4.A.3.a.2.a.10:0.01852;4.A.3.a.2.aa.1:0.01593;4.A.3.b.2.c.3:0.01593;4.A.3.b.6.h.21:0.02036;4.A.3.b.6.i.1:0.03716;4.A.3.b.6.i.7:0.02036;4.A.4.a.1.a.4:0.03822;4.A.4.a.2.h.3:0.05035;4.A.4.a.3.a.1:0.03668;4.A.4.b.1.a.2:0.01579;4.A.4.b.3.c.2:0.04130;4.A.4.b.4.i.4:0.01852;4.A.4.b.6.i.3:0.07722
17-2111.02	Fire-Prevention and Protection Engineers	消防工程师	4	14	4.A.1.a.1.u.2:0.03242;4.A.1.a.2.k.9:0.02633;4.A.1.b.2.e.12:0.07898;4.A.2.a.3.a.2:0.02633;4.A.2.a.3.a.4:0.02633;4.A.2.a.4.i.4:0.07031;4.A.2.b.1.b.1:0.06692;4.A.2.b.2.e.4:0.07992;4.A.2.b.3.a.10:0.06183;4.A.2.b.3.a.13:0.02941;4.A.2.b.3.a.20:0.06748;4.A.2.b.6.b.7:0.06409;4.A.3.b.6.c.8:0.07898;4.A.4.b.1.g.2:0.02287;4.A.4.b.3.c.2:0.06673;4.A.4.b.4.i.4:0.02287;4.A.4.b.4.j.4:0.02287;4.A.4.b.6.i.3:0.15533
17-2112.00	Industrial Engineers	工业工程师	4	20	4.A.1.a.1.b.8:0.09546;4.A.1.b.3.b.4:0.05614;4.A.2.a.4.e.3:0.05204;4.A.2.a.4.e.5:0.05374;4.A.2.a.4.e.6:0.04766;4.A.2.b.1.d.3:0.05544;4.A.2.b.1.i.6:0.04837;4.A.2.b.2.o.21:0.05134;4.A.2.b.2.s.1:0.04398;4.A.2.b.5.b.7:0.08910;4.A.3.b.2.f.14:0.04950;4.A.3.b.6.i.1:0.01617;4.A.3.b.6.i.2:0.05176;4.A.3.b.6.m.6:0.01617;4.A.3.b.6.o.4:0.01617;4.A.4.a.2.h.3:0.07029;4.A.4.a.2.j.6:0.01782;4.A.4.b.1.c.2:0.01782;4.A.4.b.4.a.2:0.05077;4.A.4.b.4.g.1:0.04837;4.A.4.b.6.e.9:0.05190
17-2112.01	Human Factors Engineers and Ergonomists	人因工程师	5	26	4.A.1.a.1.t.7:0.27498;4.A.1.a.1.v.3:0.03995;4.A.1.b.2.e.12:0.04283;4.A.1.b.2.l.2:0.03258;4.A.2.a.1.g.5:0.04082;4.A.2.a.4.g.3:0.01993;4.A.2.b.1.h.1:0.01725;4.A.2.b.1.h.10:0.01725;4.A.2.b.2.s.1:0.07320;4.A.3.b.2.a.6:0.04024;4.A.3.b.2.d.1:0.06324;4.A.3.b.2.f.14:0.01993;4.A.3.b.6.g.3:0.03976;4.A.3.b.6.i.1:0.03401;4.A.3.b.6.i.7:0.04216;4.A.4.a.2.h.3:0.04312;4.A.4.b.3.d.2:0.03833;4.A.4.b.6.e.9:0.03718;4.A.4.b.6.i.3:0.08326
17-2112.02	Validation Engineers	验证工程师	4	21	4.A.1.a.1.b.8:0.05717;4.A.1.a.2.b.9:0.04568;4.A.1.b.2.f.8:0.02469;4.A.1.b.2.g.9:0.09347;4.A.2.a.4.l.4:0.05618;4.A.2.b.2.s.1:0.09532;4.A.2.b.3.a.20:0.04284;4.A.2.b.6.b.7:0.05396;4.A.3.a.2.b.2:0.04420;4.A.3.b.1.e.2:0.04630;4.A.3.b.2.e.3:0.03445;4.A.3.b.5.c.7:0.05186;4.A.3.b.6.h.21:0.02531;4.A.3.b.6.i.2:0.07840;4.A.4.a.7.c.2:0.04630;4.A.4.b.1.c.2:0.05075;4.A.4.b.3.d.2:0.04136;4.A.4.b.4.g.1:0.08705;4.A.4.b.6.e.9:0.02469
17-2112.03	Manufacturing Engineers	制造工程师	4	24	4.A.1.a.1.j.3:0.03496;4.A.1.b.3.b.4:0.01350;4.A.2.a.1.g.5:0.04095;4.A.2.a.4.e.3:0.04435;4.A.2.a.4.e.8:0.03813;4.A.2.a.4.g.3:0.02415;4.A.2.b.1.b.1:0.08504;4.A.2.b.1.d.3:0.04706;4.A.2.b.1.h.1:0.01350;4.A.2.b.1.h.10:0.01350;4.A.2.b.1.i.6:0.02370;4.A.2.b.2.o.21:0.04333;4.A.2.b.2.q.5:0.02987;4.A.2.b.2.s.1:0.03937;4.A.2.b.3.a.20:0.03485;4.A.3.a.2.t.4:0.01365;4.A.3.b.2.c.1:0.08236;4.A.3.b.2.c.3:0.01365;4.A.3.b.2.f.14:0.02370;4.A.3.b.6.i.1:0.04333;4.A.3.b.6.o.4:0.04378;4.A.4.a.2.h.3:0.04310;4.A.4.a.7.c.2:0.02415;4.A.4.b.3.d.2:0.04028;4.A.4.b.4.a.5:0.04107;4.A.4.b.6.d.1:0.04571;4.A.4.b.6.e.9:0.02217;4.A.4.c.3.e.3:0.03677
17-2121.00	Marine Engineers and Naval Architects	船舶工程师与船舶设计师	4	30	4.A.1.a.1.b.8:0.06490;4.A.1.a.1.t.5:0.03278;4.A.1.a.2.k.6:0.07024;4.A.1.b.2.g.11:0.03334;4.A.1.b.2.l.2:0.04771;4.A.2.a.1.g.7:0.10376;4.A.2.a.4.e.6:0.02875;4.A.2.b.2.o.16:0.06930;4.A.2.b.2.s.1:0.03905;4.A.2.b.5.b.7:0.04261;4.A.2.b.6.b.7:0.01058;4.A.3.b.2.b.4:0.03746;4.A.3.b.2.e.1:0.03240;4.A.3.b.5.a.1:0.03371;4.A.3.b.5.c.4:0.01765;4.A.3.b.6.c.9:0.05305;4.A.3.b.6.h.21:0.03371;4.A.3.b.6.m.6:0.01058;4.A.4.a.2.c.6:0.03371;4.A.4.a.2.h.3:0.01405;4.A.4.b.1.a.2:0.01405;4.A.4.b.1.c.2:0.01822;4.A.4.b.1.g.2:0.03568;4.A.4.b.4.a.2:0.03587;4.A.4.b.4.i.3:0.03325;4.A.4.b.4.i.4:0.01040;4.A.4.b.4.j.4:0.01040;4.A.4.c.3.e.3:0.03278
17-2131.00	Materials Engineers	材料工程师	4	21	4.A.1.a.2.b.15:0.04704;4.A.1.b.2.c.4:0.05754;4.A.2.a.3.b.4:0.04507;4.A.2.a.4.e.1:0.05475;4.A.2.a.4.l.1:0.05130;4.A.2.b.1.d.3:0.05116;4.A.2.b.6.b.7:0.06932;4.A.3.a.2.m.9:0.04651;4.A.3.b.2.c.1:0.03721;4.A.3.b.2.d.1:0.04678;4.A.3.b.6.c.1:0.03641;4.A.3.b.6.g.3:0.01581;4.A.3.b.6.o.4:0.01581;4.A.3.b.6.p.1:0.03349;4.A.4.a.2.h.3:0.01670;4.A.4.a.7.c.2:0.05316;4.A.4.b.3.b.2:0.01947;4.A.4.b.3.b.3:0.01947;4.A.4.b.3.d.2:0.03987;4.A.4.b.4.a.2:0.04970;4.A.4.b.4.e.10:0.05090;4.A.4.b.4.g.1:0.05037;4.A.4.b.4.h.10:0.01581;4.A.4.b.4.j.24:0.04797;4.A.4.b.6.e.9:0.02837
17-2141.00	Mechanical Engineers	机械工程师	4	28	4.A.1.a.1.b.8:0.04329;4.A.1.a.1.i.2:0.03272;4.A.1.a.1.v.1:0.01893;4.A.1.b.1.b.5:0.03564;4.A.1.b.2.l.2:0.05139;4.A.1.b.3.b.4:0.05472;4.A.2.a.1.g.7:0.01403;4.A.2.a.3.b.4:0.03473;4.A.2.a.4.e.6:0.03634;4.A.2.b.1.d.3:0.01064;4.A.2.b.1.i.6:0.04178;4.A.2.b.1.j.1:0.01752;4.A.2.b.2.o.20:0.01742;4.A.3.a.2.t.4:0.01752;4.A.3.b.2.b.4:0.01742;4.A.3.b.2.c.1:0.05389;4.A.3.b.2.c.3:0.01403;4.A.3.b.2.d.1:0.01696;4.A.3.b.2.e.3:0.03212;4.A.3.b.6.g.3:0.01616;4.A.3.b.6.i.2:0.03312;4.A.4.a.2.h.3:0.01998;4.A.4.a.6.c.1:0.02879;4.A.4.b.1.a.2:0.01998;4.A.4.b.1.g.2:0.01064;4.A.4.b.4.a.5:0.03594;4.A.4.b.4.i.4:0.05270;4.A.4.b.4.j.24:0.03131;4.A.4.b.4.j.4:0.02810;4.A.4.b.6.b.3:0.03493;4.A.4.b.6.c.2:0.03685;4.A.4.b.6.e.9:0.09041
17-2141.01	Fuel Cell Engineers	燃料电池工程师	4	26	4.A.1.a.1.j.3:0.03429;4.A.1.a.1.t.6:0.04437;4.A.1.b.2.b.1:0.04193;4.A.1.b.2.g.9:0.03960;4.A.2.a.1.g.4:0.01561;4.A.2.a.4.e.4:0.03556;4.A.2.a.4.e.8:0.03524;4.A.2.a.4.l.1:0.04034;4.A.2.a.4.l.4:0.04193;4.A.2.b.1.i.6:0.01398;4.A.2.b.2.k.2:0.03907;4.A.2.b.2.m.5:0.03301;4.A.2.b.2.m.6:0.11837;4.A.2.b.2.s.1:0.03811;4.A.2.b.3.a.20:0.03960;4.A.2.b.6.b.7:0.01398;4.A.3.a.3.f.13:0.03907;4.A.3.b.2.a.1:0.04002;4.A.3.b.2.d.1:0.03631;4.A.3.b.2.d.3:0.03864;4.A.3.b.2.f.14:0.01561;4.A.3.b.6.c.9:0.01884;4.A.3.b.6.g.3:0.01884;4.A.4.a.2.h.3:0.01398;4.A.4.b.1.c.7:0.03493;4.A.4.b.6.d.1:0.04395;4.A.4.b.6.e.9:0.04002;4.A.4.c.3.a.5:0.03482
17-2141.02	Automotive Engineers	汽车工程师	4	25	4.A.1.a.1.t.3:0.04021;4.A.1.a.1.t.5:0.07599;4.A.1.b.2.l.2:0.02297;4.A.1.b.3.b.4:0.01989;4.A.2.a.1.g.7:0.02075;4.A.2.a.4.e.1:0.03924;4.A.2.a.4.l.1:0.04529;4.A.2.b.1.i.6:0.02000;4.A.2.b.2.m.5:0.11383;4.A.2.b.2.s.1:0.04010;4.A.2.b.3.a.20:0.03470;4.A.3.a.2.i.4:0.04508;4.A.3.b.2.a.1:0.09610;4.A.3.b.2.a.6:0.04054;4.A.3.b.2.c.6:0.03783;4.A.3.b.2.d.1:0.03881;4.A.3.b.2.e.1:0.06118;4.A.3.b.2.f.14:0.02000;4.A.3.b.6.c.9:0.01957;4.A.3.b.6.h.21:0.01957;4.A.3.b.6.o.4:0.04108;4.A.4.b.1.c.7:0.03848;4.A.4.b.4.e.10:0.02297;4.A.4.b.6.d.1:0.04583
17-2151.00	Mining and Geological Engineers, Including Mining Safety Engineers	采矿与地质工程师	4	18	4.A.1.a.1.b.8:0.05564;4.A.1.a.1.i.2:0.01438;4.A.1.a.1.v.3:0.03027;4.A.1.a.2.b.15:0.07443;4.A.1.b.2.e.12:0.06070;4.A.1.b.3.b.4:0.01884;4.A.2.a.4.e.6:0.05028;4.A.2.b.1.d.3:0.09675;4.A.2.b.1.j.1:0.03754;4.A.2.b.2.b.1:0.05504;4.A.2.b.3.a.10:0.01438;4.A.2.b.3.a.13:0.01438;4.A.2.b.5.b.7:0.01884;4.A.2.b.6.b.7:0.01959;4.A.3.b.2.b.4:0.01820;4.A.3.b.2.c.3:0.06223;4.A.3.b.2.f.14:0.01795;4.A.3.b.6.c.9:0.06516;4.A.3.b.6.o.4:0.01884;4.A.4.a.7.c.2:0.05668;4.A.4.b.1.g.2:0.05727;4.A.4.b.3.d.2:0.02797;4.A.4.b.4.a.2:0.02797;4.A.4.b.4.i.3:0.05638;4.A.4.b.6.i.3:0.03027
17-2161.00	Nuclear Engineers	核工程师	4	20	4.A.1.a.1.j.3:0.04391;4.A.1.a.1.t.6:0.08641;4.A.1.a.1.v.3:0.05586;4.A.1.a.2.k.6:0.05752;4.A.1.b.2.l.2:0.04892;4.A.2.a.4.l.4:0.02600;4.A.2.b.2.q.5:0.04815;4.A.2.b.3.a.20:0.03980;4.A.2.b.6.b.7:0.05072;4.A.3.b.2.c.4:0.05778;4.A.3.b.6.c.8:0.05200;4.A.3.b.6.i.1:0.05200;4.A.3.b.6.i.7:0.02600;4.A.4.a.2.h.3:0.04610;4.A.4.a.7.c.2:0.05701;4.A.4.b.1.c.2:0.04494;4.A.4.b.1.g.2:0.05213;4.A.4.b.4.j.26:0.08128;4.A.4.b.4.j.4:0.02748;4.A.4.b.6.i.3:0.04597
17-2171.00	Petroleum Engineers	石油工程师	4	23	4.A.1.a.1.t.5:0.03564;4.A.1.a.2.b.15:0.02374;4.A.1.b.2.g.11:0.04203;4.A.1.b.2.l.2:0.04783;4.A.2.a.4.a.7:0.04633;4.A.2.a.4.e.8:0.04447;4.A.2.a.4.l.3:0.04029;4.A.2.b.1.d.3:0.02415;4.A.2.b.2.m.4:0.04342;4.A.2.b.6.b.7:0.04586;4.A.3.a.2.b.2:0.03924;4.A.3.b.2.c.3:0.03588;4.A.3.b.2.d.1:0.04389;4.A.3.b.2.f.14:0.02374;4.A.3.b.6.c.9:0.04203;4.A.3.b.6.h.21:0.04691;4.A.4.a.1.a.4:0.04261;4.A.4.a.7.c.2:0.04633;4.A.4.b.1.a.2:0.04377;4.A.4.b.4.a.2:0.04609;4.A.4.b.4.e.10:0.04238;4.A.4.b.4.g.1:0.04598;4.A.4.b.4.i.4:0.01339;4.A.4.b.4.j.26:0.08061;4.A.4.b.4.j.4:0.01339
17-2199.03	Energy Engineers, Except Wind and Solar	能源工程师（不含风能太阳能）	4	21	4.A.1.a.1.t.3:0.03672;4.A.1.a.1.t.6:0.05409;4.A.1.a.2.b.1:0.10541;4.A.1.b.2.g.11:0.04843;4.A.2.a.3.b.4:0.04935;4.A.2.a.4.g.17:0.07883;4.A.3.b.1.e.2:0.04237;4.A.3.b.2.d.1:0.10159;4.A.3.b.6.c.8:0.05343;4.A.4.a.6.c.1:0.04382;4.A.4.b.3.d.2:0.05106;4.A.4.b.4.j.26:0.14541;4.A.4.b.6.c.2:0.11054;4.A.4.b.6.e.9:0.04356;4.A.4.c.3.e.3:0.03540
17-2199.05	Mechatronics Engineers	机电一体化工程师	4	23	4.A.1.a.1.t.2:0.02232;4.A.1.a.2.b.15:0.02100;4.A.1.b.2.l.2:0.02299;4.A.1.b.3.b.4:0.04127;4.A.2.a.4.e.6:0.02130;4.A.2.b.1.h.1:0.02263;4.A.2.b.1.i.6:0.02299;4.A.2.b.1.j.1:0.02232;4.A.2.b.1.j.2:0.02263;4.A.2.b.2.b.1:0.04175;4.A.2.b.2.m.4:0.04091;4.A.2.b.2.o.18:0.05092;4.A.3.a.2.i.4:0.02100;4.A.3.b.2.c.1:0.04694;4.A.3.b.2.c.6:0.08314;4.A.3.b.2.d.3:0.02130;4.A.3.b.2.e.1:0.21347;4.A.3.b.2.f.14:0.04356;4.A.3.b.6.h.21:0.04537;4.A.3.b.6.i.7:0.04308;4.A.4.b.3.d.2:0.01448;4.A.4.b.4.a.2:0.04332;4.A.4.b.6.d.1:0.01448;4.A.4.b.6.e.9:0.05684
17-2199.06	Microsystems Engineers	微系统工程师	5	31	4.A.1.a.1.i.2:0.03611;4.A.1.a.1.j.3:0.03226;4.A.1.a.1.t.2:0.03353;4.A.1.a.2.b.9:0.03170;4.A.1.b.2.g.9:0.04617;4.A.1.b.2.l.2:0.03555;4.A.2.a.4.l.1:0.03252;4.A.2.b.1.j.1:0.00962;4.A.2.b.2.k.3:0.03583;4.A.2.b.2.m.6:0.03226;4.A.2.b.2.m.7:0.03226;4.A.2.b.2.o.18:0.03693;4.A.2.b.2.s.1:0.04479;4.A.2.b.5.b.7:0.01612;4.A.3.a.3.i.2:0.02775;4.A.3.b.2.c.1:0.06201;4.A.3.b.2.c.4:0.03226;4.A.3.b.2.d.1:0.03574;4.A.3.b.2.e.1:0.00962;4.A.3.b.2.e.3:0.06452;4.A.3.b.2.f.14:0.01612;4.A.3.b.6.g.3:0.03197;4.A.3.b.6.i.1:0.06036;4.A.3.b.6.i.2:0.03372;4.A.3.b.6.m.6:0.03510;4.A.4.a.2.h.3:0.02949;4.A.4.b.3.d.2:0.03160;4.A.4.b.4.e.10:0.06449;4.A.4.c.3.e.3:0.00962
17-2199.07	Photonics Engineers	光子学工程师	4	26	4.A.1.a.1.t.5:0.04227;4.A.1.b.1.b.5:0.07791;4.A.1.b.2.l.2:0.10793;4.A.2.a.4.g.3:0.04807;4.A.2.b.1.j.1:0.00805;4.A.2.b.3.a.20:0.04389;4.A.2.b.6.b.7:0.04482;4.A.3.a.2.aa.1:0.01893;4.A.3.a.3.f.13:0.00805;4.A.3.b.2.c.1:0.03077;4.A.3.b.2.c.4:0.03484;4.A.3.b.2.d.3:0.02346;4.A.3.b.2.e.3:0.30428;4.A.3.b.6.c.2:0.03493;4.A.3.b.6.c.6:0.03493;4.A.3.b.6.g.3:0.01432;4.A.3.b.6.h.21:0.01881;4.A.3.b.6.i.2:0.01881;4.A.4.b.3.d.2:0.03960;4.A.4.b.4.j.24:0.03727;4.A.4.c.3.e.3:0.00805
17-2199.08	Robotics Engineers	机器人工程师	4	24	4.A.1.a.1.t.5:0.08436;4.A.1.a.1.v.1:0.04258;4.A.1.b.2.l.2:0.01488;4.A.2.a.1.g.7:0.04224;4.A.2.a.4.e.3:0.04717;4.A.2.a.4.l.3:0.04637;4.A.2.b.2.b.1:0.04304;4.A.2.b.2.q.5:0.03983;4.A.3.a.2.i.4:0.01408;4.A.3.a.2.t.4:0.01408;4.A.3.a.3.f.13:0.01408;4.A.3.b.1.a.4:0.16822;4.A.3.b.2.c.1:0.07609;4.A.3.b.2.c.3:0.04350;4.A.3.b.2.e.1:0.10062;4.A.3.b.6.h.21:0.04419;4.A.3.b.6.i.2:0.03650;4.A.3.b.6.o.4:0.04132;4.A.4.b.4.a.2:0.04315;4.A.4.b.6.b.3:0.04373
17-2199.09	Nanosystems Engineers	纳米系统工程师	5	25	4.A.1.a.1.t.1:0.03391;4.A.1.a.1.t.2:0.04803;4.A.1.b.1.b.5:0.03972;4.A.1.b.2.l.2:0.02229;4.A.1.b.3.a.3:0.04233;4.A.2.b.2.k.2:0.09795;4.A.2.b.2.k.3:0.09315;4.A.2.b.2.m.6:0.03972;4.A.2.b.2.q.5:0.10423;4.A.2.b.2.s.1:0.02229;4.A.3.a.3.i.2:0.04743;4.A.3.b.2.d.3:0.02200;4.A.3.b.2.f.14:0.08336;4.A.3.b.6.g.3:0.04328;4.A.3.b.6.m.6:0.03427;4.A.3.b.6.o.4:0.02259;4.A.4.a.1.a.4:0.02259;4.A.4.b.1.c.7:0.03759;4.A.4.b.4.a.2:0.05028;4.A.4.b.6.b.3:0.04222;4.A.4.b.6.d.1:0.05075
17-2199.10	Wind Energy Engineers	风能工程师	4	16	4.A.1.a.1.t.3:0.06777;4.A.1.a.2.k.6:0.05975;4.A.1.b.2.b.1:0.12715;4.A.2.a.1.g.4:0.05601;4.A.2.a.4.l.1:0.05545;4.A.2.b.2.o.6:0.13854;4.A.3.b.2.a.1:0.06404;4.A.3.b.2.c.4:0.11875;4.A.3.b.6.i.7:0.05246;4.A.4.b.4.j.26:0.11968;4.A.4.b.6.d.1:0.07095;4.A.4.b.6.e.9:0.06945
17-2199.11	Solar Energy Systems Engineers	太阳能系统工程师	4	13	4.A.1.a.1.f.4:0.09147;4.A.1.b.2.b.1:0.05886;4.A.1.b.2.f.8:0.07301;4.A.2.a.3.b.4:0.03979;4.A.2.a.4.e.4:0.03322;4.A.2.a.4.e.8:0.03322;4.A.2.b.1.d.3:0.07486;4.A.2.b.2.m.6:0.12613;4.A.2.b.2.o.6:0.08634;4.A.2.b.6.b.7:0.09106;4.A.3.b.2.a.1:0.07855;4.A.3.b.2.d.1:0.08491;4.A.4.b.6.d.1:0.08880;4.A.4.b.6.e.9:0.03979
17-3011.00	Architectural and Civil Drafters	建筑与土木制图员	3	26	4.A.1.a.1.b.15:0.02049;4.A.1.a.1.b.8:0.03394;4.A.1.a.1.f.4:0.04239;4.A.1.a.2.k.6:0.01373;4.A.1.b.3.b.4:0.05414;4.A.1.b.3.d.4:0.03621;4.A.2.a.2.a.10:0.03502;4.A.2.a.4.e.1:0.04478;4.A.2.a.4.e.3:0.02049;4.A.2.a.4.g.3:0.03350;4.A.2.b.1.d.3:0.03589;4.A.2.b.1.h.1:0.04655;4.A.2.b.2.o.16:0.23105;4.A.2.b.2.o.19:0.03979;4.A.2.b.2.o.3:0.12913;4.A.2.b.6.b.7:0.03806;4.A.3.b.6.c.9:0.01312;4.A.3.b.6.i.1:0.01175;4.A.3.b.6.m.6:0.01312;4.A.4.a.1.a.4:0.04380;4.A.4.b.4.a.2:0.03556;4.A.4.b.6.d.1:0.01373;4.A.4.b.6.e.9:0.01373
17-3012.00	Electrical and Electronics Drafters	电气电子制图员	3	30	4.A.1.a.1.b.8:0.10293;4.A.1.a.1.f.4:0.06963;4.A.2.a.2.a.10:0.03419;4.A.2.a.4.e.3:0.03803;4.A.2.b.1.h.1:0.03333;4.A.2.b.1.j.1:0.02830;4.A.2.b.2.o.5:0.15483;4.A.2.b.2.o.8:0.06606;4.A.2.b.6.b.7:0.03383;4.A.3.b.1.e.2:0.06695;4.A.3.b.1.f.2:0.06427;4.A.3.b.2.e.2:0.03580;4.A.3.b.6.c.9:0.02580;4.A.3.b.6.i.2:0.01937;4.A.4.a.1.a.4:0.03267;4.A.4.a.2.h.3:0.05490;4.A.4.b.1.a.2:0.05517;4.A.4.b.3.d.2:0.02500;4.A.4.b.4.a.2:0.05895
17-3013.00	Mechanical Drafters	机械制图员	3	16	4.A.2.a.2.a.10:0.06890;4.A.2.a.2.c.2:0.03353;4.A.2.a.4.e.6:0.12843;4.A.2.b.2.o.10:0.03353;4.A.2.b.2.o.18:0.41321;4.A.2.b.2.o.20:0.07609;4.A.3.b.2.e.1:0.06706;4.A.4.a.2.h.3:0.06555;4.A.4.a.2.j.6:0.05936;4.A.4.b.4.a.2:0.05435
17-3021.00	Aerospace Engineering and Operations Technologists and Technicians	航空航天工程技术员	3	11	4.A.1.b.2.c.7:0.09324;4.A.1.b.2.g.11:0.09387;4.A.1.b.2.l.2:0.09723;4.A.2.a.4.l.3:0.04662;4.A.2.b.1.h.1:0.09618;4.A.3.a.2.aa.1:0.04242;4.A.3.a.2.d.2:0.04210;4.A.3.a.2.i.4:0.04452;4.A.3.a.2.t.4:0.04242;4.A.3.b.1.e.2:0.09324;4.A.3.b.2.e.2:0.04074;4.A.3.b.5.c.7:0.08662;4.A.3.b.6.i.2:0.04074;4.A.3.b.6.i.7:0.04662;4.A.4.a.2.h.3:0.09345
17-3022.00	Civil Engineering Technologists and Technicians	土木工程技术员	3	14	4.A.1.a.1.b.8:0.07556;4.A.1.b.2.c.4:0.07446;4.A.1.b.2.e.12:0.07612;4.A.1.b.3.b.4:0.03695;4.A.1.b.3.d.4:0.06782;4.A.2.b.1.h.1:0.07814;4.A.2.b.2.o.19:0.07095;4.A.2.b.2.o.3:0.07501;4.A.2.b.6.b.7:0.03695;4.A.3.b.6.o.4:0.07077;4.A.4.a.2.h.3:0.07151;4.A.4.a.7.b.7:0.06616;4.A.4.a.8.c.1:0.03354;4.A.4.a.8.c.6:0.03354;4.A.4.b.1.a.2:0.06211;4.A.4.b.4.h.10:0.07040
17-3023.00	Electrical and Electronic Engineering Technologists and Technicians	电气电子工程技术员	3	28	4.A.1.a.1.b.8:0.03987;4.A.1.b.2.l.2:0.04876;4.A.1.b.3.b.4:0.01189;4.A.2.a.4.e.3:0.07343;4.A.2.a.4.e.8:0.02677;4.A.2.a.4.l.3:0.03308;4.A.2.b.1.h.1:0.04487;4.A.2.b.1.j.1:0.03538;4.A.2.b.2.o.5:0.03566;4.A.2.b.2.o.8:0.03729;4.A.2.b.3.a.20:0.03404;4.A.3.a.2.d.2:0.04675;4.A.3.a.2.t.5:0.02075;4.A.3.b.1.e.2:0.03461;4.A.3.b.2.a.6:0.03509;4.A.3.b.2.e.2:0.03346;4.A.3.b.5.c.4:0.10632;4.A.3.b.6.h.21:0.07515;4.A.3.b.6.i.2:0.01845;4.A.4.a.7.c.2:0.01817;4.A.4.b.1.a.2:0.01817;4.A.4.b.3.d.2:0.03557;4.A.4.b.4.g.1:0.03930;4.A.4.b.4.h.10:0.01189;4.A.4.b.4.i.4:0.01812;4.A.4.b.4.j.24:0.01812;4.A.4.b.6.b.3:0.03040;4.A.4.c.3.e.3:0.01864
17-3024.00	Electro-Mechanical and Mechatronics Technologists and Technicians	机电一体化技术员	3	28	4.A.1.a.1.b.8:0.03976;4.A.1.b.2.f.8:0.07632;4.A.1.b.2.l.2:0.10123;4.A.2.a.1.g.7:0.03468;4.A.2.a.4.e.2:0.03290;4.A.2.a.4.e.8:0.03224;4.A.2.b.1.d.3:0.03403;4.A.2.b.1.i.6:0.03571;4.A.2.b.1.j.2:0.03412;4.A.2.b.2.b.1:0.04023;4.A.2.b.2.o.8:0.03515;4.A.2.b.2.q.5:0.02933;4.A.3.a.2.aa.1:0.01833;4.A.3.a.2.aa.3:0.03111;4.A.3.a.2.d.2:0.05480;4.A.3.a.2.i.4:0.01852;4.A.3.a.2.t.5:0.03844;4.A.3.a.3.f.13:0.01175;4.A.3.b.1.a.4:0.01354;4.A.3.b.2.a.1:0.03045;4.A.3.b.2.e.1:0.02676;4.A.3.b.2.f.14:0.01664;4.A.3.b.5.a.18:0.04349;4.A.3.b.5.c.4:0.01322;4.A.3.b.6.h.21:0.01664;4.A.3.b.6.i.7:0.03938;4.A.4.a.2.h.6:0.03571;4.A.4.b.3.d.2:0.03346;4.A.4.b.4.g.1:0.03205
17-3024.01	Robotics Technicians	机器人技术员	3	22	4.A.1.b.2.e.12:0.03918;4.A.1.b.2.l.2:0.04626;4.A.2.a.1.g.7:0.01558;4.A.2.b.1.b.1:0.05126;4.A.2.b.2.o.21:0.03662;4.A.3.a.2.aa.3:0.04333;4.A.3.a.2.d.2:0.15761;4.A.3.a.2.i.4:0.01558;4.A.3.a.2.t.4:0.04064;4.A.3.b.1.a.4:0.22387;4.A.3.b.2.e.1:0.04309;4.A.3.b.5.a.18:0.09262;4.A.3.b.5.b.3:0.01725;4.A.3.b.6.h.21:0.05065;4.A.3.b.6.i.1:0.02154;4.A.3.b.6.i.7:0.02154;4.A.4.b.3.d.2:0.04418;4.A.4.c.3.a.5:0.03918
17-3025.00	Environmental Engineering Technologists and Technicians	环境工程技术员	4	23	4.A.1.a.1.j.3:0.06261;4.A.1.a.1.j.7:0.02402;4.A.1.a.1.t.1:0.04378;4.A.1.a.1.v.1:0.01896;4.A.1.a.2.i.2:0.02402;4.A.1.a.2.k.6:0.04225;4.A.1.b.2.e.12:0.04463;4.A.1.b.2.l.2:0.06792;4.A.2.a.1.g.5:0.03890;4.A.2.a.4.e.3:0.04902;4.A.2.a.4.l.4:0.02055;4.A.2.b.5.b.7:0.04499;4.A.2.b.6.b.7:0.04402;4.A.3.a.1.c.10:0.02195;4.A.3.a.1.e.2:0.09450;4.A.3.a.2.ap.4:0.04902;4.A.3.a.2.b.2:0.02055;4.A.3.b.6.c.8:0.03829;4.A.3.b.6.h.21:0.04438;4.A.3.b.6.i.7:0.04390;4.A.3.b.6.m.6:0.02329;4.A.4.b.4.a.5:0.04609;4.A.4.b.6.b.3:0.01835;4.A.4.b.6.d.1:0.03646;4.A.4.c.3.e.3:0.03756
17-3026.00	Industrial Engineering Technologists and Technicians	工业工程技术员	3	30	4.A.1.a.1.t.7:0.03355;4.A.1.a.2.b.15:0.01709;4.A.1.a.2.b.9:0.03435;4.A.1.a.2.i.4:0.03766;4.A.1.a.2.k.6:0.06826;4.A.1.b.2.c.2:0.03525;4.A.1.b.3.b.4:0.01606;4.A.2.a.1.g.5:0.03480;4.A.2.a.4.e.8:0.04809;4.A.2.b.1.d.3:0.01718;4.A.2.b.1.i.6:0.01767;4.A.2.b.1.j.2:0.04725;4.A.2.b.2.o.1:0.01744;4.A.2.b.2.o.21:0.03364;4.A.2.b.6.b.7:0.03070;4.A.3.a.2.i.4:0.05278;4.A.3.a.3.f.13:0.03462;4.A.3.b.2.b.4:0.02954;4.A.3.b.2.c.1:0.06139;4.A.3.b.2.c.3:0.03542;4.A.3.b.2.d.3:0.01686;4.A.3.b.2.f.14:0.06496;4.A.3.b.6.o.4:0.03141;4.A.4.a.1.a.4:0.01744;4.A.4.b.3.d.2:0.03346;4.A.4.b.4.g.1:0.03159;4.A.4.b.4.j.24:0.03551;4.A.4.b.6.e.9:0.03462;4.A.4.c.3.e.3:0.03141
17-3026.01	Nanotechnology Engineering Technologists and Technicians	纳米技术工程技术员	4	25	4.A.1.a.1.j.3:0.10490;4.A.1.a.1.t.2:0.08304;4.A.1.a.2.i.4:0.04286;4.A.1.a.2.k.6:0.04286;4.A.1.b.2.l.2:0.03643;4.A.1.b.3.a.3:0.11025;4.A.2.b.1.i.6:0.03686;4.A.2.b.2.s.1:0.03675;4.A.3.a.1.c.10:0.04522;4.A.3.a.2.d.2:0.03214;4.A.3.a.2.i.4:0.04586;4.A.3.a.2.m.9:0.04157;4.A.3.a.3.i.2:0.09857;4.A.3.b.5.c.7:0.04393;4.A.3.b.6.c.9:0.03889;4.A.3.b.6.h.21:0.04672;4.A.3.b.6.i.1:0.03975;4.A.3.b.6.i.2:0.03589;4.A.3.b.6.m.6:0.03750
17-3027.00	Mechanical Engineering Technologists and Technicians	机械工程技术员	3	30	4.A.1.a.1.b.8:0.06806;4.A.1.a.2.b.15:0.03308;4.A.1.b.2.c.2:0.04668;4.A.1.b.2.c.4:0.03508;4.A.1.b.2.l.2:0.07582;4.A.1.b.3.b.4:0.06469;4.A.2.a.4.e.3:0.03336;4.A.2.a.4.e.4:0.03298;4.A.2.a.4.e.8:0.02812;4.A.2.a.4.l.1:0.01064;4.A.2.a.4.l.4:0.03393;4.A.2.b.1.h.1:0.03613;4.A.2.b.2.o.18:0.06801;4.A.2.b.2.o.21:0.03136;4.A.2.b.5.b.7:0.03022;4.A.3.a.2.aa.1:0.01111;4.A.3.a.2.d.12:0.01111;4.A.3.a.2.d.2:0.03832;4.A.3.b.2.c.3:0.08676;4.A.3.b.6.i.2:0.01668;4.A.3.b.6.i.7:0.04420;4.A.3.b.6.m.6:0.01644;4.A.4.a.1.a.4:0.03775;4.A.4.a.2.b.3:0.03003;4.A.4.a.2.h.4:0.03333;4.A.4.b.6.d.1:0.03546;4.A.4.b.6.e.9:0.01064
17-3027.01	Automotive Engineering Technicians	汽车工程技术员	3	18	4.A.1.a.1.b.8:0.06127;4.A.1.a.1.t.5:0.02456;4.A.1.a.2.b.15:0.06010;4.A.1.b.2.b.1:0.04942;4.A.1.b.2.c.2:0.05220;4.A.1.b.2.f.8:0.03034;4.A.1.b.2.l.2:0.11281;4.A.2.a.4.g.3:0.05600;4.A.2.a.4.l.4:0.06010;4.A.3.a.2.t.5:0.05849;4.A.3.a.3.f.13:0.06170;4.A.3.b.2.d.3:0.05176;4.A.3.b.2.e.3:0.04898;4.A.3.b.5.c.7:0.05732;4.A.3.b.6.i.7:0.06229;4.A.4.b.6.e.9:0.10118;4.A.4.c.3.e.3:0.05147
17-3028.00	Calibration Technologists and Technicians	计量校准技术员	3	14	4.A.1.a.1.b.9:0.07552;4.A.1.b.2.e.15:0.07444;4.A.1.b.2.f.8:0.07588;4.A.1.b.2.l.2:0.07588;4.A.2.a.1.g.9:0.03604;4.A.2.a.4.e.5:0.03604;4.A.2.b.2.o.15:0.06251;4.A.2.b.3.a.20:0.06107;4.A.2.b.6.b.7:0.07154;4.A.3.a.2.d.3:0.03631;4.A.3.a.2.i.4:0.07389;4.A.3.a.2.s.3:0.03631;4.A.3.b.2.f.14:0.06667;4.A.3.b.4.b.3:0.03830;4.A.3.b.5.c.7:0.03830;4.A.3.b.6.c.6:0.07281;4.A.4.c.3.e.1:0.06847
17-3029.01	Non-Destructive Testing Specialists	无损检测专员	2	16	4.A.1.b.2.c.4:0.11579;4.A.1.b.2.f.8:0.06461;4.A.1.b.2.g.11:0.06405;4.A.1.b.2.l.2:0.06167;4.A.1.b.3.a.3:0.25101;4.A.2.a.4.l.3:0.13341;4.A.2.b.1.j.1:0.02163;4.A.2.b.2.s.1:0.05258;4.A.3.a.2.i.4:0.02163;4.A.3.a.3.f.13:0.02163;4.A.3.b.6.i.7:0.12977;4.A.4.b.4.a.2:0.06223
17-3029.08	Photonics Technicians	光子学技术员	3	24	4.A.1.b.2.l.2:0.04226;4.A.2.a.4.g.3:0.03973;4.A.2.a.4.l.1:0.04295;4.A.2.a.4.l.4:0.02487;4.A.2.b.2.o.8:0.03616;4.A.3.a.1.c.10:0.04860;4.A.3.a.2.aa.1:0.03455;4.A.3.a.2.d.2:0.01946;4.A.3.a.2.d.4:0.16536;4.A.3.a.2.i.4:0.04399;4.A.3.a.2.m.9:0.03547;4.A.3.a.2.t.5:0.04410;4.A.3.a.3.f.13:0.03996;4.A.3.b.2.d.3:0.08775;4.A.3.b.2.e.3:0.04036;4.A.3.b.2.f.14:0.02090;4.A.3.b.5.c.4:0.04399;4.A.3.b.6.i.1:0.04480;4.A.3.b.6.i.7:0.02487;4.A.4.a.2.b.3:0.04399;4.A.4.b.6.e.9:0.04134;4.A.4.c.3.a.5:0.01727;4.A.4.c.3.e.3:0.01727
17-3031.00	Surveying and Mapping Technicians	测绘技术员	3	30	4.A.1.a.1.f.3:0.16632;4.A.1.a.2.k.6:0.03376;4.A.1.b.3.b.6:0.02912;4.A.1.b.3.d.1:0.03505;4.A.1.b.3.d.3:0.10146;4.A.1.b.3.d.4:0.13952;4.A.2.a.2.a.10:0.03308;4.A.2.a.4.a.2:0.03668;4.A.2.a.4.e.3:0.03479;4.A.2.b.2.b.1:0.03351;4.A.2.b.2.o.11:0.02869;4.A.2.b.2.o.16:0.01765;4.A.2.b.2.o.19:0.12741;4.A.3.b.1.e.2:0.03213;4.A.3.b.1.f.10:0.01765;4.A.3.b.6.i.2:0.03376;4.A.4.a.2.b.3:0.03282;4.A.4.a.3.b.6:0.03247;4.A.4.b.4.a.2:0.03411
19-1011.00	Animal Scientists	动物科学家	5	9	4.A.1.a.1.m.1:0.46764;4.A.1.a.1.p.1:0.08877;4.A.3.b.2.f.18:0.12140;4.A.3.b.6.c.4:0.12251;4.A.4.a.5.d.3:0.07909;4.A.4.b.6.e.10:0.06029;4.A.4.b.6.e.11:0.06029
19-1012.00	Food Scientists and Technologists	食品科学家与技术专家	4	13	4.A.1.a.1.t.10:0.29870;4.A.1.b.2.c.7:0.07724;4.A.1.b.2.e.9:0.08653;4.A.2.a.1.e.3:0.08258;4.A.2.a.1.g.2:0.07369;4.A.2.b.3.a.1:0.07902;4.A.3.b.2.a.2:0.07527;4.A.3.b.2.f.17:0.08179;4.A.4.a.2.j.2:0.06618;4.A.4.b.1.a.5:0.07902
19-1013.00	Soil and Plant Scientists	土壤与植物科学家	5	27	4.A.1.a.1.h.1:0.04230;4.A.1.a.1.h.2:0.03889;4.A.1.a.1.h.3:0.02027;4.A.1.a.1.j.1:0.03305;4.A.1.a.1.m.2:0.08030;4.A.1.a.1.m.3:0.10762;4.A.1.a.1.p.2:0.02941;4.A.1.a.1.p.3:0.04825;4.A.1.a.1.p.5:0.02941;4.A.1.b.3.d.1:0.03624;4.A.2.a.4.a.4:0.02027;4.A.2.a.4.j.5:0.03624;4.A.2.b.2.g.1:0.05354;4.A.2.b.2.g.3:0.01729;4.A.2.b.2.q.4:0.04483;4.A.3.b.2.f.18:0.14981;4.A.3.b.6.c.4:0.04671;4.A.4.b.1.a.5:0.03624;4.A.4.b.4.e.6:0.03128;4.A.4.b.6.c.1:0.01454;4.A.4.b.6.c.4:0.08350
19-1021.00	Biochemists and Biophysicists	生物化学家与生物物理学家	5	24	4.A.1.a.1.p.1:0.07066;4.A.1.a.1.p.2:0.05900;4.A.1.a.1.p.4:0.24722;4.A.1.a.1.t.10:0.03512;4.A.2.a.4.j.5:0.08136;4.A.2.b.2.s.2:0.06645;4.A.2.b.2.s.4:0.04560;4.A.3.a.2.at.10:0.04376;4.A.3.a.2.au.4:0.07488;4.A.3.b.2.f.12:0.03717;4.A.3.b.6.c.4:0.09454;4.A.3.b.6.g.2:0.04722;4.A.4.b.3.b.9:0.04895;4.A.4.b.4.a.10:0.04808
19-1022.00	Microbiologists	微生物学家	4	14	4.A.1.a.1.j.4:0.03876;4.A.1.a.1.p.2:0.07444;4.A.1.a.1.p.4:0.12860;4.A.1.a.1.p.5:0.03858;4.A.1.a.1.p.6:0.06647;4.A.1.a.2.i.6:0.03876;4.A.2.a.4.j.5:0.11628;4.A.2.a.4.j.6:0.06032;4.A.3.a.2.au.1:0.04157;4.A.3.a.2.au.3:0.04157;4.A.3.a.3.i.1:0.07517;4.A.3.b.2.f.12:0.13005;4.A.3.b.6.c.4:0.07336;4.A.4.b.4.a.10:0.07607
19-1023.00	Zoologists and Wildlife Biologists	动物学家与野生动物生物学家	4	14	4.A.1.a.1.j.5:0.08142;4.A.1.a.1.p.1:0.02626;4.A.1.a.1.p.2:0.02626;4.A.1.a.1.p.6:0.09128;4.A.1.a.2.i.3:0.08349;4.A.2.a.3.b.1:0.06766;4.A.2.a.4.j.5:0.02544;4.A.2.b.1.i.4:0.01663;4.A.2.b.2.s.5:0.07086;4.A.2.b.3.a.1:0.07049;4.A.3.a.2.al.2:0.02544;4.A.3.a.2.au.3:0.05560;4.A.3.b.6.c.4:0.08349;4.A.4.a.2.a.1:0.07369;4.A.4.b.1.g.2:0.06936;4.A.4.b.4.a.13:0.01663;4.A.4.b.4.h.3:0.01663;4.A.4.b.4.h.5:0.01663;4.A.4.b.6.c.1:0.08274
19-1029.01	Bioinformatics Scientists	生物信息学科学家	5	20	4.A.1.a.1.p.1:0.10434;4.A.2.a.4.j.5:0.05715;4.A.2.b.2.b.6:0.39947;4.A.2.b.2.f.2:0.10202;4.A.2.b.3.a.1:0.04991;4.A.3.b.6.c.4:0.05327;4.A.4.b.1.a.5:0.07124;4.A.4.b.3.d.15:0.04564;4.A.4.b.4.a.10:0.04784;4.A.4.b.6.d.4:0.02864;4.A.4.b.6.e.10:0.04047
19-1029.02	Molecular and Cellular Biologists	分子与细胞生物学家	5	22	4.A.1.a.1.b.7:0.01701;4.A.1.a.1.m.2:0.04258;4.A.1.a.1.p.4:0.05163;4.A.1.b.2.g.18:0.03619;4.A.2.a.1.g.2:0.04922;4.A.2.a.3.a.8:0.01701;4.A.2.a.4.j.5:0.10217;4.A.2.b.2.f.2:0.02955;4.A.2.b.2.s.2:0.04174;4.A.2.b.2.s.5:0.05476;4.A.3.a.3.i.1:0.04548;4.A.3.b.2.f.12:0.03788;4.A.3.b.2.f.7:0.04246;4.A.3.b.6.c.4:0.01701;4.A.3.b.6.g.2:0.02642;4.A.3.b.6.g.4:0.02642;4.A.3.b.6.h.18:0.05609;4.A.4.a.2.h.6:0.01556;4.A.4.a.2.h.7:0.01556;4.A.4.b.3.b.9:0.05054;4.A.4.b.4.a.10:0.04825;4.A.4.b.4.e.11:0.03945;4.A.4.b.4.e.5:0.05006;4.A.4.b.4.e.8:0.03824;4.A.4.b.4.e.9:0.04873
19-1029.03	Geneticists	遗传学家	5	24	4.A.1.a.1.p.1:0.22686;4.A.1.a.1.p.2:0.04087;4.A.1.b.2.g.18:0.03731;4.A.2.a.4.g.5:0.04811;4.A.2.a.4.j.5:0.04611;4.A.2.b.2.b.6:0.01832;4.A.2.b.2.f.2:0.03285;4.A.2.b.2.g.1:0.05847;4.A.2.b.2.s.5:0.02439;4.A.2.b.3.a.1:0.07245;4.A.2.b.3.a.9:0.02389;4.A.3.b.2.f.7:0.03664;4.A.3.b.6.c.4:0.04878;4.A.3.b.6.g.5:0.04856;4.A.3.b.6.h.18:0.04856;4.A.4.a.2.b.1:0.04032;4.A.4.b.1.a.5:0.01832;4.A.4.b.3.b.9:0.04032;4.A.4.b.3.d.15:0.03898;4.A.4.b.4.a.10:0.04989
19-1029.04	Biologists	生物学家	5	22	4.A.1.a.1.j.5:0.05213;4.A.1.a.1.j.6:0.02366;4.A.1.a.1.p.2:0.01645;4.A.1.a.1.p.3:0.07130;4.A.1.a.1.p.5:0.02453;4.A.1.a.1.p.6:0.04899;4.A.2.a.3.a.9:0.04794;4.A.2.a.4.d.2:0.01684;4.A.2.a.4.j.6:0.04412;4.A.2.b.2.e.2:0.04092;4.A.2.b.2.g.4:0.04696;4.A.2.b.2.s.2:0.04030;4.A.2.b.2.s.5:0.03734;4.A.2.b.3.a.10:0.06458;4.A.3.a.2.al.5:0.02397;4.A.3.b.1.a.3:0.01684;4.A.3.b.1.e.1:0.01684;4.A.3.b.6.c.4:0.03919;4.A.3.b.6.c.7:0.02508;4.A.3.b.6.g.2:0.04720;4.A.3.b.6.g.5:0.04449;4.A.4.a.2.a.3:0.02508;4.A.4.a.3.b.5:0.02040;4.A.4.a.4.a.1:0.04979;4.A.4.b.1.c.1:0.02040;4.A.4.b.3.b.9:0.04461;4.A.4.b.4.a.10:0.05004
19-1031.00	Conservation Scientists	自然资源保护科学家	4	30	4.A.1.a.1.m.3:0.03361;4.A.1.a.2.b.16:0.03706;4.A.1.a.2.i.6:0.06852;4.A.1.b.3.b.5:0.03490;4.A.2.a.2.c.5:0.01638;4.A.2.a.3.a.7:0.04434;4.A.2.a.3.a.9:0.04857;4.A.2.a.3.b.1:0.02991;4.A.2.a.4.a.4:0.01638;4.A.2.b.2.g.1:0.10549;4.A.2.b.2.g.4:0.03611;4.A.2.b.2.m.2:0.03861;4.A.2.b.2.o.19:0.03206;4.A.2.b.2.s.6:0.06231;4.A.3.a.2.al.3:0.03525;4.A.3.b.2.a.1:0.03577;4.A.3.b.6.h.18:0.03396;4.A.4.a.2.a.1:0.03284;4.A.4.a.4.a.1:0.03447;4.A.4.a.7.a.3:0.02827;4.A.4.b.3.d.15:0.01702;4.A.4.b.4.e.6:0.06455;4.A.4.b.6.c.1:0.03318;4.A.4.b.6.c.4:0.08045
19-1031.02	Range Managers	草场管理员	4	18	4.A.1.a.1.m.1:0.15037;4.A.1.a.1.m.2:0.05143;4.A.1.a.2.i.3:0.05795;4.A.1.a.2.k.10:0.01806;4.A.2.b.2.g.1:0.09090;4.A.2.b.2.g.3:0.05143;4.A.2.b.2.g.4:0.12270;4.A.3.a.2.ag.5:0.02072;4.A.3.b.2.f.18:0.08953;4.A.4.a.2.c.18:0.02934;4.A.4.a.5.d.1:0.02072;4.A.4.a.7.a.3:0.06084;4.A.4.b.1.c.1:0.02934;4.A.4.b.4.c.2:0.12881;4.A.4.b.6.c.4:0.05983;4.A.4.c.1.d.1:0.01806
19-1031.03	Park Naturalists	公园自然资源讲解员	4	20	4.A.1.a.1.l.3:0.03509;4.A.1.a.1.r.2:0.04088;4.A.1.a.2.e.4:0.03093;4.A.1.a.2.i.3:0.04787;4.A.2.a.2.c.6:0.03899;4.A.2.b.2.j.1:0.02044;4.A.2.b.2.l.8:0.05432;4.A.2.b.2.m.3:0.01681;4.A.2.b.2.o.14:0.03716;4.A.2.b.2.o.20:0.01578;4.A.2.b.2.o.9:0.01578;4.A.2.b.5.a.4:0.02689;4.A.2.b.6.a.1:0.05607;4.A.2.b.6.b.3:0.01811;4.A.3.a.1.b.2:0.01681;4.A.3.b.4.a.1:0.02131;4.A.3.b.4.a.4:0.02131;4.A.3.b.6.e.3:0.04262;4.A.3.b.6.p.1:0.02044;4.A.4.a.2.c.18:0.02689;4.A.4.a.3.b.3:0.02138;4.A.4.a.3.b.5:0.23477;4.A.4.a.5.d.2:0.03093;4.A.4.a.5.g.1:0.01681;4.A.4.b.3.d.1:0.01847;4.A.4.b.3.d.6:0.01847;4.A.4.b.3.d.8:0.01847;4.A.4.b.4.a.13:0.01811;4.A.4.b.4.a.6:0.01811
19-1032.00	Foresters	林务员	4	25	4.A.1.a.1.j.4:0.07269;4.A.1.a.1.m.2:0.03676;4.A.1.a.1.p.3:0.03855;4.A.1.a.1.q.3:0.01148;4.A.1.a.2.i.3:0.04223;4.A.1.a.2.i.6:0.04380;4.A.2.a.3.b.1:0.04296;4.A.2.b.1.d.5:0.04454;4.A.2.b.2.g.1:0.04013;4.A.2.b.2.g.4:0.11208;4.A.2.b.2.l.8:0.03676;4.A.2.b.2.s.6:0.02075;4.A.3.a.1.q.7:0.04076;4.A.3.b.2.f.18:0.07279;4.A.4.a.4.a.4:0.01148;4.A.4.a.7.b.1:0.02190;4.A.4.a.7.b.10:0.01917;4.A.4.a.7.b.8:0.02190;4.A.4.b.4.c.1:0.01148;4.A.4.b.4.c.2:0.13866;4.A.4.b.4.e.6:0.02075;4.A.4.b.6.c.1:0.04254;4.A.4.c.2.a.7:0.01917;4.A.4.c.3.e.3:0.03666
19-1041.00	Epidemiologists	流行病学家	5	16	4.A.1.a.1.p.2:0.08448;4.A.2.a.4.f.1:0.07798;4.A.2.a.4.j.5:0.04340;4.A.2.b.2.s.3:0.06681;4.A.2.b.2.s.5:0.03422;4.A.2.b.3.a.10:0.01491;4.A.3.b.2.f.17:0.03105;4.A.3.b.6.c.1:0.01491;4.A.3.b.6.c.4:0.03682;4.A.3.b.6.g.2:0.03113;4.A.3.b.6.g.4:0.03113;4.A.3.b.6.p.1:0.06421;4.A.4.b.1.c.1:0.10541;4.A.4.b.3.b.9:0.04763;4.A.4.b.3.d.15:0.06860;4.A.4.b.4.a.10:0.05510;4.A.4.b.4.e.9:0.13483;4.A.4.b.6.f.5:0.05738
19-1042.00	Medical Scientists, Except Epidemiologists	医学科学家（不含流行病学家）	5	14	4.A.1.a.1.p.2:0.14833;4.A.1.a.1.s.2:0.01770;4.A.1.a.2.b.16:0.08102;4.A.1.b.2.i.1:0.01770;4.A.1.b.2.i.5:0.01770;4.A.2.a.4.f.1:0.02388;4.A.2.a.4.j.5:0.07790;4.A.2.b.2.s.5:0.03895;4.A.2.b.3.a.10:0.04158;4.A.3.a.3.i.1:0.06593;4.A.3.b.2.f.17:0.06367;4.A.3.b.2.f.7:0.07391;4.A.3.b.6.c.1:0.02388;4.A.3.b.6.c.4:0.06940;4.A.3.b.6.g.2:0.03461;4.A.3.b.6.g.4:0.03461;4.A.4.b.3.b.9:0.07113;4.A.4.b.4.e.9:0.03895;4.A.4.b.6.f.5:0.05916
19-2011.00	Astronomers	天文学家	5	17	4.A.1.a.2.i.3:0.05453;4.A.1.b.3.a.5:0.02971;4.A.2.a.4.d.1:0.02482;4.A.2.a.4.g.2:0.07070;4.A.2.b.2.b.6:0.05942;4.A.2.b.2.u.1:0.06152;4.A.2.b.3.a.1:0.05761;4.A.3.b.6.c.4:0.06995;4.A.3.b.6.g.4:0.05671;4.A.4.a.2.b.1:0.06603;4.A.4.a.3.b.5:0.10168;4.A.4.b.2.a.5:0.03294;4.A.4.b.3.b.9:0.06227;4.A.4.b.4.a.18:0.06288;4.A.4.b.4.b.1:0.04994;4.A.4.b.4.e.5:0.10635;4.A.4.b.6.g.2:0.03294
19-2012.00	Physicists	物理学家	5	16	4.A.1.a.1.j.5:0.01135;4.A.1.a.1.j.7:0.01135;4.A.1.a.1.p.3:0.02861;4.A.2.a.1.g.2:0.01938;4.A.2.a.1.g.9:0.01135;4.A.2.a.1.h.1:0.01938;4.A.2.a.4.a.5:0.07921;4.A.2.a.4.d.1:0.07627;4.A.2.b.2.e.2:0.02090;4.A.2.b.2.k.2:0.01726;4.A.2.b.2.u.1:0.12788;4.A.3.a.2.d.4:0.01726;4.A.3.a.3.i.1:0.06990;4.A.3.b.2.a.2:0.01568;4.A.3.b.2.a.4:0.01568;4.A.3.b.2.c.5:0.01568;4.A.3.b.2.f.17:0.02090;4.A.3.b.6.c.4:0.17241;4.A.3.b.6.g.4:0.06974;4.A.4.a.2.b.1:0.07072;4.A.4.b.3.b.9:0.06337;4.A.4.b.6.e.2:0.01524;4.A.4.b.6.i.1:0.01524;4.A.4.b.6.i.3:0.01524
19-2021.00	Atmospheric and Space Scientists	大气与空间科学家	4	27	4.A.1.a.1.h.3:0.15005;4.A.1.a.1.j.5:0.06848;4.A.1.a.2.i.3:0.03159;4.A.1.b.2.h.2:0.01312;4.A.2.a.4.a.4:0.02091;4.A.2.a.4.e.2:0.01312;4.A.2.a.4.g.5:0.04329;4.A.2.b.2.m.2:0.03237;4.A.2.b.2.o.20:0.03031;4.A.2.b.2.s.7:0.03562;4.A.2.b.2.u.1:0.06519;4.A.2.b.2.u.2:0.03365;4.A.3.a.2.al.5:0.07704;4.A.3.b.1.a.3:0.01312;4.A.3.b.6.c.4:0.04054;4.A.3.b.6.c.7:0.03749;4.A.3.b.6.l.10:0.01250;4.A.4.a.2.a.1:0.01638;4.A.4.a.2.b.1:0.03611;4.A.4.a.3.b.3:0.01250;4.A.4.a.3.b.4:0.01638;4.A.4.a.3.b.5:0.07931;4.A.4.b.3.b.2:0.01250;4.A.4.b.3.b.9:0.03611;4.A.4.b.4.e.2:0.04015;4.A.4.b.4.f.1:0.01609;4.A.4.b.4.f.4:0.01609
19-2031.00	Chemists	化学家	4	12	4.A.1.a.2.b.16:0.07933;4.A.1.b.2.c.7:0.08495;4.A.2.a.4.g.2:0.02774;4.A.2.a.4.j.6:0.17380;4.A.2.a.4.l.5:0.02774;4.A.2.b.1.b.3:0.02774;4.A.3.a.2.au.4:0.08452;4.A.3.b.2.f.12:0.09058;4.A.3.b.2.f.17:0.04237;4.A.3.b.5.c.5:0.08452;4.A.3.b.6.c.4:0.04237;4.A.4.a.2.b.1:0.08214;4.A.4.b.4.a.10:0.07804;4.A.4.b.4.e.8:0.07415
19-2032.00	Materials Scientists	材料科学家	4	16	4.A.1.a.1.l.3:0.05626;4.A.1.a.1.t.4:0.13090;4.A.1.a.2.b.16:0.06339;4.A.1.b.2.c.7:0.19604;4.A.2.b.2.s.1:0.06038;4.A.2.b.2.s.4:0.06498;4.A.2.b.2.u.1:0.06070;4.A.3.b.2.f.12:0.06672;4.A.3.b.6.c.4:0.06561;4.A.3.b.6.p.1:0.05578;4.A.4.a.2.j.2:0.05927;4.A.4.b.3.b.9:0.05658;4.A.4.b.6.d.4:0.06339
19-2041.00	Environmental Scientists and Specialists, Including Health	环境科学家与专员	4	22	4.A.1.a.1.j.1:0.03938;4.A.1.a.1.j.4:0.06855;4.A.1.a.1.j.5:0.13776;4.A.2.a.2.c.5:0.05005;4.A.2.a.3.a.7:0.04794;4.A.2.a.3.b.1:0.09614;4.A.2.b.2.g.3:0.04991;4.A.2.b.2.g.4:0.03846;4.A.2.b.2.q.4:0.03740;4.A.2.b.2.s.6:0.06440;4.A.2.b.2.u.1:0.03740;4.A.3.b.6.c.7:0.04517;4.A.3.b.6.n.6:0.04570;4.A.4.a.3.b.5:0.05347;4.A.4.b.4.a.10:0.02232;4.A.4.b.4.a.3:0.02232;4.A.4.b.4.e.2:0.02226;4.A.4.b.6.c.1:0.07513;4.A.4.b.6.h.2:0.04623
19-2041.01	Climate Change Policy Analysts	气候变化政策分析师	5	14	4.A.1.a.1.h.3:0.10739;4.A.2.a.1.b.7:0.08346;4.A.2.a.2.c.5:0.07142;4.A.2.a.4.g.5:0.03754;4.A.2.a.4.i.1:0.07142;4.A.2.b.2.g.3:0.07770;4.A.2.b.2.l.8:0.06530;4.A.3.b.6.c.7:0.14196;4.A.3.b.6.g.5:0.09350;4.A.4.a.2.a.3:0.07281;4.A.4.a.6.c.3:0.10293;4.A.4.b.6.h.2:0.07456
19-2041.02	Environmental Restoration Planners	环境修复规划师	5	23	4.A.1.a.1.j.1:0.08334;4.A.1.a.1.j.5:0.03893;4.A.1.a.2.i.6:0.04878;4.A.1.b.1.b.7:0.04363;4.A.2.a.3.a.7:0.04150;4.A.2.a.3.b.1:0.04475;4.A.2.a.4.a.4:0.02388;4.A.2.b.2.g.1:0.17888;4.A.2.b.2.g.4:0.04475;4.A.2.b.2.o.20:0.03602;4.A.2.b.2.s.6:0.02092;4.A.2.b.2.u.2:0.03781;4.A.3.a.2.al.5:0.02388;4.A.3.b.6.g.2:0.02092;4.A.3.b.6.g.4:0.02092;4.A.3.b.6.m.3:0.04475;4.A.4.a.2.a.3:0.04631;4.A.4.b.1.c.1:0.04184;4.A.4.b.3.d.15:0.02338;4.A.4.b.4.a.10:0.02338;4.A.4.b.4.e.6:0.02092;4.A.4.b.6.c.1:0.04933;4.A.4.b.6.c.4:0.04117
19-2041.03	Industrial Ecologists	工业生态学家	5	38	4.A.1.a.1.i.2:0.01282;4.A.1.a.1.j.1:0.05866;4.A.1.a.1.j.4:0.02967;4.A.1.a.1.j.5:0.24662;4.A.1.a.1.p.3:0.01632;4.A.1.a.1.r.3:0.02641;4.A.1.a.1.t.6:0.01484;4.A.1.a.2.b.1:0.01484;4.A.1.b.1.b.7:0.04876;4.A.2.a.4.a.4:0.02451;4.A.2.a.4.e.5:0.00907;4.A.2.a.4.g.4:0.00907;4.A.2.a.4.i.1:0.03544;4.A.2.b.2.f.2:0.02937;4.A.2.b.2.g.1:0.01874;4.A.2.b.2.g.3:0.05084;4.A.2.b.2.g.4:0.02542;4.A.2.b.2.m.2:0.05365;4.A.2.b.2.q.4:0.04807;4.A.2.b.2.s.6:0.03870;4.A.2.b.2.u.2:0.05213;4.A.2.b.3.a.1:0.03164;4.A.3.b.6.c.7:0.01518;4.A.3.b.6.n.6:0.02193;4.A.4.a.2.a.3:0.01518;4.A.4.a.6.c.3:0.02352;4.A.4.b.6.c.1:0.02861
19-2042.00	Geoscientists, Except Hydrologists and Geographers	地球科学家（不含水文地理学家）	4	32	4.A.1.a.1.f.4:0.01313;4.A.1.a.1.h.1:0.03502;4.A.1.a.1.h.2:0.09272;4.A.1.a.1.j.1:0.01313;4.A.1.a.1.t.4:0.01896;4.A.1.a.2.b.6:0.01493;4.A.1.a.2.i.3:0.06584;4.A.1.b.2.e.12:0.01313;4.A.1.b.2.e.2:0.01493;4.A.2.a.3.a.8:0.03117;4.A.2.a.3.a.9:0.03459;4.A.2.a.4.a.1:0.11908;4.A.2.a.4.a.3:0.02583;4.A.2.a.4.a.4:0.01681;4.A.2.a.4.a.5:0.03651;4.A.2.a.4.g.5:0.05332;4.A.2.b.1.d.5:0.06085;4.A.2.b.2.b.6:0.02627;4.A.2.b.2.g.4:0.03196;4.A.2.b.2.o.11:0.06646;4.A.2.b.2.q.4:0.02627;4.A.2.b.2.s.4:0.01896;4.A.2.b.3.a.1:0.03861;4.A.3.b.6.c.4:0.01270;4.A.4.a.2.a.3:0.01270;4.A.4.b.3.b.9:0.01270;4.A.4.b.4.e.11:0.02583;4.A.4.b.6.c.1:0.03318;4.A.4.b.6.i.1:0.03441
19-2043.00	Hydrologists	水文学家	4	25	4.A.1.a.1.f.4:0.01305;4.A.1.a.1.h.1:0.12088;4.A.1.a.1.h.3:0.03998;4.A.1.a.1.j.1:0.06326;4.A.1.a.2.i.3:0.02220;4.A.2.a.1.b.7:0.03783;4.A.2.a.2.c.6:0.01860;4.A.2.a.3.a.7:0.03402;4.A.2.a.3.b.1:0.03906;4.A.2.a.4.a.4:0.04163;4.A.2.a.4.a.5:0.01860;4.A.2.b.2.m.1:0.01233;4.A.2.b.2.m.2:0.04471;4.A.2.b.2.o.20:0.02256;4.A.2.b.2.s.6:0.02400;4.A.2.b.2.s.7:0.03937;4.A.2.b.2.u.2:0.04430;4.A.3.a.2.al.5:0.04224;4.A.3.a.2.i.4:0.02081;4.A.3.b.5.a.3:0.01233;4.A.3.b.5.c.5:0.02081;4.A.3.b.6.c.4:0.02256;4.A.3.b.6.h.18:0.04589;4.A.4.a.2.a.3:0.02215;4.A.4.a.3.b.5:0.03597;4.A.4.a.8.c.1:0.01305;4.A.4.b.4.a.10:0.04296;4.A.4.b.4.i.1:0.05941;4.A.4.b.4.i.6:0.01233;4.A.4.c.3.e.1:0.01305
19-2099.01	Remote Sensing Scientists and Technologists	遥感科学家与技术专家	4	24	4.A.1.a.2.a.9:0.02087;4.A.2.a.1.g.2:0.03969;4.A.2.a.2.c.6:0.04400;4.A.2.a.4.a.5:0.14560;4.A.2.a.4.a.7:0.02087;4.A.2.b.2.b.6:0.03678;4.A.2.b.2.f.2:0.04314;4.A.2.b.2.m.2:0.07204;4.A.2.b.2.o.20:0.04670;4.A.2.b.2.s.7:0.04357;4.A.2.b.3.a.1:0.02001;4.A.2.b.3.a.9:0.02001;4.A.3.a.2.al.3:0.05673;4.A.3.a.2.al.5:0.02092;4.A.3.a.2.at.10:0.04098;4.A.3.b.2.a.2:0.01828;4.A.3.b.2.a.4:0.01828;4.A.3.b.6.c.4:0.04508;4.A.3.b.6.h.18:0.04767;4.A.4.a.2.h.4:0.02243;4.A.4.a.2.h.6:0.02243;4.A.4.b.3.d.15:0.04163;4.A.4.b.4.e.2:0.07409;4.A.4.b.6.d.4:0.03818
19-3011.00	Economists	经济学家	5	14	4.A.1.a.1.b.8:0.03755;4.A.1.a.1.r.3:0.07848;4.A.2.a.3.a.8:0.03755;4.A.2.a.4.b.3:0.13293;4.A.2.b.3.a.1:0.08656;4.A.3.b.2.f.17:0.07154;4.A.3.b.6.c.4:0.10176;4.A.4.a.1.b.4:0.03793;4.A.4.a.3.a.1:0.09163;4.A.4.a.3.b.3:0.03793;4.A.4.b.3.b.8:0.06628;4.A.4.b.4.a.3:0.07191;4.A.4.b.6.e.10:0.07435;4.A.4.b.6.h.2:0.07360
19-3011.01	Environmental Economists	环境经济学家	5	20	4.A.1.a.1.j.1:0.06164;4.A.1.a.1.j.5:0.09785;4.A.1.a.2.h.1:0.02278;4.A.1.b.1.b.7:0.01817;4.A.2.a.4.b.3:0.06262;4.A.2.a.4.b.4:0.02278;4.A.2.a.4.g.5:0.03299;4.A.2.a.4.i.1:0.08443;4.A.2.b.2.g.3:0.07793;4.A.2.b.2.s.6:0.04417;4.A.2.b.2.s.7:0.04683;4.A.2.b.2.u.2:0.10512;4.A.3.a.2.al.5:0.02949;4.A.3.b.6.c.4:0.02719;4.A.3.b.6.g.5:0.04627;4.A.3.b.6.n.6:0.04920;4.A.4.a.2.a.3:0.02719;4.A.4.a.6.c.3:0.05270;4.A.4.b.3.b.2:0.02446;4.A.4.b.3.b.3:0.02446;4.A.4.b.6.c.1:0.04172
19-3022.00	Survey Researchers	调查研究员	5	16	4.A.1.a.1.b.12:0.03321;4.A.1.a.1.l.3:0.13464;4.A.1.a.1.p.5:0.02945;4.A.1.a.1.r.3:0.05830;4.A.2.a.4.g.3:0.03321;4.A.2.b.2.s.8:0.16349;4.A.3.b.6.c.4:0.06822;4.A.3.b.6.g.2:0.02975;4.A.3.b.6.g.4:0.02975;4.A.3.b.6.h.18:0.02945;4.A.3.b.6.l.10:0.05034;4.A.3.b.6.o.4:0.06236;4.A.4.a.2.b.1:0.06536;4.A.4.a.2.j.2:0.06762;4.A.4.b.3.d.15:0.04838;4.A.4.b.4.a.10:0.06296;4.A.4.b.4.e.5:0.03351
19-3032.00	Industrial-Organizational Psychologists	工业组织心理学家	5	25	4.A.1.a.1.i.3:0.16713;4.A.1.a.1.l.3:0.07138;4.A.2.a.1.d.4:0.02048;4.A.2.a.1.d.5:0.02028;4.A.2.a.1.d.6:0.02048;4.A.2.b.1.i.1:0.02207;4.A.2.b.2.l.8:0.03973;4.A.2.b.2.l.9:0.02028;4.A.2.b.2.s.3:0.09339;4.A.2.b.3.a.1:0.03625;4.A.3.b.6.c.4:0.11623;4.A.4.a.2.j.2:0.03707;4.A.4.a.3.a.1:0.03799;4.A.4.a.7.a.3:0.02816;4.A.4.b.3.d.15:0.04096;4.A.4.b.6.e.10:0.09135;4.A.4.b.6.e.7:0.02207;4.A.4.b.6.j.6:0.07332;4.A.4.c.2.b.3:0.04137
19-3033.00	Clinical and Counseling Psychologists	临床与咨询心理学家	5	30	4.A.1.a.1.d.8:0.01733;4.A.1.a.1.l.3:0.08030;4.A.2.a.1.b.2:0.01879;4.A.2.a.1.f.2:0.04255;4.A.2.b.1.f.3:0.03929;4.A.2.b.2.a.5:0.01879;4.A.2.b.2.l.2:0.07421;4.A.2.b.2.l.8:0.03037;4.A.2.b.2.s.8:0.00826;4.A.2.b.3.a.1:0.07035;4.A.3.b.6.c.4:0.04739;4.A.3.b.6.c.6:0.02574;4.A.3.b.6.h.18:0.04118;4.A.4.a.2.d.3:0.03071;4.A.4.b.3.d.8:0.01617;4.A.4.b.4.a.12:0.01617;4.A.4.b.4.a.3:0.03346;4.A.4.b.4.e.9:0.02628;4.A.4.b.6.f.5:0.09043;4.A.4.b.6.g.7:0.02720;4.A.4.b.6.j.6:0.21071;4.A.4.c.2.b.3:0.03432
19-3034.00	School Psychologists	学校心理学家	5	19	4.A.1.a.1.i.3:0.05424;4.A.1.a.1.l.3:0.05474;4.A.1.a.1.l.4:0.02892;4.A.1.a.1.o.1:0.01889;4.A.2.a.1.c.1:0.02892;4.A.2.a.4.g.5:0.02966;4.A.2.b.2.l.2:0.05362;4.A.2.b.2.l.8:0.14390;4.A.2.b.3.a.10:0.01889;4.A.2.b.3.a.9:0.05164;4.A.3.b.6.c.4:0.02966;4.A.3.b.6.h.12:0.02941;4.A.3.b.6.h.9:0.02941;4.A.4.b.1.c.4:0.02966;4.A.4.b.1.c.5:0.02966;4.A.4.b.4.e.11:0.05672;4.A.4.b.6.f.5:0.04854;4.A.4.b.6.g.7:0.10675;4.A.4.b.6.j.6:0.10105;4.A.4.c.2.b.3:0.05573
19-3039.02	Neuropsychologists	神经心理学家	5	14	4.A.1.a.1.l.3:0.07884;4.A.1.a.1.s.1:0.05812;4.A.2.b.1.f.3:0.20991;4.A.2.b.2.l.2:0.03302;4.A.2.b.3.a.1:0.03614;4.A.2.b.3.a.9:0.10689;4.A.3.b.2.f.7:0.07412;4.A.3.b.6.c.4:0.08019;4.A.4.a.2.d.5:0.06806;4.A.4.b.3.b.8:0.06671;4.A.4.b.4.e.9:0.03302;4.A.4.b.6.j.6:0.07412;4.A.4.c.2.b.3:0.08086
19-3039.03	Clinical Neuropsychologists	临床神经心理学家	5	18	4.A.1.a.1.l.3:0.06330;4.A.1.a.2.e.2:0.05115;4.A.2.a.1.f.4:0.02374;4.A.2.b.1.f.3:0.29485;4.A.2.b.2.l.2:0.02418;4.A.2.b.3.a.1:0.02798;4.A.2.b.3.a.9:0.07912;4.A.3.b.2.f.7:0.05165;4.A.3.b.6.c.4:0.06330;4.A.4.a.1.e.3:0.02374;4.A.4.a.2.d.5:0.05798;4.A.4.b.3.b.8:0.04849;4.A.4.b.4.e.9:0.02418;4.A.4.b.6.j.6:0.10305;4.A.4.c.2.b.3:0.06330
19-3041.00	Sociologists	社会学家	5	15	4.A.1.a.1.l.3:0.12778;4.A.1.a.1.r.3:0.13368;4.A.2.a.4.g.5:0.04054;4.A.2.b.2.l.2:0.06415;4.A.2.b.2.s.3:0.07287;4.A.2.b.2.s.8:0.03635;4.A.3.b.6.c.1:0.09095;4.A.3.b.6.c.4:0.07441;4.A.3.b.6.g.2:0.02865;4.A.3.b.6.g.4:0.02865;4.A.4.a.3.b.10:0.02252;4.A.4.a.3.b.3:0.02252;4.A.4.b.3.b.8:0.07270;4.A.4.b.4.a.10:0.06073;4.A.4.b.4.e.11:0.05987;4.A.4.b.6.h.2:0.06363
19-3051.00	Urban and Regional Planners	城市与区域规划师	5	25	4.A.1.a.1.d.1:0.03233;4.A.1.a.1.j.1:0.04177;4.A.1.a.1.l.3:0.04000;4.A.2.a.2.c.6:0.02000;4.A.2.a.3.a.7:0.03778;4.A.2.a.3.a.9:0.08140;4.A.2.a.4.a.5:0.02000;4.A.2.a.4.i.3:0.03817;4.A.2.b.2.g.3:0.07420;4.A.2.b.2.o.11:0.04000;4.A.2.b.3.a.1:0.04051;4.A.3.b.2.b.3:0.02279;4.A.3.b.6.c.4:0.08440;4.A.3.b.6.h.18:0.04000;4.A.4.a.1.b.2:0.02279;4.A.4.a.2.a.1:0.04440;4.A.4.a.3.b.5:0.04000;4.A.4.a.6.c.3:0.03466;4.A.4.a.7.a.3:0.04323;4.A.4.b.1.a.5:0.03613;4.A.4.b.1.c.1:0.04129;4.A.4.b.4.a.10:0.03729;4.A.4.b.6.e.10:0.08686
19-3091.00	Anthropologists and Archeologists	人类学家与考古学家	5	30	4.A.1.a.1.d.8:0.01574;4.A.1.a.1.i.3:0.03229;4.A.1.a.1.l.3:0.04165;4.A.1.a.1.r.1:0.16232;4.A.1.a.1.r.2:0.02914;4.A.1.a.1.r.3:0.03490;4.A.1.a.2.i.6:0.01799;4.A.1.b.1.a.3:0.01637;4.A.1.b.2.j.6:0.03301;4.A.2.a.4.j.2:0.02995;4.A.2.b.2.l.2:0.03013;4.A.2.b.2.m.2:0.03418;4.A.2.b.2.s.8:0.01911;4.A.2.b.2.u.4:0.02798;4.A.2.b.6.a.4:0.03094;4.A.3.a.1.h.6:0.03076;4.A.3.a.2.al.2:0.01759;4.A.3.a.2.ap.5:0.01637;4.A.3.b.6.c.4:0.03931;4.A.3.b.6.e.3:0.03598;4.A.3.b.6.g.2:0.03103;4.A.3.b.6.h.18:0.03670;4.A.4.b.1.a.5:0.01511;4.A.4.b.1.c.1:0.01511;4.A.4.b.3.b.8:0.03976;4.A.4.b.3.d.15:0.05222;4.A.4.b.4.e.5:0.03580;4.A.4.b.6.c.1:0.01799;4.A.4.b.6.g.7:0.02959;4.A.4.b.6.h.2:0.03094
19-3092.00	Geographers	地理学家	4	12	4.A.1.a.1.d.8:0.08159;4.A.1.a.1.r.1:0.16534;4.A.2.a.2.c.6:0.04478;4.A.2.b.2.b.6:0.16663;4.A.2.b.2.o.11:0.09408;4.A.3.a.2.al.3:0.20129;4.A.3.b.6.c.4:0.08848;4.A.4.b.3.b.8:0.08934;4.A.4.b.6.e.10:0.06846
19-3093.00	Historians	历史学家	5	21	4.A.1.a.1.d.8:0.10340;4.A.1.a.1.l.3:0.04221;4.A.1.a.1.n.5:0.02469;4.A.1.a.1.r.2:0.27197;4.A.1.b.2.j.6:0.03798;4.A.2.b.1.g.1:0.01891;4.A.2.b.1.g.2:0.01891;4.A.2.b.2.o.9:0.01602;4.A.2.b.2.s.8:0.02469;4.A.3.a.2.h.3:0.05150;4.A.3.b.6.c.4:0.22432;4.A.4.a.1.b.6:0.02197;4.A.4.a.1.c.1:0.03451;4.A.4.b.3.b.8:0.04486;4.A.4.b.4.j.28:0.02402;4.A.4.b.4.j.32:0.02402;4.A.4.b.6.e.12:0.01602
19-3094.00	Political Scientists	政治学家	5	14	4.A.1.a.1.r.3:0.07865;4.A.2.a.1.b.7:0.02691;4.A.2.a.4.b.3:0.05958;4.A.2.a.4.g.5:0.08024;4.A.2.b.2.s.8:0.07786;4.A.2.b.2.u.1:0.08858;4.A.2.b.3.a.1:0.08858;4.A.3.b.6.c.4:0.08640;4.A.3.b.6.n.6:0.04350;4.A.4.a.3.b.3:0.05263;4.A.4.b.3.b.8:0.09096;4.A.4.b.4.b.1:0.06256;4.A.4.b.6.g.2:0.04121;4.A.4.b.6.g.7:0.04121;4.A.4.b.6.h.2:0.08113
19-3099.01	Transportation Planners	交通规划师	4	22	4.A.2.a.1.b.7:0.08676;4.A.2.a.4.d.2:0.02282;4.A.2.a.4.e.8:0.04682;4.A.2.a.4.g.14:0.02578;4.A.2.a.4.g.16:0.02282;4.A.2.a.4.g.5:0.04800;4.A.2.a.4.i.1:0.04860;4.A.2.b.1.b.1:0.02578;4.A.2.b.2.s.3:0.04800;4.A.2.b.2.u.1:0.09091;4.A.3.b.2.b.3:0.04077;4.A.3.b.6.c.4:0.09328;4.A.3.b.6.c.7:0.04433;4.A.3.b.6.m.3:0.04480;4.A.3.b.6.n.6:0.03947;4.A.4.a.2.a.1:0.05073;4.A.4.a.3.a.2:0.01914;4.A.4.b.1.a.5:0.09660;4.A.4.b.1.c.9:0.01914;4.A.4.b.4.e.5:0.03627;4.A.4.b.6.h.2:0.04919
19-4012.00	Agricultural Technicians	农业技术员	3	26	4.A.1.a.1.m.2:0.03430;4.A.1.a.1.m.3:0.06839;4.A.1.a.1.p.2:0.03739;4.A.1.a.1.p.6:0.03952;4.A.1.b.2.c.7:0.04112;4.A.1.b.3.a.9:0.04122;4.A.2.b.2.q.4:0.03781;4.A.3.a.1.q.7:0.12058;4.A.3.a.2.al.2:0.03984;4.A.3.a.2.at.10:0.03856;4.A.3.a.2.au.3:0.04176;4.A.3.a.2.au.4:0.03313;4.A.3.a.3.i.1:0.03984;4.A.3.a.3.k.4:0.04548;4.A.3.b.5.c.5:0.04261;4.A.3.b.6.c.4:0.04101;4.A.3.b.6.h.18:0.08074;4.A.4.a.3.b.5:0.06285;4.A.4.a.5.d.1:0.03643;4.A.4.b.3.d.15:0.01278;4.A.4.b.4.a.10:0.01278;4.A.4.b.4.c.2:0.05187
19-4012.01	Precision Agriculture Technicians	精准农业技术员	3	22	4.A.1.a.1.h.3:0.03936;4.A.1.a.1.m.2:0.04863;4.A.2.a.4.a.2:0.02492;4.A.2.a.4.a.4:0.13505;4.A.2.a.4.a.5:0.16695;4.A.2.b.2.m.2:0.04706;4.A.2.b.2.o.11:0.09377;4.A.3.a.2.al.3:0.05079;4.A.3.a.2.i.4:0.06795;4.A.3.b.2.f.18:0.04032;4.A.3.b.5.c.5:0.02437;4.A.3.b.6.h.18:0.05128;4.A.3.b.6.o.4:0.04381;4.A.4.a.2.h.6:0.01914;4.A.4.a.2.h.8:0.01914;4.A.4.b.6.b.3:0.04490;4.A.4.b.6.d.4:0.08257
19-4013.00	Food Science Technicians	食品科学技术员	3	16	4.A.1.a.1.p.6:0.03152;4.A.1.a.1.t.10:0.05883;4.A.1.b.2.c.7:0.13045;4.A.1.b.3.a.3:0.06590;4.A.2.a.1.e.3:0.07042;4.A.2.a.4.j.6:0.15280;4.A.3.a.1.h.6:0.03182;4.A.3.a.2.au.3:0.06395;4.A.3.a.2.au.4:0.05974;4.A.3.b.5.c.5:0.03182;4.A.3.b.6.h.18:0.13091;4.A.4.b.3.d.15:0.05913;4.A.4.b.4.a.17:0.05688;4.A.4.b.4.e.8:0.05582
19-4021.00	Biological Technicians	生物技术员	4	18	4.A.1.a.1.m.1:0.01831;4.A.1.a.1.p.4:0.05742;4.A.1.a.1.p.6:0.05883;4.A.1.a.1.t.4:0.02962;4.A.1.a.2.b.16:0.11578;4.A.1.b.3.a.10:0.02719;4.A.1.b.3.a.8:0.02719;4.A.2.a.4.g.5:0.02780;4.A.2.a.4.j.6:0.05291;4.A.3.a.1.h.6:0.05345;4.A.3.a.2.al.2:0.06085;4.A.3.a.2.at.10:0.05331;4.A.3.a.2.au.3:0.05695;4.A.3.b.1.e.1:0.05520;4.A.3.b.6.h.18:0.11268;4.A.4.a.2.b.1:0.02504;4.A.4.a.2.b.3:0.02504;4.A.4.a.5.d.1:0.05924;4.A.4.b.4.c.1:0.01831;4.A.4.b.4.c.2:0.01831;4.A.4.c.3.e.1:0.04658
19-4031.00	Chemical Technicians	化学技术员	3	16	4.A.1.a.2.k.6:0.03177;4.A.2.a.1.e.3:0.06839;4.A.2.a.4.g.5:0.06667;4.A.2.a.4.j.6:0.10477;4.A.3.a.1.h.6:0.03474;4.A.3.a.2.at.10:0.03404;4.A.3.a.2.au.4:0.06808;4.A.3.a.2.b.1:0.03177;4.A.3.a.3.i.1:0.05806;4.A.3.b.2.f.12:0.10031;4.A.3.b.5.c.5:0.03474;4.A.3.b.6.c.4:0.06056;4.A.4.a.2.b.1:0.03263;4.A.4.a.2.b.3:0.03263;4.A.4.b.3.d.15:0.06103;4.A.4.b.4.a.10:0.05618;4.A.4.b.4.b.1:0.06557;4.A.4.b.4.e.8:0.05806
19-4042.00	Environmental Science and Protection Technicians, Including Health	环境科学与保护技术员	4	25	4.A.1.a.1.j.5:0.03431;4.A.1.a.1.v.1:0.02328;4.A.1.b.2.e.5:0.04278;4.A.1.b.2.e.9:0.04049;4.A.1.b.2.g.18:0.02002;4.A.1.b.3.a.3:0.01933;4.A.1.b.3.a.8:0.01933;4.A.2.a.3.b.1:0.02002;4.A.2.a.4.a.3:0.04221;4.A.2.a.4.a.4:0.03752;4.A.2.a.4.j.6:0.03431;4.A.2.b.1.d.5:0.03603;4.A.2.b.2.g.3:0.03757;4.A.2.b.2.s.7:0.03763;4.A.3.a.1.k.10:0.02122;4.A.3.a.2.al.5:0.04689;4.A.3.a.2.at.10:0.04038;4.A.3.a.2.au.3:0.04449;4.A.3.a.2.b.1:0.02328;4.A.3.a.2.i.4:0.04198;4.A.3.b.6.c.4:0.02288;4.A.3.b.6.h.18:0.06405;4.A.3.b.6.m.3:0.03294;4.A.4.a.2.j.2:0.04289;4.A.4.b.4.a.10:0.03431;4.A.4.b.4.e.6:0.03757;4.A.4.b.4.k.4:0.02122;4.A.4.b.6.e.10:0.03935;4.A.4.b.6.h.2:0.04175
19-4043.00	Geological Technicians, Except Hydrologic Technicians	地质技术员（不含水文）	4	29	4.A.1.a.1.d.8:0.05244;4.A.1.a.1.h.2:0.03693;4.A.1.a.1.j.5:0.03054;4.A.1.a.1.l.3:0.01703;4.A.1.b.2.g.18:0.02443;4.A.1.b.3.d.1:0.03448;4.A.2.a.2.c.5:0.03448;4.A.2.a.2.c.6:0.03130;4.A.2.a.4.a.1:0.10004;4.A.2.a.4.a.3:0.07415;4.A.2.a.4.a.5:0.05238;4.A.2.b.2.o.11:0.07281;4.A.3.a.2.al.3:0.03448;4.A.3.a.2.al.5:0.03448;4.A.3.a.2.at.10:0.01832;4.A.3.a.2.b.1:0.04275;4.A.3.a.2.i.4:0.01770;4.A.3.a.3.i.1:0.03817;4.A.3.b.5.c.5:0.01770;4.A.3.b.6.e.3:0.03483;4.A.3.b.6.h.18:0.09404;4.A.4.a.2.b.1:0.02271;4.A.4.b.4.a.10:0.03788;4.A.4.b.4.e.2:0.01832;4.A.4.b.4.i.1:0.02758
19-4044.00	Hydrologic Technicians	水文技术员	3	16	4.A.1.a.1.d.7:0.03125;4.A.1.a.1.h.1:0.06250;4.A.1.b.3.a.17:0.06250;4.A.2.a.2.a.6:0.06250;4.A.2.a.2.c.5:0.03125;4.A.2.a.4.a.4:0.06250;4.A.2.a.4.e.8:0.06250;4.A.2.b.2.m.2:0.06250;4.A.2.b.2.o.14:0.03125;4.A.2.b.2.u.2:0.06250;4.A.3.a.1.c.16:0.03125;4.A.3.a.1.g.7:0.06250;4.A.3.a.2.al.5:0.06250;4.A.3.a.2.d.13:0.03125;4.A.3.b.6.c.6:0.09375;4.A.4.a.2.a.1:0.03125;4.A.4.b.6.c.1:0.09375;4.A.4.b.6.i.1:0.06250
19-4051.00	Nuclear Technicians	核技术员	3	18	4.A.1.a.2.b.16:0.18067;4.A.1.a.2.k.3:0.06243;4.A.1.b.1.b.7:0.04878;4.A.1.b.2.e.2:0.06178;4.A.1.b.2.g.18:0.05593;4.A.1.b.2.l.7:0.06022;4.A.1.b.3.a.5:0.10405;4.A.3.a.1.h.6:0.04826;4.A.3.a.2.al.5:0.04565;4.A.3.a.2.at.10:0.05556;4.A.3.b.5.a.16:0.06009;4.A.3.b.5.c.5:0.05710;4.A.4.a.2.c.1:0.05112;4.A.4.a.2.c.21:0.05281;4.A.4.b.6.i.1:0.05556
19-4051.02	Nuclear Monitoring Technicians	核监测技术员	3	16	4.A.1.a.2.g.8:0.03302;4.A.1.b.3.a.5:0.19839;4.A.2.a.4.a.4:0.06297;4.A.3.a.1.e.2:0.02849;4.A.3.a.1.e.7:0.02849;4.A.3.a.1.h.6:0.05625;4.A.3.a.2.al.5:0.06443;4.A.3.a.2.at.10:0.05946;4.A.3.a.2.i.4:0.02951;4.A.3.b.5.c.5:0.02951;4.A.3.b.6.h.18:0.06034;4.A.3.b.6.o.4:0.05814;4.A.4.a.2.c.21:0.13367;4.A.4.a.5.e.2:0.03302;4.A.4.b.3.d.15:0.06457;4.A.4.b.6.i.1:0.05975
19-4061.00	Social Science Research Assistants	社会科学研究助理	4	22	4.A.1.a.1.d.8:0.04398;4.A.1.a.1.l.3:0.07708;4.A.1.a.1.r.3:0.04745;4.A.2.a.2.a.7:0.02338;4.A.2.a.2.a.8:0.02338;4.A.2.b.2.b.6:0.05162;4.A.2.b.2.f.2:0.04525;4.A.2.b.2.s.3:0.04086;4.A.2.b.2.s.8:0.04630;4.A.2.b.5.c.1:0.02436;4.A.3.b.1.f.7:0.02240;4.A.3.b.1.f.8:0.02240;4.A.3.b.6.c.4:0.13819;4.A.3.b.6.h.18:0.09213;4.A.3.b.6.n.6:0.04491;4.A.4.a.2.j.2:0.03924;4.A.4.b.4.a.10:0.03947;4.A.4.b.4.e.8:0.07963;4.A.4.c.2.a.2:0.04803;4.A.4.c.2.a.5:0.02436;4.A.4.c.2.b.3:0.02558
19-4071.00	Forest and Conservation Technicians	林业与自然保护技术员	3	20	4.A.1.a.1.p.3:0.01387;4.A.1.a.2.g.12:0.02507;4.A.1.a.2.g.5:0.02507;4.A.1.a.2.i.6:0.02398;4.A.1.b.3.d.1:0.06198;4.A.2.b.2.f.2:0.04941;4.A.2.b.2.o.11:0.03807;4.A.2.b.2.o.19:0.02658;4.A.3.a.1.q.7:0.10936;4.A.3.a.2.al.2:0.02398;4.A.3.a.2.al.3:0.01387;4.A.3.a.2.al.5:0.01387;4.A.3.b.6.h.18:0.09542;4.A.3.b.6.h.8:0.02658;4.A.3.b.6.m.3:0.04739;4.A.4.b.3.d.15:0.02665;4.A.4.b.4.a.10:0.02665;4.A.4.b.4.c.2:0.21612;4.A.4.b.6.c.1:0.08596;4.A.4.b.6.i.1:0.05013
19-4092.00	Forensic Science Technicians	法庭科学技术员	3	24	4.A.1.a.1.c.1:0.05086;4.A.1.a.1.c.2:0.06956;4.A.1.b.2.c.6:0.01880;4.A.1.b.3.a.6:0.01510;4.A.2.a.2.a.2:0.02049;4.A.2.a.2.a.7:0.02049;4.A.2.a.4.d.2:0.02085;4.A.2.a.4.g.5:0.04089;4.A.2.a.4.j.2:0.41951;4.A.2.a.4.j.3:0.02111;4.A.2.a.4.j.5:0.01880;4.A.3.a.2.au.4:0.03525;4.A.3.a.3.i.1:0.02111;4.A.3.b.5.c.5:0.02111;4.A.3.b.6.c.4:0.02434;4.A.3.b.6.e.3:0.04785;4.A.3.b.6.h.18:0.02434;4.A.4.a.2.b.1:0.01967;4.A.4.a.3.a.1:0.04611;4.A.4.b.3.d.15:0.04375
19-4099.01	Quality Control Analysts	质量控制分析员	3	26	4.A.1.a.2.b.16:0.04007;4.A.1.b.2.c.3:0.04087;4.A.1.b.2.c.7:0.04367;4.A.1.b.2.e.9:0.04197;4.A.2.a.1.e.3:0.08054;4.A.2.a.1.g.2:0.03397;4.A.2.a.2.a.7:0.03537;4.A.2.a.3.c.1:0.03637;4.A.2.a.4.d.1:0.04157;4.A.2.a.4.g.5:0.04347;4.A.2.a.4.l.1:0.03867;4.A.2.b.1.d.10:0.03617;4.A.3.a.2.i.4:0.02143;4.A.3.b.2.f.15:0.03517;4.A.3.b.2.f.17:0.03647;4.A.3.b.5.c.5:0.06280;4.A.3.b.6.h.18:0.04177;4.A.3.b.6.n.6:0.07334;4.A.3.b.6.o.4:0.04097;4.A.4.a.4.a.1:0.03757;4.A.4.b.1.c.7:0.03157;4.A.4.b.3.d.15:0.03807;4.A.4.b.6.d.4:0.02938;4.A.4.b.6.e.10:0.03877
19-4099.03	Remote Sensing Technicians	遥感技术员	4	21	4.A.2.a.1.g.7:0.02187;4.A.2.a.2.a.6:0.02678;4.A.2.a.2.a.7:0.02678;4.A.2.a.4.a.5:0.10152;4.A.2.a.4.a.7:0.05178;4.A.2.b.1.h.11:0.02187;4.A.2.b.2.b.6:0.06517;4.A.2.b.2.f.2:0.04872;4.A.2.b.2.o.19:0.02353;4.A.2.b.2.o.20:0.09986;4.A.2.b.2.s.6:0.02353;4.A.3.a.2.al.3:0.09973;4.A.3.a.2.al.5:0.04762;4.A.3.a.2.i.4:0.09705;4.A.3.b.6.c.4:0.07920;4.A.3.b.6.h.18:0.04451;4.A.4.a.2.a.3:0.04762;4.A.4.a.2.h.9:0.02381;4.A.4.b.1.a.5:0.02525;4.A.4.b.1.c.3:0.02381
19-5011.00	Occupational Health and Safety Specialists	职业健康安全专员	4	22	4.A.1.a.1.u.1:0.05138;4.A.1.a.1.v.3:0.01447;4.A.1.a.2.b.19:0.04103;4.A.1.b.2.e.5:0.14141;4.A.1.b.2.k.2:0.10615;4.A.2.a.4.d.2:0.01447;4.A.2.a.4.g.3:0.01447;4.A.2.a.4.j.1:0.03651;4.A.2.b.2.n.3:0.09336;4.A.2.b.2.p.1:0.04294;4.A.3.a.1.k.13:0.05245;4.A.3.a.2.ap.2:0.01281;4.A.3.a.2.ap.4:0.01281;4.A.3.a.2.b.1:0.02432;4.A.3.a.2.b.2:0.02432;4.A.3.a.2.m.4:0.01281;4.A.3.b.6.c.6:0.02325;4.A.3.b.6.l.6:0.02224;4.A.3.b.6.o.5:0.02325;4.A.4.a.2.d.5:0.02432;4.A.4.a.2.h.8:0.02432;4.A.4.b.3.f.6:0.11216;4.A.4.b.6.f.2:0.05435;4.A.4.c.3.a.2:0.02040
19-5012.00	Occupational Health and Safety Technicians	职业健康安全技术员	3	26	4.A.1.a.1.s.1:0.10878;4.A.1.a.1.w.1:0.01664;4.A.1.a.2.k.11:0.07486;4.A.1.a.2.k.5:0.05931;4.A.1.b.2.e.5:0.08772;4.A.1.b.2.k.2:0.13644;4.A.2.a.3.b.1:0.01664;4.A.2.a.3.d.1:0.04375;4.A.2.b.2.n.3:0.03370;4.A.2.b.2.p.1:0.03911;4.A.3.a.2.k.1:0.02047;4.A.3.b.4.f.2:0.02047;4.A.3.b.6.f.1:0.07951;4.A.3.b.6.k.2:0.03543;4.A.4.a.3.b.1:0.01826;4.A.4.a.5.e.4:0.01343;4.A.4.b.3.f.6:0.04321;4.A.4.b.4.k.1:0.01343;4.A.4.b.4.k.3:0.01343;4.A.4.b.6.f.2:0.08426;4.A.4.c.3.a.2:0.04116
21-1011.00	Substance Abuse and Behavioral Disorder Counselors	药物滥用与行为障碍咨询师	5	23	4.A.1.a.1.w.8:0.02237;4.A.1.a.2.e.2:0.08520;4.A.1.b.2.a.6:0.03921;4.A.2.a.1.b.2:0.01269;4.A.2.b.2.a.1:0.09521;4.A.2.b.2.a.5:0.04224;4.A.2.b.2.n.2:0.01269;4.A.2.b.3.a.2:0.04849;4.A.3.b.6.c.6:0.02419;4.A.3.b.6.k.1:0.02419;4.A.4.a.1.e.2:0.03702;4.A.4.a.2.d.3:0.15565;4.A.4.a.2.f.1:0.01269;4.A.4.a.3.b.9:0.02086;4.A.4.a.5.a.6:0.02086;4.A.4.a.6.a.1:0.04171;4.A.4.b.3.b.4:0.04370;4.A.4.b.3.d.21:0.06226;4.A.4.b.4.a.12:0.06341;4.A.4.b.6.j.1:0.04547;4.A.4.b.6.j.2:0.04933;4.A.4.b.6.j.5:0.04057
21-1012.00	Educational, Guidance, and Career Counselors and Advisors	教育与职业咨询顾问	5	35	4.A.1.a.1.o.1:0.00781;4.A.1.a.1.w.8:0.05494;4.A.1.a.2.f.3:0.00781;4.A.2.a.1.a.1:0.01639;4.A.2.a.1.a.3:0.04757;4.A.2.a.1.a.4:0.00948;4.A.2.a.1.c.1:0.00781;4.A.2.a.2.c.3:0.00633;4.A.2.a.4.b.4:0.00633;4.A.2.b.2.l.11:0.02815;4.A.2.b.2.l.8:0.03107;4.A.2.b.2.n.1:0.06015;4.A.2.b.3.a.2:0.02785;4.A.2.b.3.a.21:0.00633;4.A.3.b.6.c.6:0.02976;4.A.3.b.6.n.7:0.04783;4.A.4.a.1.e.2:0.01598;4.A.4.a.2.d.3:0.01598;4.A.4.a.2.f.1:0.02568;4.A.4.a.3.b.9:0.04072;4.A.4.a.4.a.3:0.02515;4.A.4.a.5.a.3:0.03211;4.A.4.a.5.a.5:0.06405;4.A.4.a.5.a.6:0.00948;4.A.4.a.5.i.3:0.03024;4.A.4.a.6.c.6:0.02530;4.A.4.b.3.a.2:0.02852;4.A.4.b.3.b.4:0.04128;4.A.4.b.3.d.21:0.01336;4.A.4.b.4.a.12:0.02564;4.A.4.b.6.g.1:0.02597;4.A.4.b.6.g.4:0.11327;4.A.4.b.6.j.1:0.03316;4.A.4.b.6.j.4:0.02745;4.A.4.b.6.j.7:0.01105
21-1013.00	Marriage and Family Therapists	婚姻家庭治疗师	5	17	4.A.1.a.1.l.4:0.07553;4.A.1.a.1.w.8:0.02921;4.A.1.a.2.e.2:0.02452;4.A.2.a.1.a.3:0.03227;4.A.2.a.1.b.2:0.02452;4.A.2.b.1.f.2:0.01995;4.A.2.b.1.f.3:0.01995;4.A.2.b.2.a.1:0.06766;4.A.3.b.6.c.6:0.04904;4.A.3.b.6.k.1:0.06752;4.A.4.a.1.e.3:0.05885;4.A.4.a.2.d.3:0.08650;4.A.4.a.3.b.9:0.01639;4.A.4.a.5.a.3:0.04677;4.A.4.a.5.a.6:0.03227;4.A.4.b.3.a.2:0.06809;4.A.4.b.3.b.4:0.01639;4.A.4.b.4.a.12:0.06226;4.A.4.b.6.g.1:0.01639;4.A.4.b.6.j.2:0.01279;4.A.4.b.6.j.4:0.06667;4.A.4.b.6.j.5:0.01279;4.A.4.b.6.j.6:0.01279;4.A.4.b.6.j.7:0.08088
21-1014.00	Mental Health Counselors	心理健康咨询师	5	27	4.A.1.a.1.l.2:0.02076;4.A.1.a.1.l.4:0.01968;4.A.1.a.1.s.2:0.03251;4.A.1.a.1.w.8:0.01968;4.A.1.a.2.e.2:0.01903;4.A.2.a.1.a.3:0.03754;4.A.2.a.1.b.2:0.01903;4.A.2.a.1.f.2:0.02076;4.A.2.b.2.a.1:0.05178;4.A.2.b.2.a.5:0.03866;4.A.2.b.2.i.1:0.01156;4.A.2.b.2.n.1:0.03268;4.A.2.b.2.n.2:0.03095;4.A.2.b.3.a.2:0.01704;4.A.3.b.6.c.6:0.02042;4.A.3.b.6.h.6:0.02150;4.A.3.b.6.k.1:0.04226;4.A.3.b.6.n.7:0.04118;4.A.4.a.1.e.2:0.01491;4.A.4.a.2.d.3:0.02647;4.A.4.a.4.a.3:0.01704;4.A.4.a.5.a.6:0.03624;4.A.4.a.5.c.5:0.03225;4.A.4.a.5.e.2:0.02076;4.A.4.a.5.g.1:0.02076;4.A.4.a.6.a.1:0.01799;4.A.4.b.3.a.2:0.04118;4.A.4.b.3.b.4:0.01378;4.A.4.b.3.d.21:0.01378;4.A.4.b.4.a.12:0.03650;4.A.4.b.6.j.1:0.05917;4.A.4.b.6.j.2:0.04170;4.A.4.b.6.j.5:0.03147;4.A.4.b.6.j.7:0.07898
21-1015.00	Rehabilitation Counselors	康复咨询师	5	17	4.A.1.a.2.e.2:0.03219;4.A.2.a.1.a.1:0.03322;4.A.2.a.1.a.3:0.06584;4.A.2.a.1.b.2:0.02829;4.A.2.b.2.a.1:0.07011;4.A.2.b.2.i.2:0.04835;4.A.3.b.6.k.1:0.09950;4.A.4.a.1.e.2:0.05115;4.A.4.a.1.e.3:0.06966;4.A.4.a.2.d.3:0.05350;4.A.4.a.2.f.1:0.05085;4.A.4.a.4.a.3:0.05879;4.A.4.a.5.a.4:0.10935;4.A.4.a.5.a.5:0.02829;4.A.4.a.5.i.3:0.03322;4.A.4.b.4.a.14:0.05262;4.A.4.b.4.h.8:0.05629;4.A.4.b.6.g.4:0.05879
21-1021.00	Child, Family, and School Social Workers	儿童家庭与学校社会工作者	4	21	4.A.1.a.1.l.4:0.04569;4.A.1.a.1.r.3:0.04776;4.A.1.a.1.w.8:0.07547;4.A.2.a.1.a.1:0.04027;4.A.2.a.1.a.3:0.06322;4.A.2.a.1.b.2:0.02445;4.A.2.b.2.a.1:0.05360;4.A.3.b.6.c.6:0.02617;4.A.3.b.6.k.1:0.02617;4.A.4.a.1.e.2:0.01611;4.A.4.a.1.e.3:0.02445;4.A.4.a.2.d.3:0.01611;4.A.4.a.2.f.1:0.02130;4.A.4.a.5.a.3:0.06100;4.A.4.a.5.a.4:0.07318;4.A.4.a.5.a.5:0.01531;4.A.4.a.5.a.6:0.01531;4.A.4.a.6.a.1:0.07123;4.A.4.b.4.a.12:0.04524;4.A.4.b.6.f.3:0.01523;4.A.4.b.6.f.5:0.02594;4.A.4.b.6.g.4:0.02497;4.A.4.b.6.h.3:0.04833;4.A.4.b.6.j.2:0.03670;4.A.4.b.6.j.4:0.03940;4.A.4.b.6.j.5:0.02594;4.A.4.b.6.j.7:0.02147
21-1022.00	Healthcare Social Workers	医疗社会工作者	5	17	4.A.1.a.1.c.4:0.06571;4.A.1.a.1.l.4:0.02040;4.A.1.a.1.r.3:0.04352;4.A.1.a.1.w.8:0.02040;4.A.1.a.2.e.2:0.03133;4.A.2.a.1.a.1:0.02040;4.A.2.b.2.a.1:0.12199;4.A.2.b.2.a.5:0.05918;4.A.2.b.2.n.2:0.04932;4.A.3.b.6.k.1:0.03133;4.A.3.b.6.n.7:0.05077;4.A.4.a.1.e.3:0.03329;4.A.4.a.2.d.3:0.06643;4.A.4.a.5.a.5:0.03264;4.A.4.a.5.a.6:0.03264;4.A.4.b.4.a.12:0.05338;4.A.4.b.6.g.1:0.04555;4.A.4.b.6.j.1:0.06876;4.A.4.b.6.j.2:0.06049;4.A.4.b.6.j.5:0.05918;4.A.4.b.6.j.7:0.03329
21-1023.00	Mental Health and Substance Abuse Social Workers	心理健康与戒毒社会工作者	5	13	4.A.1.a.1.l.4:0.02758;4.A.1.a.1.r.3:0.03606;4.A.1.a.1.w.8:0.02758;4.A.1.a.2.e.2:0.04234;4.A.2.b.2.a.5:0.08024;4.A.2.b.2.n.2:0.06980;4.A.2.b.3.a.2:0.03606;4.A.3.b.6.k.1:0.04234;4.A.4.a.2.d.3:0.11246;4.A.4.a.5.a.6:0.07077;4.A.4.a.5.i.3:0.07715;4.A.4.b.3.b.4:0.07676;4.A.4.b.4.a.12:0.08101;4.A.4.b.6.g.1:0.05607;4.A.4.b.6.j.2:0.04379;4.A.4.b.6.j.5:0.07618;4.A.4.b.6.j.7:0.04379
21-1091.00	Health Education Specialists	健康教育专员	4	16	4.A.1.a.1.s.2:0.03144;4.A.2.a.1.a.4:0.06304;4.A.2.a.1.b.2:0.02980;4.A.2.b.2.i.2:0.06124;4.A.2.b.2.l.11:0.06239;4.A.2.b.2.l.8:0.02767;4.A.2.b.2.n.2:0.09522;4.A.3.b.6.g.2:0.02964;4.A.3.b.6.g.4:0.02964;4.A.3.b.6.h.23:0.13280;4.A.4.a.3.b.9:0.09456;4.A.4.a.4.a.3:0.06714;4.A.4.b.3.d.21:0.02767;4.A.4.b.4.a.12:0.06288;4.A.4.b.6.g.1:0.05666;4.A.4.c.3.c.6:0.12821
21-1092.00	Probation Officers and Correctional Treatment Specialists	假释官与矫正处遇专员	4	21	4.A.1.a.1.c.4:0.07409;4.A.1.a.1.l.4:0.05058;4.A.1.a.1.w.8:0.05058;4.A.1.a.2.e.5:0.02517;4.A.1.b.2.a.6:0.04966;4.A.2.a.1.a.3:0.02105;4.A.2.b.2.n.1:0.04794;4.A.3.b.6.c.6:0.06899;4.A.3.b.6.h.6:0.05115;4.A.4.a.1.b.4:0.04943;4.A.4.a.4.a.3:0.04978;4.A.4.a.5.a.3:0.04072;4.A.4.a.5.a.4:0.09703;4.A.4.a.5.a.5:0.04095;4.A.4.b.2.a.2:0.02517;4.A.4.b.6.h.3:0.16848;4.A.4.b.6.j.2:0.05046;4.A.4.c.3.c.6:0.03877
21-1093.00	Social and Human Service Assistants	社会与人类服务助理	4	19	4.A.1.a.1.w.8:0.05652;4.A.1.a.2.e.8:0.04348;4.A.1.a.2.f.6:0.06225;4.A.1.b.2.a.5:0.03293;4.A.1.b.2.i.3:0.03293;4.A.2.b.2.a.1:0.06240;4.A.3.a.1.m.1:0.04265;4.A.3.b.6.c.6:0.08937;4.A.3.b.6.h.23:0.02999;4.A.4.a.1.b.4:0.04552;4.A.4.a.2.d.3:0.05275;4.A.4.a.3.b.9:0.02743;4.A.4.a.3.c.9:0.03934;4.A.4.a.5.a.3:0.05697;4.A.4.a.5.a.6:0.02743;4.A.4.a.5.i.3:0.09329;4.A.4.b.2.a.2:0.05968;4.A.4.b.3.a.2:0.05124;4.A.4.b.3.e.6:0.05034;4.A.4.b.6.f.3:0.04348
21-1094.00	Community Health Workers	社区卫生工作者	4	29	4.A.1.a.1.s.2:0.03027;4.A.1.a.2.e.2:0.01960;4.A.1.a.2.e.8:0.04056;4.A.2.a.1.a.4:0.03386;4.A.2.b.2.n.2:0.03610;4.A.3.a.1.m.1:0.02804;4.A.3.b.6.k.1:0.04027;4.A.4.a.1.c.2:0.02979;4.A.4.a.1.e.3:0.01960;4.A.4.a.2.j.2:0.01171;4.A.4.a.3.b.1:0.01171;4.A.4.a.4.a.3:0.03163;4.A.4.a.5.a.3:0.03396;4.A.4.a.5.a.6:0.03668;4.A.4.a.5.c.5:0.09897;4.A.4.a.6.a.1:0.03474;4.A.4.b.1.c.4:0.01171;4.A.4.b.2.a.2:0.03464;4.A.4.b.3.a.2:0.01145;4.A.4.b.3.a.3:0.01145;4.A.4.b.3.a.4:0.01145;4.A.4.b.3.b.4:0.01669;4.A.4.b.6.e.11:0.01577;4.A.4.b.6.e.12:0.01577;4.A.4.b.6.f.3:0.20968;4.A.4.b.6.g.1:0.03483;4.A.4.b.6.h.3:0.04221;4.A.4.c.3.c.6:0.04687
21-2011.00	Clergy	神职人员	5	21	4.A.2.b.2.c.4:0.04393;4.A.2.b.2.l.8:0.02402;4.A.2.b.3.a.1:0.02676;4.A.2.b.6.a.2:0.04062;4.A.3.b.6.p.1:0.01670;4.A.4.a.1.c.2:0.04792;4.A.4.a.3.b.3:0.02676;4.A.4.a.3.c.8:0.02487;4.A.4.a.5.a.6:0.04073;4.A.4.a.6.c.10:0.03678;4.A.4.b.2.a.2:0.04906;4.A.4.b.3.b.2:0.06633;4.A.4.b.3.b.4:0.20122;4.A.4.b.3.d.21:0.04872;4.A.4.b.4.h.3:0.02008;4.A.4.b.4.h.8:0.08341;4.A.4.b.6.j.1:0.04644;4.A.4.b.6.j.3:0.05443;4.A.4.b.6.j.7:0.10121
21-2021.00	Directors, Religious Activities and Education	宗教活动与教育主管	4	19	4.A.2.a.1.a.4:0.05354;4.A.2.b.2.c.4:0.12390;4.A.2.b.2.l.8:0.09006;4.A.2.b.3.a.2:0.05297;4.A.2.b.6.a.2:0.13379;4.A.4.a.1.c.2:0.04575;4.A.4.a.2.f.1:0.02850;4.A.4.a.3.b.9:0.05152;4.A.4.a.5.a.3:0.02230;4.A.4.a.6.c.10:0.02230;4.A.4.b.2.a.2:0.05224;4.A.4.b.3.b.4:0.05123;4.A.4.b.3.d.21:0.02800;4.A.4.b.4.a.12:0.02800;4.A.4.b.4.h.8:0.05325;4.A.4.b.6.f.3:0.01910;4.A.4.b.6.j.4:0.01910;4.A.4.b.6.j.7:0.01910;4.A.4.c.2.a.5:0.03002;4.A.4.c.2.a.6:0.03002;4.A.4.c.3.c.6:0.04532
23-1011.00	Lawyers	律师	5	22	4.A.1.a.1.e.1:0.04120;4.A.1.a.1.e.2:0.04593;4.A.1.a.1.w.7:0.06510;4.A.2.a.4.h.1:0.14302;4.A.2.b.4.b.1:0.03875;4.A.3.b.6.b.2:0.02149;4.A.3.b.6.n.9:0.06803;4.A.4.a.2.i.1:0.05887;4.A.4.a.3.a.2:0.22410;4.A.4.a.7.a.2:0.04476;4.A.4.a.7.b.10:0.02194;4.A.4.a.7.b.5:0.02194;4.A.4.b.4.a.9:0.04465;4.A.4.b.4.j.12:0.01347;4.A.4.b.4.j.39:0.01347;4.A.4.b.6.h.1:0.11981;4.A.4.c.1.a.10:0.01347
23-1012.00	Judicial Law Clerks	法官助理	5	18	4.A.1.a.1.e.1:0.02699;4.A.1.a.1.e.2:0.11010;4.A.2.a.3.a.4:0.02699;4.A.2.a.4.h.1:0.03568;4.A.3.b.1.f.10:0.02783;4.A.3.b.1.f.6:0.02783;4.A.3.b.6.b.2:0.11641;4.A.3.b.6.b.5:0.06120;4.A.3.b.6.n.3:0.07174;4.A.3.b.6.n.9:0.09188;4.A.4.a.2.i.1:0.06351;4.A.4.a.2.i.2:0.16485;4.A.4.b.4.a.9:0.04044;4.A.4.b.4.l.3:0.06535;4.A.4.b.4.l.4:0.05213;4.A.4.c.1.b.1:0.01707
23-1021.00	Administrative Law Judges, Adjudicators, and Hearing Officers	行政法法官与裁决官	5	14	4.A.1.a.1.c.6:0.07995;4.A.1.a.1.e.1:0.05705;4.A.1.a.1.e.2:0.11672;4.A.1.a.1.w.7:0.06788;4.A.2.a.4.h.1:0.02570;4.A.2.b.1.c.3:0.03403;4.A.2.b.1.e.1:0.10945;4.A.2.b.1.e.2:0.07727;4.A.3.b.6.b.1:0.08213;4.A.3.b.6.n.9:0.03520;4.A.4.b.4.l.3:0.06504;4.A.4.b.4.l.4:0.08331;4.A.4.b.6.h.1:0.13108;4.A.4.c.1.b.1:0.03520
23-1022.00	Arbitrators, Mediators, and Conciliators	仲裁员与调解员	5	20	4.A.1.a.1.c.6:0.05978;4.A.1.a.1.e.1:0.05031;4.A.1.a.1.e.2:0.06879;4.A.1.a.1.w.7:0.04759;4.A.2.a.4.h.1:0.05472;4.A.2.b.1.c.3:0.04292;4.A.2.b.1.e.1:0.08967;4.A.2.b.1.e.2:0.05874;4.A.3.b.6.b.1:0.06276;4.A.3.b.6.n.9:0.06808;4.A.4.a.2.i.1:0.10853;4.A.4.a.3.a.2:0.03371;4.A.4.a.3.b.9:0.03540;4.A.4.a.7.a.2:0.09881;4.A.4.b.4.l.3:0.04876;4.A.4.b.6.h.1:0.04694;4.A.4.c.1.b.1:0.02451
23-1023.00	Judges, Magistrate Judges, and Magistrates	法官与治安法官	5	21	4.A.1.a.1.c.6:0.10166;4.A.1.a.1.e.2:0.05066;4.A.2.a.4.h.1:0.02555;4.A.2.b.1.c.3:0.07532;4.A.2.b.1.e.1:0.17287;4.A.2.b.1.e.2:0.05099;4.A.3.b.6.b.1:0.07632;4.A.4.a.1.b.2:0.03266;4.A.4.a.7.a.2:0.09443;4.A.4.b.4.a.9:0.04144;4.A.4.b.4.l.4:0.20353;4.A.4.c.1.b.1:0.02655;4.A.4.c.1.b.2:0.04799
23-2011.00	Paralegals and Legal Assistants	律师助理与法律助理	3	12	4.A.1.a.1.e.1:0.07941;4.A.1.a.1.e.2:0.13862;4.A.2.a.1.i.1:0.02231;4.A.2.a.1.i.3:0.02231;4.A.2.a.4.h.1:0.04582;4.A.3.b.6.n.3:0.11219;4.A.3.b.6.n.6:0.04582;4.A.3.b.6.n.9:0.15028;4.A.4.a.2.i.1:0.04536;4.A.4.a.2.i.2:0.04536;4.A.4.a.3.a.2:0.06902;4.A.4.a.7.a.2:0.03451;4.A.4.b.4.l.3:0.07687;4.A.4.c.1.a.10:0.04490;4.A.4.c.1.b.2:0.04490;4.A.4.c.3.g.2:0.02231
23-2093.00	Title Examiners, Abstractors, and Searchers	产权审查员	2	17	4.A.1.a.1.b.7:0.05892;4.A.1.a.1.c.1:0.01834;4.A.1.a.1.d.1:0.04890;4.A.1.a.1.d.7:0.01964;4.A.1.a.1.e.1:0.13975;4.A.1.a.1.e.2:0.07777;4.A.2.a.2.c.3:0.02926;4.A.2.a.3.a.4:0.01964;4.A.2.a.4.i.4:0.02868;4.A.2.b.1.a.1:0.05488;4.A.3.b.1.f.5:0.02907;4.A.3.b.1.f.6:0.02907;4.A.3.b.6.m.2:0.01925;4.A.3.b.6.m.5:0.01925;4.A.3.b.6.n.9:0.27169;4.A.4.a.2.i.1:0.02933;4.A.4.a.2.i.2:0.02933;4.A.4.a.6.b.4:0.01925;4.A.4.b.4.l.3:0.05800
25-1011.00	Business Teachers, Postsecondary	高等院校商科教师	5	25	4.A.2.a.1.b.5:0.02266;4.A.2.a.1.c.2:0.01483;4.A.2.a.1.c.3:0.01483;4.A.2.a.1.c.4:0.06178;4.A.2.a.2.c.4:0.03641;4.A.2.b.1.j.10:0.01943;4.A.2.b.2.l.3:0.02266;4.A.2.b.3.a.10:0.06377;4.A.2.b.3.a.18:0.02291;4.A.2.b.3.a.3:0.02291;4.A.2.b.6.a.4:0.03201;4.A.3.b.6.g.2:0.02629;4.A.3.b.6.l.3:0.04071;4.A.3.b.6.l.9:0.06246;4.A.3.b.6.p.1:0.02235;4.A.4.a.2.f.2:0.04020;4.A.4.a.6.c.6:0.01872;4.A.4.b.2.a.5:0.01053;4.A.4.b.3.b.2:0.01602;4.A.4.b.3.b.5:0.04674;4.A.4.b.3.b.8:0.01602;4.A.4.b.4.a.18:0.03334;4.A.4.b.4.b.1:0.03917;4.A.4.b.4.j.33:0.03979;4.A.4.b.6.g.2:0.16334;4.A.4.b.6.g.5:0.04142;4.A.4.b.6.g.6:0.01053;4.A.4.c.1.a.5:0.01872;4.A.4.c.3.e.2:0.01943
25-1021.00	Computer Science Teachers, Postsecondary	高等院校计算机科学教师	5	26	4.A.2.a.1.b.5:0.02058;4.A.2.a.1.c.2:0.01514;4.A.2.a.1.c.3:0.01514;4.A.2.a.1.c.4:0.05867;4.A.2.a.2.c.4:0.03183;4.A.2.b.1.j.10:0.01790;4.A.2.b.2.b.8:0.01949;4.A.2.b.2.l.3:0.02058;4.A.2.b.3.a.10:0.05702;4.A.2.b.3.a.18:0.02063;4.A.2.b.3.a.3:0.02063;4.A.2.b.6.a.4:0.03094;4.A.3.b.5.c.6:0.05390;4.A.3.b.6.g.2:0.03729;4.A.3.b.6.l.9:0.04552;4.A.3.b.6.p.1:0.02043;4.A.4.a.6.c.6:0.01899;4.A.4.b.3.b.12:0.04453;4.A.4.b.3.b.5:0.03907;4.A.4.b.4.a.17:0.04016;4.A.4.b.4.a.18:0.04145;4.A.4.b.4.a.6:0.04205;4.A.4.b.4.b.1:0.03352;4.A.4.b.4.j.33:0.03719;4.A.4.b.6.g.2:0.15093;4.A.4.b.6.g.5:0.02955;4.A.4.c.1.a.5:0.01899;4.A.4.c.3.e.2:0.01790
25-1022.00	Mathematical Science Teachers, Postsecondary	高等院校数学教师	5	23	4.A.1.a.2.f.1:0.02023;4.A.2.a.1.b.5:0.02520;4.A.2.a.1.c.2:0.01803;4.A.2.a.1.c.3:0.01803;4.A.2.a.1.c.4:0.07092;4.A.2.a.1.d.1:0.02023;4.A.2.a.2.c.4:0.02958;4.A.2.b.1.j.10:0.02142;4.A.2.b.2.l.3:0.02520;4.A.2.b.3.a.10:0.06502;4.A.2.b.3.a.18:0.02231;4.A.2.b.3.a.3:0.02231;4.A.2.b.5.b.3:0.01369;4.A.2.b.6.a.4:0.03230;4.A.3.b.6.g.2:0.03408;4.A.3.b.6.h.12:0.05195;4.A.3.b.6.l.9:0.05171;4.A.3.b.6.p.1:0.02290;4.A.4.a.6.c.6:0.01793;4.A.4.b.1.f.2:0.01369;4.A.4.b.1.f.3:0.01369;4.A.4.b.3.b.12:0.05277;4.A.4.b.3.b.5:0.04970;4.A.4.b.4.a.18:0.03881;4.A.4.b.4.b.1:0.03846;4.A.4.b.4.j.33:0.04094;4.A.4.b.6.g.2:0.12957;4.A.4.c.1.a.5:0.01793;4.A.4.c.3.e.2:0.02142
25-1031.00	Architecture Teachers, Postsecondary	高等院校建筑学教师	5	22	4.A.2.a.1.b.5:0.02602;4.A.2.a.1.c.2:0.01618;4.A.2.a.1.c.3:0.01618;4.A.2.a.1.c.4:0.06740;4.A.2.a.2.c.4:0.04007;4.A.2.b.1.j.10:0.02038;4.A.2.b.2.l.3:0.02602;4.A.2.b.3.a.10:0.06835;4.A.2.b.3.a.18:0.02439;4.A.2.b.3.a.3:0.02439;4.A.2.b.6.a.4:0.03449;4.A.3.b.6.g.2:0.04472;4.A.3.b.6.h.12:0.05064;4.A.3.b.6.l.9:0.05157;4.A.3.b.6.p.1:0.02329;4.A.4.a.6.c.6:0.02166;4.A.4.b.3.b.11:0.05145;4.A.4.b.3.b.5:0.05006;4.A.4.b.4.a.18:0.04564;4.A.4.b.4.b.1:0.04286;4.A.4.b.4.j.33:0.04541;4.A.4.b.6.g.2:0.12927;4.A.4.b.6.g.5:0.03751;4.A.4.c.1.a.5:0.02166;4.A.4.c.3.e.2:0.02038
25-1032.00	Engineering Teachers, Postsecondary	高等院校工程学教师	5	24	4.A.2.a.1.b.5:0.02173;4.A.2.a.1.c.2:0.01498;4.A.2.a.1.c.3:0.01498;4.A.2.a.1.c.4:0.06356;4.A.2.a.2.c.4:0.02928;4.A.2.a.3.a.8:0.01105;4.A.2.b.1.g.1:0.01105;4.A.2.b.1.g.2:0.01105;4.A.2.b.1.j.10:0.01952;4.A.2.b.2.l.3:0.02173;4.A.2.b.3.a.10:0.07031;4.A.2.b.3.a.18:0.02395;4.A.2.b.3.a.3:0.02395;4.A.2.b.6.a.4:0.03212;4.A.3.b.6.g.2:0.04846;4.A.3.b.6.h.12:0.04324;4.A.3.b.6.l.9:0.04971;4.A.3.b.6.p.1:0.02548;4.A.4.a.6.c.6:0.01958;4.A.4.b.3.b.12:0.04744;4.A.4.b.3.b.5:0.04653;4.A.4.b.4.a.17:0.04619;4.A.4.b.4.a.18:0.04789;4.A.4.b.4.b.1:0.03632;4.A.4.b.4.j.33:0.03677;4.A.4.b.6.g.2:0.11304;4.A.4.b.6.g.5:0.03098;4.A.4.c.1.a.5:0.01958;4.A.4.c.3.e.2:0.01952
25-1041.00	Agricultural Sciences Teachers, Postsecondary	高等院校农业科学教师	5	23	4.A.2.a.1.b.5:0.02234;4.A.2.a.1.c.2:0.01482;4.A.2.a.1.c.3:0.01482;4.A.2.a.1.c.4:0.06062;4.A.2.a.2.c.4:0.03517;4.A.2.b.1.j.10:0.02036;4.A.2.b.2.l.3:0.02234;4.A.2.b.3.a.10:0.06961;4.A.2.b.3.a.18:0.02466;4.A.2.b.3.a.3:0.02466;4.A.2.b.6.a.4:0.03630;4.A.3.b.6.g.2:0.04015;4.A.3.b.6.h.12:0.04422;4.A.3.b.6.l.9:0.04592;4.A.3.b.6.p.1:0.02324;4.A.4.a.6.c.6:0.02154;4.A.4.b.3.b.12:0.04648;4.A.4.b.3.b.5:0.04513;4.A.4.b.4.a.17:0.02358;4.A.4.b.4.a.18:0.07097;4.A.4.b.4.b.1:0.03789;4.A.4.b.4.j.33:0.04456;4.A.4.b.6.g.2:0.13334;4.A.4.b.6.g.5:0.03540;4.A.4.c.1.a.5:0.02154;4.A.4.c.3.e.2:0.02036
25-1042.00	Biological Science Teachers, Postsecondary	高等院校生物科学教师	5	27	4.A.2.a.1.b.5:0.02187;4.A.2.a.1.c.2:0.01381;4.A.2.a.1.c.3:0.01381;4.A.2.a.1.c.4:0.06044;4.A.2.a.1.h.1:0.03228;4.A.2.a.2.c.4:0.02979;4.A.2.b.1.j.10:0.01818;4.A.2.b.2.l.3:0.02187;4.A.2.b.2.l.4:0.03337;4.A.2.b.3.a.10:0.05624;4.A.2.b.3.a.18:0.02087;4.A.2.b.3.a.3:0.02087;4.A.2.b.6.a.4:0.02859;4.A.3.a.1.c.16:0.01574;4.A.3.b.5.c.5:0.01574;4.A.3.b.6.g.2:0.03297;4.A.3.b.6.h.12:0.04164;4.A.3.b.6.l.9:0.04343;4.A.3.b.6.p.1:0.01898;4.A.4.a.6.c.6:0.01594;4.A.4.b.3.b.10:0.04094;4.A.4.b.3.b.12:0.04523;4.A.4.b.3.b.5:0.04254;4.A.4.b.4.a.17:0.04234;4.A.4.b.4.a.18:0.04094;4.A.4.b.4.b.1:0.03537;4.A.4.b.4.j.33:0.03108;4.A.4.b.6.g.2:0.10570;4.A.4.b.6.g.5:0.02530;4.A.4.c.1.a.5:0.01594;4.A.4.c.3.e.2:0.01818
25-1043.00	Forestry and Conservation Science Teachers, Postsecondary	高等院校林业与保护科学教师	5	25	4.A.2.a.1.b.5:0.02167;4.A.2.a.1.c.2:0.01473;4.A.2.a.1.c.3:0.01473;4.A.2.a.1.c.4:0.06089;4.A.2.a.1.h.1:0.03277;4.A.2.a.2.c.4:0.02837;4.A.2.b.1.j.10:0.01717;4.A.2.b.2.l.3:0.02167;4.A.2.b.3.a.10:0.06423;4.A.2.b.3.a.18:0.02256;4.A.2.b.3.a.3:0.02256;4.A.2.b.6.a.4:0.03026;4.A.3.b.6.g.2:0.04313;4.A.3.b.6.h.12:0.04606;4.A.3.b.6.l.9:0.06480;4.A.3.b.6.p.1:0.01994;4.A.4.a.3.b.8:0.01581;4.A.4.a.6.c.6:0.01811;4.A.4.b.3.b.12:0.04795;4.A.4.b.3.b.5:0.04407;4.A.4.b.4.a.17:0.02303;4.A.4.b.4.a.18:0.06763;4.A.4.b.4.b.1:0.03413;4.A.4.b.4.j.33:0.03706;4.A.4.b.6.g.2:0.12186;4.A.4.b.6.g.5:0.02952;4.A.4.c.1.a.5:0.01811;4.A.4.c.3.e.2:0.01717
25-1051.00	Atmospheric, Earth, Marine, and Space Sciences Teachers, Postsecondary	高等院校地球与空间科学教师	5	26	4.A.2.a.1.b.5:0.02268;4.A.2.a.1.c.2:0.01534;4.A.2.a.1.c.3:0.01534;4.A.2.a.1.c.4:0.06146;4.A.2.a.1.h.1:0.03009;4.A.2.a.2.c.4:0.03075;4.A.2.b.1.j.10:0.01875;4.A.2.b.2.l.3:0.02268;4.A.2.b.3.a.10:0.05915;4.A.2.b.3.a.18:0.02164;4.A.2.b.3.a.3:0.02164;4.A.2.b.6.a.4:0.03064;4.A.3.b.6.g.2:0.03696;4.A.3.b.6.h.12:0.04830;4.A.3.b.6.l.9:0.04525;4.A.3.b.6.p.1:0.02055;4.A.4.a.3.b.8:0.03009;4.A.4.a.6.c.6:0.01625;4.A.4.b.3.b.12:0.04765;4.A.4.b.3.b.5:0.04405;4.A.4.b.4.a.17:0.02290;4.A.4.b.4.a.18:0.06040;4.A.4.b.4.b.1:0.03587;4.A.4.b.4.j.33:0.03543;4.A.4.b.6.g.2:0.10990;4.A.4.b.6.g.5:0.02660;4.A.4.c.1.a.5:0.01625;4.A.4.c.3.a.5:0.01734;4.A.4.c.3.e.2:0.03609
25-1052.00	Chemistry Teachers, Postsecondary	高等院校化学教师	5	28	4.A.1.a.2.f.3:0.01467;4.A.2.a.1.b.5:0.02037;4.A.2.a.1.c.2:0.01364;4.A.2.a.1.c.3:0.01364;4.A.2.a.1.c.4:0.07322;4.A.2.a.2.c.4:0.02585;4.A.2.b.1.j.10:0.01158;4.A.2.b.2.e.3:0.01467;4.A.2.b.2.l.3:0.02037;4.A.2.b.3.a.10:0.05330;4.A.2.b.3.a.18:0.01841;4.A.2.b.3.a.3:0.01841;4.A.2.b.6.a.4:0.02716;4.A.3.a.1.c.17:0.01574;4.A.3.a.1.c.9:0.01574;4.A.3.b.6.c.6:0.01686;4.A.3.b.6.g.2:0.03503;4.A.3.b.6.h.12:0.04159;4.A.3.b.6.l.9:0.04084;4.A.3.b.6.o.2:0.03335;4.A.3.b.6.p.1:0.01911;4.A.4.a.6.c.6:0.01569;4.A.4.b.3.b.12:0.04449;4.A.4.b.3.b.5:0.03765;4.A.4.b.3.e.5:0.01467;4.A.4.b.4.a.17:0.04215;4.A.4.b.4.a.18:0.04140;4.A.4.b.4.b.1:0.06304;4.A.4.b.4.j.33:0.03438;4.A.4.b.6.g.2:0.10051;4.A.4.b.6.g.5:0.02360;4.A.4.c.1.a.5:0.01569;4.A.4.c.3.a.5:0.01158;4.A.4.c.3.e.2:0.01158
25-1053.00	Environmental Science Teachers, Postsecondary	高等院校环境科学教师	5	25	4.A.2.a.1.b.5:0.02197;4.A.2.a.1.c.2:0.01418;4.A.2.a.1.c.3:0.01418;4.A.2.a.1.c.4:0.08231;4.A.2.a.1.h.1:0.03366;4.A.2.a.2.c.4:0.03366;4.A.2.b.1.j.10:0.01943;4.A.2.b.2.l.3:0.02197;4.A.2.b.3.a.10:0.06245;4.A.2.b.3.a.18:0.02235;4.A.2.b.3.a.3:0.02235;4.A.2.b.6.a.4:0.03139;4.A.3.b.6.c.6:0.01932;4.A.3.b.6.g.2:0.03734;4.A.3.b.6.h.12:0.04286;4.A.3.b.6.l.9:0.04589;4.A.3.b.6.p.1:0.02186;4.A.4.a.6.c.6:0.01921;4.A.4.b.3.b.12:0.03983;4.A.4.b.3.b.5:0.04394;4.A.4.b.4.a.17:0.02294;4.A.4.b.4.a.18:0.06753;4.A.4.b.4.b.1:0.03647;4.A.4.b.4.j.33:0.03885;4.A.4.b.6.g.2:0.11851;4.A.4.b.6.g.5:0.02695;4.A.4.c.1.a.5:0.01921;4.A.4.c.3.e.2:0.01943
25-1054.00	Physics Teachers, Postsecondary	高等院校物理学教师	5	24	4.A.2.a.1.b.5:0.02322;4.A.2.a.1.c.2:0.01650;4.A.2.a.1.c.3:0.01650;4.A.2.a.1.c.4:0.06824;4.A.2.a.2.c.4:0.03201;4.A.2.b.1.j.10:0.01950;4.A.2.b.2.l.3:0.02322;4.A.2.b.3.a.10:0.06595;4.A.2.b.3.a.18:0.02277;4.A.2.b.3.a.3:0.02277;4.A.2.b.6.a.4:0.03089;4.A.3.b.4.c.1:0.01928;4.A.3.b.5.c.5:0.01928;4.A.3.b.6.g.2:0.04160;4.A.3.b.6.h.12:0.04644;4.A.3.b.6.l.9:0.05039;4.A.3.b.6.p.1:0.02074;4.A.4.a.6.c.6:0.01775;4.A.4.b.3.b.12:0.04926;4.A.4.b.3.b.5:0.04656;4.A.4.b.4.a.17:0.04633;4.A.4.b.4.a.18:0.04701;4.A.4.b.4.b.1:0.03472;4.A.4.b.4.j.33:0.03630;4.A.4.b.6.g.2:0.11960;4.A.4.b.6.g.5:0.02593;4.A.4.c.1.a.5:0.01775;4.A.4.c.3.e.2:0.01950
25-1061.00	Anthropology and Archeology Teachers, Postsecondary	高等院校人类学与考古学教师	5	27	4.A.1.a.1.r.1:0.02097;4.A.2.a.1.b.5:0.01972;4.A.2.a.1.c.2:0.01212;4.A.2.a.1.c.3:0.01212;4.A.2.a.1.c.4:0.07215;4.A.2.a.1.h.1:0.03327;4.A.2.a.2.c.4:0.02642;4.A.2.b.1.j.10:0.01745;4.A.2.b.2.l.3:0.01972;4.A.2.b.3.a.10:0.07695;4.A.2.b.3.a.18:0.02194;4.A.2.b.3.a.3:0.02194;4.A.2.b.6.a.4:0.03124;4.A.3.b.6.c.6:0.01712;4.A.3.b.6.g.2:0.03684;4.A.3.b.6.h.12:0.03857;4.A.3.b.6.l.9:0.04272;4.A.3.b.6.p.1:0.02126;4.A.4.a.6.c.6:0.01721;4.A.4.b.3.b.3:0.04407;4.A.4.b.3.b.5:0.04455;4.A.4.b.4.a.17:0.02122;4.A.4.b.4.a.18:0.06258;4.A.4.b.4.b.1:0.02989;4.A.4.b.4.j.33:0.02893;4.A.4.b.6.g.2:0.11437;4.A.4.b.6.g.5:0.02498;4.A.4.c.1.a.5:0.01721;4.A.4.c.2.a.3:0.01750;4.A.4.c.2.a.6:0.01750;4.A.4.c.3.e.2:0.01745
25-1062.00	Area, Ethnic, and Cultural Studies Teachers, Postsecondary	高等院校区域民族文化研究教师	5	23	4.A.2.a.1.b.5:0.02351;4.A.2.a.1.c.2:0.01658;4.A.2.a.1.c.3:0.01658;4.A.2.a.1.c.4:0.06976;4.A.2.a.2.c.4:0.03982;4.A.2.b.1.j.10:0.02139;4.A.2.b.2.l.3:0.02351;4.A.2.b.2.l.4:0.03617;4.A.2.b.3.a.10:0.06698;4.A.2.b.3.a.18:0.02487;4.A.2.b.3.a.3:0.02487;4.A.2.b.6.a.4:0.03663;4.A.3.b.6.g.2:0.03765;4.A.3.b.6.h.12:0.04564;4.A.3.b.6.l.9:0.05089;4.A.3.b.6.p.1:0.02328;4.A.4.a.6.c.6:0.01774;4.A.4.b.3.b.11:0.05226;4.A.4.b.3.b.5:0.05420;4.A.4.b.4.a.18:0.04096;4.A.4.b.4.b.1:0.04119;4.A.4.b.4.j.33:0.04199;4.A.4.b.6.g.2:0.12529;4.A.4.b.6.g.5:0.02910;4.A.4.c.1.a.5:0.01774;4.A.4.c.3.e.2:0.02139
25-1063.00	Economics Teachers, Postsecondary	高等院校经济学教师	5	22	4.A.2.a.1.b.5:0.02568;4.A.2.a.1.c.2:0.01646;4.A.2.a.1.c.3:0.01646;4.A.2.a.1.c.4:0.06843;4.A.2.a.2.c.4:0.04059;4.A.2.b.1.j.10:0.02209;4.A.2.b.2.l.3:0.02568;4.A.2.b.3.a.10:0.07159;4.A.2.b.3.a.18:0.02667;4.A.2.b.3.a.3:0.02667;4.A.2.b.6.a.4:0.03341;4.A.3.b.6.g.2:0.03712;4.A.3.b.6.h.12:0.04913;4.A.3.b.6.l.9:0.05507;4.A.3.b.6.p.1:0.02729;4.A.4.a.6.c.6:0.02128;4.A.4.b.3.b.3:0.05581;4.A.4.b.3.b.5:0.04888;4.A.4.b.4.a.18:0.04641;4.A.4.b.4.b.1:0.03910;4.A.4.b.4.j.33:0.04405;4.A.4.b.6.g.2:0.12239;4.A.4.b.6.g.5:0.03638;4.A.4.c.1.a.5:0.02128;4.A.4.c.3.e.2:0.02209
25-1064.00	Geography Teachers, Postsecondary	高等院校地理学教师	5	25	4.A.2.a.1.b.5:0.02190;4.A.2.a.1.c.2:0.01588;4.A.2.a.1.c.3:0.01588;4.A.2.a.1.c.4:0.06353;4.A.2.a.2.c.4:0.03184;4.A.2.a.2.c.6:0.01828;4.A.2.a.4.a.5:0.01828;4.A.2.b.1.j.10:0.01658;4.A.2.b.2.l.3:0.02190;4.A.2.b.3.a.10:0.06165;4.A.2.b.3.a.18:0.02372;4.A.2.b.3.a.3:0.02372;4.A.2.b.6.a.4:0.03206;4.A.3.b.5.c.6:0.03568;4.A.3.b.6.g.2:0.03535;4.A.3.b.6.h.12:0.04567;4.A.3.b.6.l.9:0.04996;4.A.3.b.6.p.1:0.02388;4.A.4.a.6.c.6:0.01674;4.A.4.b.3.b.12:0.04886;4.A.4.b.3.b.5:0.04633;4.A.4.b.4.a.17:0.02015;4.A.4.b.4.a.18:0.06483;4.A.4.b.4.b.1:0.03887;4.A.4.b.4.j.33:0.04007;4.A.4.b.6.g.2:0.10760;4.A.4.b.6.g.5:0.02745;4.A.4.c.1.a.5:0.01674;4.A.4.c.3.e.2:0.01658
25-1065.00	Political Science Teachers, Postsecondary	高等院校政治学教师	5	22	4.A.2.a.1.b.5:0.02627;4.A.2.a.1.c.2:0.01727;4.A.2.a.1.c.3:0.01727;4.A.2.a.1.c.4:0.07230;4.A.2.a.2.c.4:0.03851;4.A.2.b.1.j.10:0.02240;4.A.2.b.2.l.3:0.02627;4.A.2.b.3.a.10:0.07012;4.A.2.b.3.a.18:0.02751;4.A.2.b.3.a.3:0.02751;4.A.2.b.6.a.4:0.03328;4.A.3.b.6.g.2:0.03470;4.A.3.b.6.h.12:0.05027;4.A.3.b.6.l.9:0.05158;4.A.3.b.6.p.1:0.02615;4.A.4.a.6.c.6:0.01878;4.A.4.b.3.b.3:0.05515;4.A.4.b.3.b.5:0.05360;4.A.4.b.4.a.18:0.05039;4.A.4.b.4.b.1:0.03970;4.A.4.b.4.j.33:0.04112;4.A.4.b.6.g.2:0.13287;4.A.4.b.6.g.5:0.02579;4.A.4.c.1.a.5:0.01878;4.A.4.c.3.e.2:0.02240
25-1066.00	Psychology Teachers, Postsecondary	高等院校心理学教师	5	29	4.A.2.a.1.b.5:0.01877;4.A.2.a.1.c.2:0.01324;4.A.2.a.1.c.3:0.01324;4.A.2.a.1.c.4:0.07011;4.A.2.a.1.f.2:0.00901;4.A.2.a.1.h.1:0.02754;4.A.2.a.2.c.4:0.02632;4.A.2.b.1.j.10:0.01589;4.A.2.b.2.l.3:0.01877;4.A.2.b.3.a.10:0.05216;4.A.2.b.3.a.18:0.02023;4.A.2.b.3.a.3:0.02023;4.A.2.b.6.a.4:0.02500;4.A.3.b.6.c.6:0.01622;4.A.3.b.6.g.2:0.03311;4.A.3.b.6.h.12:0.03254;4.A.3.b.6.l.3:0.03537;4.A.3.b.6.l.9:0.03962;4.A.3.b.6.p.1:0.01839;4.A.4.a.5.b.1:0.00901;4.A.4.a.5.l.1:0.00901;4.A.4.a.6.c.6:0.01603;4.A.4.b.3.b.3:0.04197;4.A.4.b.3.b.5:0.04075;4.A.4.b.4.a.17:0.03886;4.A.4.b.4.a.18:0.07687;4.A.4.b.4.b.1:0.03245;4.A.4.b.4.j.33:0.03377;4.A.4.b.6.g.2:0.09357;4.A.4.b.6.g.5:0.02292;4.A.4.b.6.j.7:0.00901;4.A.4.c.1.a.5:0.01603;4.A.4.c.2.a.3:0.01905;4.A.4.c.2.a.5:0.01905;4.A.4.c.3.e.2:0.01589
25-1067.00	Sociology Teachers, Postsecondary	高等院校社会学教师	5	24	4.A.2.a.1.b.5:0.02332;4.A.2.a.1.c.2:0.01660;4.A.2.a.1.c.3:0.01660;4.A.2.a.1.c.4:0.06766;4.A.2.a.2.c.4:0.03713;4.A.2.b.1.j.10:0.02010;4.A.2.b.2.l.3:0.02332;4.A.2.b.3.a.10:0.06215;4.A.2.b.3.a.18:0.02434;4.A.2.b.3.a.3:0.02434;4.A.2.b.6.a.4:0.03057;4.A.3.b.6.g.2:0.03691;4.A.3.b.6.h.12:0.04642;4.A.3.b.6.l.9:0.04913;4.A.3.b.6.p.1:0.02343;4.A.4.a.6.c.6:0.01823;4.A.4.b.2.a.5:0.01215;4.A.4.b.3.b.3:0.04925;4.A.4.b.3.b.5:0.05083;4.A.4.b.4.a.17:0.02100;4.A.4.b.4.a.18:0.06527;4.A.4.b.4.b.1:0.03781;4.A.4.b.4.j.33:0.03725;4.A.4.b.6.g.2:0.11627;4.A.4.b.6.g.5:0.03944;4.A.4.b.6.g.6:0.01215;4.A.4.c.1.a.5:0.01823;4.A.4.c.3.e.2:0.02010
25-1071.00	Health Specialties Teachers, Postsecondary	高等院校医学专科教师	5	22	4.A.2.a.1.b.5:0.02350;4.A.2.a.1.c.2:0.01625;4.A.2.a.1.c.3:0.01625;4.A.2.a.1.c.4:0.06606;4.A.2.a.2.c.4:0.03797;4.A.2.b.1.j.10:0.02227;4.A.2.b.2.l.3:0.02350;4.A.2.b.3.a.10:0.06463;4.A.2.b.3.a.18:0.02525;4.A.2.b.3.a.3:0.02525;4.A.2.b.6.a.4:0.03563;4.A.3.b.6.g.2:0.04406;4.A.3.b.6.h.12:0.04863;4.A.3.b.6.l.9:0.05110;4.A.3.b.6.p.1:0.02092;4.A.4.a.6.c.6:0.02274;4.A.4.b.3.b.12:0.04875;4.A.4.b.3.b.5:0.04840;4.A.4.b.4.a.17:0.04934;4.A.4.b.4.a.18:0.04641;4.A.4.b.4.b.1:0.04371;4.A.4.b.4.j.33:0.04793;4.A.4.b.6.g.2:0.12645;4.A.4.c.1.a.5:0.02274;4.A.4.c.3.e.2:0.02227
25-1072.00	Nursing Instructors and Teachers, Postsecondary	高等院校护理学教师	5	29	4.A.1.a.2.f.1:0.01564;4.A.2.a.1.b.5:0.01858;4.A.2.a.1.c.1:0.03851;4.A.2.a.1.c.2:0.01284;4.A.2.a.1.c.3:0.01284;4.A.2.a.1.c.4:0.05279;4.A.2.a.1.d.1:0.01564;4.A.2.a.2.c.4:0.03060;4.A.2.b.1.j.10:0.01624;4.A.2.b.2.l.3:0.01858;4.A.2.b.3.a.10:0.05254;4.A.2.b.3.a.18:0.01866;4.A.2.b.3.a.3:0.01866;4.A.2.b.4.a.4:0.03247;4.A.2.b.6.a.4:0.02882;4.A.3.b.6.g.2:0.02958;4.A.3.b.6.h.12:0.03673;4.A.3.b.6.l.9:0.03749;4.A.3.b.6.p.1:0.01632;4.A.4.a.2.f.2:0.03256;4.A.4.a.6.c.6:0.01598;4.A.4.b.3.b.12:0.07583;4.A.4.b.3.b.5:0.03885;4.A.4.b.4.a.17:0.01985;4.A.4.b.4.a.18:0.05360;4.A.4.b.4.b.1:0.03247;4.A.4.b.4.j.33:0.03196;4.A.4.b.6.g.2:0.10082;4.A.4.b.6.g.5:0.06231;4.A.4.c.1.a.5:0.01598;4.A.4.c.3.e.2:0.01624
25-1081.00	Education Teachers, Postsecondary	高等院校教育学教师	5	24	4.A.2.a.1.b.5:0.02282;4.A.2.a.1.c.2:0.01629;4.A.2.a.1.c.3:0.01629;4.A.2.a.1.c.4:0.06355;4.A.2.a.2.c.4:0.03197;4.A.2.b.1.j.10:0.01949;4.A.2.b.2.l.3:0.02282;4.A.2.b.3.a.10:0.07140;4.A.2.b.3.a.18:0.02432;4.A.2.b.3.a.3:0.02432;4.A.2.b.6.a.4:0.03277;4.A.3.b.6.g.2:0.03633;4.A.3.b.6.h.12:0.04231;4.A.3.b.6.l.9:0.06542;4.A.3.b.6.p.1:0.02484;4.A.4.a.2.f.2:0.03829;4.A.4.a.6.c.6:0.02179;4.A.4.b.3.b.2:0.01564;4.A.4.b.3.b.5:0.04680;4.A.4.b.3.b.8:0.01564;4.A.4.b.3.d.8:0.01684;4.A.4.b.4.a.18:0.04783;4.A.4.b.4.b.1:0.03886;4.A.4.b.4.j.33:0.04139;4.A.4.b.6.g.2:0.11705;4.A.4.b.6.g.5:0.04364;4.A.4.c.1.a.5:0.02179;4.A.4.c.3.e.2:0.01949
25-1082.00	Library Science Teachers, Postsecondary	高等院校图书馆学教师	5	25	4.A.2.a.1.b.5:0.02277;4.A.2.a.1.c.2:0.01427;4.A.2.a.1.c.3:0.01427;4.A.2.a.1.c.4:0.06163;4.A.2.a.2.c.4:0.03977;4.A.2.b.1.g.2:0.03886;4.A.2.b.1.j.10:0.02115;4.A.2.b.2.l.3:0.02277;4.A.2.b.2.l.4:0.01462;4.A.2.b.2.l.6:0.01462;4.A.2.b.3.a.10:0.06441;4.A.2.b.3.a.18:0.01579;4.A.2.b.3.a.3:0.01579;4.A.2.b.6.a.4:0.03491;4.A.3.b.6.g.2:0.03734;4.A.3.b.6.h.12:0.04250;4.A.3.b.6.l.3:0.02095;4.A.3.b.6.l.9:0.04635;4.A.3.b.6.p.1:0.02373;4.A.4.a.6.c.6:0.01791;4.A.4.b.3.b.11:0.04706;4.A.4.b.3.b.5:0.04432;4.A.4.b.3.b.7:0.02095;4.A.4.b.4.a.18:0.04200;4.A.4.b.4.b.1:0.05373;4.A.4.b.4.j.33:0.03623;4.A.4.b.6.g.2:0.11061;4.A.4.b.6.g.5:0.02166;4.A.4.c.1.a.5:0.01791;4.A.4.c.3.e.2:0.02115
25-1111.00	Criminal Justice and Law Enforcement Teachers, Postsecondary	高等院校刑事司法教师	5	23	4.A.2.a.1.b.5:0.02360;4.A.2.a.1.c.2:0.01650;4.A.2.a.1.c.3:0.01650;4.A.2.a.1.c.4:0.08793;4.A.2.a.2.c.4:0.03689;4.A.2.b.1.j.10:0.02062;4.A.2.b.2.l.3:0.02360;4.A.2.b.3.a.10:0.06490;4.A.2.b.3.a.18:0.02469;4.A.2.b.3.a.3:0.02469;4.A.2.b.6.a.4:0.03483;4.A.3.b.6.c.6:0.02056;4.A.3.b.6.g.2:0.03437;4.A.3.b.6.h.12:0.04869;4.A.3.b.6.l.9:0.04846;4.A.3.b.6.p.1:0.02205;4.A.4.a.6.c.6:0.02096;4.A.4.b.3.b.3:0.05144;4.A.4.b.3.b.5:0.05098;4.A.4.b.4.a.18:0.04353;4.A.4.b.4.b.1:0.03918;4.A.4.b.4.j.33:0.04204;4.A.4.b.6.g.2:0.12842;4.A.4.b.6.g.5:0.03299;4.A.4.c.1.a.5:0.02096;4.A.4.c.3.e.2:0.02062
25-1112.00	Law Teachers, Postsecondary	高等院校法学教师	5	23	4.A.2.a.1.b.5:0.02521;4.A.2.a.1.c.2:0.01880;4.A.2.a.1.c.3:0.01880;4.A.2.a.1.c.4:0.07495;4.A.2.a.2.c.4:0.03076;4.A.2.b.1.j.10:0.02468;4.A.2.b.2.l.3:0.02521;4.A.2.b.2.l.4:0.03374;4.A.2.b.3.a.10:0.06599;4.A.2.b.3.a.18:0.02736;4.A.2.b.3.a.3:0.02736;4.A.2.b.6.a.4:0.03255;4.A.3.b.6.g.2:0.02539;4.A.3.b.6.h.12:0.05150;4.A.3.b.6.l.9:0.05639;4.A.3.b.6.p.1:0.02736;4.A.4.a.6.c.6:0.01818;4.A.4.b.3.b.3:0.05150;4.A.4.b.3.b.5:0.05794;4.A.4.b.4.a.18:0.03779;4.A.4.b.4.b.1:0.04280;4.A.4.b.4.j.33:0.03791;4.A.4.b.6.g.2:0.12196;4.A.4.b.6.g.5:0.02301;4.A.4.c.1.a.5:0.01818;4.A.4.c.3.e.2:0.02468
25-1113.00	Social Work Teachers, Postsecondary	高等院校社会工作教师	5	24	4.A.2.a.1.b.5:0.02227;4.A.2.a.1.c.2:0.01573;4.A.2.a.1.c.3:0.01573;4.A.2.a.1.c.4:0.06048;4.A.2.a.2.c.4:0.03954;4.A.2.b.1.j.10:0.01935;4.A.2.b.2.l.3:0.02227;4.A.2.b.3.a.10:0.06548;4.A.2.b.3.a.18:0.02211;4.A.2.b.3.a.3:0.02211;4.A.2.b.6.a.4:0.03603;4.A.3.b.6.g.2:0.03327;4.A.3.b.6.h.12:0.04167;4.A.3.b.6.l.9:0.04762;4.A.3.b.6.p.1:0.02296;4.A.4.a.6.c.6:0.02020;4.A.4.b.2.a.5:0.01849;4.A.4.b.3.b.3:0.04507;4.A.4.b.3.b.5:0.04964;4.A.4.b.4.a.17:0.02253;4.A.4.b.4.a.18:0.06728;4.A.4.b.4.b.1:0.03784;4.A.4.b.4.j.33:0.04464;4.A.4.b.6.g.2:0.11756;4.A.4.b.6.g.5:0.03210;4.A.4.b.6.g.6:0.01849;4.A.4.c.1.a.5:0.02020;4.A.4.c.3.e.2:0.01935
25-1121.00	Art, Drama, and Music Teachers, Postsecondary	高等院校艺术戏剧音乐教师	5	28	4.A.2.a.1.b.5:0.01938;4.A.2.a.1.c.2:0.01268;4.A.2.a.1.c.3:0.01268;4.A.2.a.1.c.4:0.05476;4.A.2.a.2.c.4:0.02726;4.A.2.b.1.j.10:0.01777;4.A.2.b.2.l.3:0.01938;4.A.2.b.3.a.10:0.05262;4.A.2.b.3.a.18:0.01943;4.A.2.b.3.a.3:0.01943;4.A.2.b.6.a.4:0.03241;4.A.3.a.2.af.3:0.03324;4.A.3.b.4.a.1:0.01740;4.A.3.b.4.a.4:0.01740;4.A.3.b.6.g.2:0.02808;4.A.3.b.6.h.12:0.03950;4.A.3.b.6.l.9:0.03978;4.A.3.b.6.p.1:0.01736;4.A.4.a.6.c.6:0.01773;4.A.4.b.1.e.2:0.07136;4.A.4.b.3.b.10:0.04171;4.A.4.b.3.b.11:0.08333;4.A.4.b.3.b.5:0.04088;4.A.4.b.4.a.18:0.03711;4.A.4.b.4.b.1:0.03186;4.A.4.b.4.j.33:0.03554;4.A.4.b.6.g.2:0.10276;4.A.4.b.6.g.5:0.02164;4.A.4.c.1.a.5:0.01773;4.A.4.c.3.e.2:0.01777
25-1122.00	Communications Teachers, Postsecondary	高等院校传播学教师	5	23	4.A.2.a.1.b.5:0.02371;4.A.2.a.1.c.2:0.01675;4.A.2.a.1.c.3:0.01675;4.A.2.a.1.c.4:0.06929;4.A.2.a.2.c.4:0.03605;4.A.2.b.1.j.10:0.02149;4.A.2.b.2.l.3:0.02371;4.A.2.b.3.a.10:0.07039;4.A.2.b.3.a.18:0.02473;4.A.2.b.3.a.3:0.02473;4.A.2.b.6.a.4:0.03275;4.A.3.b.6.g.2:0.03957;4.A.3.b.6.h.12:0.04787;4.A.3.b.6.l.9:0.05254;4.A.3.b.6.p.1:0.02490;4.A.4.a.6.c.6:0.01751;4.A.4.b.1.d.2:0.00782;4.A.4.b.1.d.5:0.00782;4.A.4.b.3.b.3:0.04947;4.A.4.b.3.b.5:0.05163;4.A.4.b.4.a.18:0.04753;4.A.4.b.4.a.6:0.00782;4.A.4.b.4.b.1:0.04264;4.A.4.b.4.j.33:0.04264;4.A.4.b.4.j.39:0.00782;4.A.4.b.6.g.2:0.12292;4.A.4.b.6.g.5:0.03013;4.A.4.c.1.a.5:0.01751;4.A.4.c.3.e.2:0.02149
25-1123.00	English Language and Literature Teachers, Postsecondary	高等院校英语语言文学教师	5	33	4.A.2.a.1.b.5:0.01794;4.A.2.a.1.c.2:0.01103;4.A.2.a.1.c.3:0.01103;4.A.2.a.1.c.4:0.06542;4.A.2.a.1.d.1:0.02353;4.A.2.a.2.c.4:0.02740;4.A.2.a.3.a.8:0.00732;4.A.2.b.1.g.1:0.00732;4.A.2.b.1.g.2:0.00732;4.A.2.b.1.j.10:0.01489;4.A.2.b.2.l.3:0.01794;4.A.2.b.3.a.10:0.04703;4.A.2.b.3.a.18:0.04299;4.A.2.b.3.a.3:0.01683;4.A.2.b.5.b.3:0.01031;4.A.2.b.6.a.4:0.02806;4.A.3.b.6.c.6:0.01522;4.A.3.b.6.g.2:0.02230;4.A.3.b.6.h.12:0.03744;4.A.3.b.6.l.9:0.03851;4.A.3.b.6.p.1:0.03962;4.A.4.a.6.c.6:0.01374;4.A.4.b.1.f.2:0.01031;4.A.4.b.1.f.3:0.01031;4.A.4.b.3.b.10:0.06048;4.A.4.b.3.b.11:0.05427;4.A.4.b.3.b.2:0.01971;4.A.4.b.3.b.5:0.03826;4.A.4.b.3.b.7:0.03176;4.A.4.b.3.d.8:0.01415;4.A.4.b.4.a.18:0.03003;4.A.4.b.4.a.6:0.01415;4.A.4.b.4.b.1:0.02929;4.A.4.b.4.j.33:0.02962;4.A.4.b.6.g.2:0.08681;4.A.4.b.6.g.5:0.01901;4.A.4.c.1.a.5:0.01374;4.A.4.c.3.e.2:0.01489
25-1124.00	Foreign Language and Literature Teachers, Postsecondary	高等院校外语文学教师	5	24	4.A.2.a.1.b.5:0.02161;4.A.2.a.1.c.2:0.01556;4.A.2.a.1.c.3:0.01556;4.A.2.a.1.c.4:0.08556;4.A.2.a.2.c.4:0.03484;4.A.2.b.1.j.10:0.02161;4.A.2.b.2.l.3:0.02161;4.A.2.b.3.a.10:0.06414;4.A.2.b.3.a.18:0.02344;4.A.2.b.3.a.3:0.02344;4.A.2.b.6.a.4:0.03409;4.A.3.b.6.c.6:0.02032;4.A.3.b.6.g.2:0.02796;4.A.3.b.6.h.12:0.05000;4.A.3.b.6.l.3:0.03839;4.A.3.b.6.l.9:0.05108;4.A.3.b.6.p.1:0.02360;4.A.4.a.6.c.6:0.01753;4.A.4.b.1.e.2:0.03516;4.A.4.b.3.b.11:0.04882;4.A.4.b.3.b.5:0.04925;4.A.4.b.4.a.18:0.04290;4.A.4.b.4.b.1:0.03828;4.A.4.b.4.j.33:0.03828;4.A.4.b.6.g.2:0.11785;4.A.4.c.1.a.5:0.01753;4.A.4.c.3.e.2:0.02161
25-1125.00	History Teachers, Postsecondary	高等院校历史学教师	5	25	4.A.2.a.1.b.5:0.02162;4.A.2.a.1.c.2:0.01558;4.A.2.a.1.c.3:0.01558;4.A.2.a.1.c.4:0.06220;4.A.2.a.1.h.1:0.04208;4.A.2.a.2.c.4:0.03309;4.A.2.b.1.j.10:0.02130;4.A.2.b.2.l.3:0.02162;4.A.2.b.3.a.10:0.06264;4.A.2.b.3.a.18:0.02437;4.A.2.b.3.a.3:0.02437;4.A.2.b.6.a.4:0.05667;4.A.3.b.6.g.2:0.03320;4.A.3.b.6.h.12:0.04504;4.A.3.b.6.l.3:0.01903;4.A.3.b.6.l.9:0.04948;4.A.3.b.6.p.1:0.02405;4.A.4.a.6.c.6:0.01734;4.A.4.b.3.b.11:0.04916;4.A.4.b.3.b.5:0.04884;4.A.4.b.3.b.7:0.01903;4.A.4.b.4.a.18:0.04102;4.A.4.b.4.b.1:0.03996;4.A.4.b.4.j.33:0.04070;4.A.4.b.6.g.2:0.10974;4.A.4.b.6.g.5:0.02368;4.A.4.c.1.a.5:0.01734;4.A.4.c.3.e.2:0.02130
25-1126.00	Philosophy and Religion Teachers, Postsecondary	高等院校哲学宗教学教师	5	22	4.A.2.a.1.b.5:0.02286;4.A.2.a.1.c.2:0.01748;4.A.2.a.1.c.3:0.01748;4.A.2.a.1.c.4:0.07154;4.A.2.a.2.c.4:0.03670;4.A.2.b.1.j.10:0.02223;4.A.2.b.2.l.3:0.02286;4.A.2.b.3.a.10:0.06784;4.A.2.b.3.a.18:0.02518;4.A.2.b.3.a.3:0.02518;4.A.2.b.6.a.4:0.03635;4.A.3.b.6.g.2:0.03346;4.A.3.b.6.h.12:0.04885;4.A.3.b.6.l.9:0.05198;4.A.3.b.6.p.1:0.07154;4.A.4.a.6.c.6:0.01951;4.A.4.b.3.b.11:0.05314;4.A.4.b.3.b.5:0.05360;4.A.4.b.4.a.18:0.04480;4.A.4.b.4.b.1:0.04214;4.A.4.b.4.j.33:0.04758;4.A.4.b.6.g.2:0.12596;4.A.4.c.1.a.5:0.01951;4.A.4.c.3.e.2:0.02223
25-1192.00	Family and Consumer Sciences Teachers, Postsecondary	高等院校家政学教师	5	23	4.A.1.a.2.f.1:0.02186;4.A.2.a.1.b.5:0.02351;4.A.2.a.1.c.2:0.01560;4.A.2.a.1.c.3:0.01560;4.A.2.a.1.c.4:0.06613;4.A.2.a.1.d.1:0.02186;4.A.2.a.2.c.4:0.03777;4.A.2.b.1.j.10:0.02144;4.A.2.b.2.l.3:0.02351;4.A.2.b.3.a.10:0.06261;4.A.2.b.3.a.18:0.02394;4.A.2.b.3.a.3:0.02394;4.A.2.b.6.a.4:0.03840;4.A.3.b.6.g.2:0.03904;4.A.3.b.6.h.12:0.04628;4.A.3.b.6.l.9:0.04830;4.A.3.b.6.p.1:0.02080;4.A.4.a.6.c.6:0.02074;4.A.4.b.3.b.3:0.04819;4.A.4.b.3.b.5:0.04745;4.A.4.b.4.a.18:0.04383;4.A.4.b.4.b.1:0.04096;4.A.4.b.4.j.33:0.04298;4.A.4.b.6.g.2:0.13043;4.A.4.b.6.g.5:0.03266;4.A.4.c.1.a.5:0.02074;4.A.4.c.3.e.2:0.02144
25-1193.00	Recreation and Fitness Studies Teachers, Postsecondary	高等院校休闲健身研究教师	5	23	4.A.2.a.1.b.5:0.02502;4.A.2.a.1.c.2:0.01574;4.A.2.a.1.c.3:0.01574;4.A.2.a.1.c.4:0.06703;4.A.2.a.2.c.4:0.03573;4.A.2.b.1.j.10:0.01961;4.A.2.b.2.l.3:0.02502;4.A.2.b.3.a.10:0.06408;4.A.2.b.3.a.18:0.02468;4.A.2.b.3.a.3:0.02468;4.A.2.b.6.a.4:0.03415;4.A.3.b.6.g.2:0.03787;4.A.3.b.6.h.12:0.05140;4.A.3.b.6.l.9:0.05196;4.A.3.b.6.p.1:0.02226;4.A.4.a.6.c.6:0.02164;4.A.4.b.3.b.12:0.05083;4.A.4.b.3.b.5:0.05241;4.A.4.b.3.f.3:0.03156;4.A.4.b.4.a.18:0.04700;4.A.4.b.4.b.1:0.04339;4.A.4.b.4.j.33:0.04497;4.A.4.b.6.g.2:0.12308;4.A.4.b.6.g.5:0.02885;4.A.4.c.1.a.5:0.02164;4.A.4.c.3.e.2:0.01961
25-1194.00	Career/Technical Education Teachers, Postsecondary	高等院校职业技术教育教师	3	20	4.A.1.a.2.f.3:0.08293;4.A.2.a.1.c.1:0.05122;4.A.2.a.1.c.2:0.05344;4.A.2.a.1.c.4:0.02789;4.A.2.b.1.j.10:0.02548;4.A.2.b.2.l.3:0.04899;4.A.2.b.2.l.6:0.05257;4.A.2.b.3.a.18:0.04813;4.A.2.b.5.b.3:0.03752;4.A.3.b.6.h.12:0.02635;4.A.3.b.6.l.3:0.04751;4.A.3.b.6.o.2:0.02635;4.A.4.b.3.b.1:0.10144;4.A.4.b.3.b.10:0.05319;4.A.4.b.3.b.6:0.05529;4.A.4.b.4.a.17:0.02561;4.A.4.b.4.a.18:0.02561;4.A.4.b.4.b.1:0.04295;4.A.4.b.6.g.2:0.04850;4.A.4.c.1.a.5:0.04418;4.A.4.c.3.a.5:0.07485
25-2011.00	Preschool Teachers, Except Special Education	学前教育教师（不含特教）	3	34	4.A.1.a.2.f.3:0.01033;4.A.1.a.2.f.4:0.02706;4.A.1.a.2.f.5:0.02959;4.A.1.a.2.f.7:0.02066;4.A.2.a.1.c.2:0.02587;4.A.2.a.1.c.4:0.01033;4.A.2.a.1.d.1:0.01315;4.A.2.b.2.e.3:0.03204;4.A.2.b.2.l.3:0.03029;4.A.2.b.2.l.4:0.02706;4.A.2.b.2.l.6:0.06086;4.A.2.b.2.l.7:0.02861;4.A.2.b.3.a.18:0.02797;4.A.3.a.2.af.1:0.07800;4.A.3.a.2.af.2:0.01504;4.A.3.a.2.af.3:0.02783;4.A.3.b.6.h.12:0.03099;4.A.3.b.6.l.4:0.03204;4.A.3.b.6.o.2:0.02762;4.A.4.a.2.c.5:0.03697;4.A.4.a.2.f.3:0.05546;4.A.4.a.5.i.5:0.02804;4.A.4.a.5.i.8:0.09458;4.A.4.b.3.a.4:0.06226;4.A.4.b.3.b.13:0.03078;4.A.4.b.3.b.6:0.03001;4.A.4.b.4.a.18:0.01315;4.A.4.b.4.b.1:0.02538;4.A.4.b.6.g.8:0.04167;4.A.4.c.3.a.5:0.00879;4.A.4.c.3.c.1:0.00879;4.A.4.c.3.e.2:0.00879
25-2012.00	Kindergarten Teachers, Except Special Education	幼儿园教师（不含特教）	4	37	4.A.1.a.2.f.3:0.02316;4.A.1.a.2.f.4:0.02273;4.A.1.a.2.f.7:0.01921;4.A.2.a.1.c.2:0.03247;4.A.2.a.1.c.3:0.00883;4.A.2.a.1.c.4:0.01846;4.A.2.a.1.d.1:0.01208;4.A.2.b.2.e.3:0.03063;4.A.2.b.2.l.3:0.05485;4.A.2.b.2.l.4:0.02435;4.A.2.b.2.l.6:0.06864;4.A.2.b.2.l.7:0.02882;4.A.2.b.3.a.18:0.02338;4.A.3.a.2.af.1:0.04206;4.A.3.a.2.af.2:0.01324;4.A.3.a.2.af.3:0.02610;4.A.3.b.6.h.12:0.01418;4.A.3.b.6.l.1:0.01302;4.A.3.b.6.l.3:0.02746;4.A.3.b.6.l.4:0.02998;4.A.3.b.6.o.2:0.01418;4.A.4.a.2.c.5:0.05080;4.A.4.a.2.f.3:0.05291;4.A.4.a.5.i.5:0.02752;4.A.4.a.5.i.8:0.02681;4.A.4.b.1.e.6:0.02370;4.A.4.b.2.a.3:0.03018;4.A.4.b.3.a.4:0.02966;4.A.4.b.3.b.13:0.02908;4.A.4.b.3.b.6:0.02947;4.A.4.b.3.e.5:0.01353;4.A.4.b.4.a.18:0.01208;4.A.4.b.4.b.1:0.02338;4.A.4.b.6.g.2:0.02895;4.A.4.b.6.g.8:0.05119;4.A.4.c.3.a.5:0.00764;4.A.4.c.3.c.1:0.00764;4.A.4.c.3.e.2:0.00764
25-2021.00	Elementary School Teachers, Except Special Education	小学教师（不含特教）	4	38	4.A.1.a.2.f.3:0.02263;4.A.1.a.2.f.4:0.02214;4.A.1.a.2.f.5:0.02692;4.A.1.a.2.f.7:0.00959;4.A.2.a.1.c.2:0.03356;4.A.2.a.1.c.3:0.00912;4.A.2.a.1.c.4:0.03252;4.A.2.a.1.d.1:0.01139;4.A.2.b.2.e.3:0.03048;4.A.2.b.2.l.3:0.05415;4.A.2.b.2.l.4:0.02354;4.A.2.b.2.l.6:0.06939;4.A.2.b.2.l.7:0.02768;4.A.2.b.3.a.18:0.02469;4.A.3.a.2.af.1:0.05581;4.A.3.a.2.af.3:0.02265;4.A.3.b.6.h.12:0.02730;4.A.3.b.6.l.1:0.01314;4.A.3.b.6.l.3:0.02838;4.A.3.b.6.l.4:0.02972;4.A.3.b.6.o.2:0.02348;4.A.4.a.2.c.5:0.04213;4.A.4.a.2.f.3:0.05148;4.A.4.a.5.i.5:0.02654;4.A.4.b.1.e.2:0.01960;4.A.4.b.1.e.6:0.02062;4.A.4.b.1.f.5:0.01381;4.A.4.b.2.a.3:0.02736;4.A.4.b.3.b.13:0.02876;4.A.4.b.3.b.6:0.03150;4.A.4.b.3.e.5:0.01304;4.A.4.b.4.a.18:0.01139;4.A.4.b.4.b.1:0.02164;4.A.4.b.6.g.2:0.03023;4.A.4.b.6.g.8:0.04295;4.A.4.c.3.a.5:0.00689;4.A.4.c.3.c.1:0.00689;4.A.4.c.3.e.2:0.00689
25-2022.00	Middle School Teachers, Except Special and Career/Technical Education	初中教师（不含特教与职教）	4	35	4.A.1.a.2.f.3:0.02545;4.A.1.a.2.f.4:0.02427;4.A.1.a.2.f.5:0.03089;4.A.1.a.2.f.7:0.01140;4.A.2.a.1.c.2:0.03440;4.A.2.a.1.c.3:0.01102;4.A.2.a.1.c.4:0.03824;4.A.2.a.1.d.1:0.01154;4.A.2.b.2.e.3:0.03247;4.A.2.b.2.l.3:0.05922;4.A.2.b.2.l.4:0.02555;4.A.2.b.2.l.6:0.06892;4.A.2.b.3.a.18:0.02510;4.A.3.a.2.af.1:0.03472;4.A.3.a.2.af.3:0.02397;4.A.3.b.6.h.12:0.03096;4.A.3.b.6.l.1:0.01360;4.A.3.b.6.l.3:0.02976;4.A.3.b.6.l.4:0.03089;4.A.3.b.6.o.2:0.02721;4.A.4.a.2.c.5:0.04318;4.A.4.a.2.f.3:0.05509;4.A.4.a.5.i.5:0.02901;4.A.4.b.1.e.2:0.02420;4.A.4.b.1.f.5:0.01582;4.A.4.b.2.a.3:0.03021;4.A.4.b.3.b.10:0.03104;4.A.4.b.3.b.6:0.03404;4.A.4.b.3.e.5:0.01405;4.A.4.b.4.a.18:0.01154;4.A.4.b.4.b.1:0.02623;4.A.4.b.6.g.2:0.02856;4.A.4.b.6.g.8:0.04378;4.A.4.c.3.a.5:0.00789;4.A.4.c.3.c.1:0.00789;4.A.4.c.3.e.2:0.00789
25-2023.00	Career/Technical Education Teachers, Middle School	初中职业技术教育教师	4	31	4.A.1.a.2.f.3:0.02857;4.A.1.a.2.f.4:0.02665;4.A.1.a.2.f.5:0.03297;4.A.1.a.2.f.7:0.01134;4.A.2.a.1.c.2:0.01091;4.A.2.a.1.c.3:0.01091;4.A.2.a.1.c.4:0.03919;4.A.2.b.2.e.3:0.03576;4.A.2.b.2.l.3:0.06511;4.A.2.b.2.l.4:0.03149;4.A.2.b.2.l.6:0.04884;4.A.2.b.2.l.7:0.03223;4.A.2.b.3.a.18:0.02747;4.A.3.a.2.af.1:0.03633;4.A.3.b.6.h.12:0.03346;4.A.3.b.6.l.1:0.01579;4.A.3.b.6.l.3:0.03510;4.A.3.b.6.l.4:0.03510;4.A.3.b.6.o.2:0.03141;4.A.4.a.2.c.5:0.04818;4.A.4.a.2.f.3:0.05978;4.A.4.a.5.i.5:0.03092;4.A.4.b.1.e.2:0.02731;4.A.4.b.1.f.5:0.01693;4.A.4.b.2.a.3:0.03313;4.A.4.b.3.b.6:0.03756;4.A.4.b.3.e.5:0.01722;4.A.4.b.4.b.1:0.02747;4.A.4.b.6.g.2:0.03346;4.A.4.b.6.g.8:0.04933;4.A.4.c.3.a.5:0.01003;4.A.4.c.3.c.1:0.01003;4.A.4.c.3.e.2:0.01003
25-2031.00	Secondary School Teachers, Except Special and Career/Technical Education	中学教师（不含特教与职教）	4	32	4.A.1.a.2.f.3:0.02566;4.A.1.a.2.f.4:0.02350;4.A.1.a.2.f.5:0.03181;4.A.1.a.2.f.7:0.01111;4.A.2.a.1.c.2:0.03735;4.A.2.a.1.c.3:0.01148;4.A.2.a.1.c.4:0.03909;4.A.2.b.2.e.3:0.03665;4.A.2.b.2.l.3:0.06659;4.A.2.b.2.l.4:0.02833;4.A.2.b.2.l.6:0.04759;4.A.2.b.2.l.7:0.03113;4.A.2.b.3.a.18:0.02842;4.A.3.a.2.af.1:0.03648;4.A.3.b.6.h.12:0.03249;4.A.3.b.6.l.1:0.01434;4.A.3.b.6.l.3:0.03317;4.A.3.b.6.l.4:0.03597;4.A.3.b.6.o.2:0.02944;4.A.4.a.2.c.5:0.04636;4.A.4.a.2.f.3:0.06049;4.A.4.a.5.i.5:0.03079;4.A.4.b.1.e.2:0.02681;4.A.4.b.1.f.5:0.01650;4.A.4.b.2.a.3:0.03682;4.A.4.b.3.b.6:0.03665;4.A.4.b.3.e.5:0.01455;4.A.4.b.4.b.1:0.02698;4.A.4.b.6.g.2:0.03317;4.A.4.b.6.g.8:0.04568;4.A.4.c.3.a.5:0.00820;4.A.4.c.3.c.1:0.00820;4.A.4.c.3.e.2:0.00820
25-2032.00	Career/Technical Education Teachers, Secondary School	中学职业技术教育教师	4	33	4.A.1.a.2.f.3:0.02810;4.A.1.a.2.f.4:0.02214;4.A.1.a.2.f.5:0.03096;4.A.1.a.2.f.7:0.01130;4.A.2.a.1.c.2:0.01042;4.A.2.a.1.c.3:0.01042;4.A.2.a.1.c.4:0.03725;4.A.2.b.1.j.10:0.00947;4.A.2.b.2.e.3:0.03460;4.A.2.b.2.l.3:0.06255;4.A.2.b.2.l.4:0.04521;4.A.2.b.2.l.6:0.03174;4.A.2.b.2.l.7:0.02895;4.A.2.b.3.a.18:0.02717;4.A.2.b.3.a.3:0.03011;4.A.3.a.2.af.1:0.03445;4.A.3.b.6.h.12:0.03182;4.A.3.b.6.l.3:0.03298;4.A.3.b.6.o.2:0.02601;4.A.4.a.2.c.5:0.04428;4.A.4.a.2.f.3:0.05442;4.A.4.a.5.i.5:0.03081;4.A.4.b.1.e.2:0.02810;4.A.4.b.1.f.5:0.01552;4.A.4.b.2.a.3:0.03065;4.A.4.b.3.b.1:0.03383;4.A.4.b.3.b.6:0.03491;4.A.4.b.3.e.5:0.01680;4.A.4.b.4.a.18:0.01471;4.A.4.b.4.b.1:0.02562;4.A.4.b.6.g.2:0.03275;4.A.4.b.6.g.8:0.04412;4.A.4.c.1.a.5:0.02887;4.A.4.c.3.c.1:0.00947;4.A.4.c.3.e.2:0.00947
25-2051.00	Special Education Teachers, Preschool	学前特殊教育教师	4	36	4.A.1.a.2.f.3:0.02406;4.A.1.a.2.f.7:0.00968;4.A.2.a.1.c.2:0.02812;4.A.2.a.1.c.4:0.00968;4.A.2.b.2.e.3:0.02877;4.A.2.b.2.l.3:0.03988;4.A.2.b.2.l.4:0.02449;4.A.2.b.2.l.6:0.02715;4.A.2.b.2.l.7:0.12918;4.A.2.b.3.a.18:0.02624;4.A.3.a.2.af.1:0.05683;4.A.3.a.2.af.3:0.02598;4.A.3.b.6.h.12:0.03072;4.A.3.b.6.l.3:0.02372;4.A.3.b.6.l.4:0.02922;4.A.3.b.6.l.9:0.03632;4.A.3.b.6.o.2:0.02624;4.A.4.a.2.c.5:0.01380;4.A.4.a.2.f.3:0.04040;4.A.4.a.5.i.5:0.02864;4.A.4.a.5.i.8:0.05702;4.A.4.b.2.a.3:0.05858;4.A.4.b.3.a.4:0.08800;4.A.4.b.3.b.13:0.02884;4.A.4.b.3.e.5:0.01439;4.A.4.b.4.a.6:0.02845;4.A.4.b.6.g.8:0.04303;4.A.4.c.3.a.5:0.01128;4.A.4.c.3.c.1:0.01128
25-2055.00	Special Education Teachers, Kindergarten	幼儿园特殊教育教师	4	29	4.A.1.a.2.f.3:0.02877;4.A.1.a.2.f.4:0.02788;4.A.1.a.2.f.7:0.01285;4.A.2.a.1.c.2:0.04355;4.A.2.a.1.c.3:0.01136;4.A.2.a.1.c.4:0.02421;4.A.2.b.2.e.3:0.03864;4.A.2.b.2.l.3:0.01992;4.A.2.b.2.l.4:0.02384;4.A.2.b.2.l.6:0.03287;4.A.2.b.2.l.7:0.11799;4.A.2.b.3.a.18:0.02857;4.A.3.a.2.af.1:0.03597;4.A.3.a.2.af.3:0.03287;4.A.3.b.6.h.12:0.03890;4.A.3.b.6.l.3:0.03021;4.A.3.b.6.l.4:0.03761;4.A.3.b.6.l.9:0.05521;4.A.4.a.2.c.5:0.01824;4.A.4.a.2.f.3:0.10353;4.A.4.a.5.i.5:0.03373;4.A.4.b.3.a.4:0.03881;4.A.4.b.3.b.10:0.03003;4.A.4.b.3.e.5:0.01592;4.A.4.b.4.a.6:0.03623;4.A.4.b.6.g.8:0.05611;4.A.4.c.3.a.5:0.01308;4.A.4.c.3.c.1:0.01308
25-2056.00	Special Education Teachers, Elementary School	小学特殊教育教师	4	30	4.A.1.a.2.f.3:0.02731;4.A.1.a.2.f.7:0.01160;4.A.2.a.1.c.1:0.03013;4.A.2.a.1.c.2:0.03788;4.A.2.a.1.c.3:0.01043;4.A.2.a.1.c.4:0.02203;4.A.2.b.2.e.3:0.03579;4.A.2.b.2.l.3:0.05055;4.A.2.b.2.l.4:0.02623;4.A.2.b.2.l.6:0.06309;4.A.2.b.2.l.7:0.10905;4.A.2.b.3.a.18:0.03090;4.A.3.a.2.af.1:0.03587;4.A.3.a.2.af.3:0.03097;4.A.3.b.6.h.12:0.03587;4.A.3.b.6.l.4:0.03610;4.A.3.b.6.l.9:0.01637;4.A.4.a.2.f.3:0.09827;4.A.4.a.5.i.5:0.03564;4.A.4.b.2.a.3:0.03480;4.A.4.b.3.a.4:0.10248;4.A.4.b.3.e.5:0.01572;4.A.4.b.4.a.6:0.03441;4.A.4.b.6.g.2:0.03403;4.A.4.b.6.g.8:0.03449
25-2057.00	Special Education Teachers, Middle School	初中特殊教育教师	4	40	4.A.1.a.2.f.3:0.02125;4.A.1.a.2.f.4:0.02138;4.A.1.a.2.f.7:0.00866;4.A.2.a.1.c.2:0.03207;4.A.2.a.1.c.3:0.00814;4.A.2.a.1.c.4:0.01681;4.A.2.a.1.d.1:0.01184;4.A.2.b.2.e.3:0.02829;4.A.2.b.2.l.2:0.01427;4.A.2.b.2.l.3:0.05104;4.A.2.b.2.l.4:0.02194;4.A.2.b.2.l.6:0.06067;4.A.2.b.2.l.7:0.09485;4.A.2.b.2.l.8:0.01427;4.A.2.b.3.a.18:0.02225;4.A.3.a.2.af.1:0.02736;4.A.3.a.2.af.3:0.02281;4.A.3.b.6.h.12:0.01318;4.A.3.b.6.l.1:0.01218;4.A.3.b.6.l.3:0.02493;4.A.3.b.6.l.4:0.02692;4.A.3.b.6.o.2:0.01318;4.A.4.a.2.c.5:0.01337;4.A.4.a.2.f.3:0.05067;4.A.4.a.5.i.5:0.03677;4.A.4.b.3.a.4:0.08052;4.A.4.b.3.b.1:0.02325;4.A.4.b.3.b.10:0.02119;4.A.4.b.3.b.6:0.02568;4.A.4.b.3.e.5:0.01259;4.A.4.b.4.a.18:0.01184;4.A.4.b.4.a.6:0.02543;4.A.4.b.4.b.1:0.02244;4.A.4.b.6.g.2:0.02617;4.A.4.b.6.g.8:0.06254;4.A.4.c.3.a.5:0.00642;4.A.4.c.3.c.1:0.00642;4.A.4.c.3.e.2:0.00642
25-2058.00	Special Education Teachers, Secondary School	中学特殊教育教师	4	40	4.A.1.a.2.f.3:0.02046;4.A.1.a.2.f.4:0.01964;4.A.1.a.2.f.7:0.00888;4.A.2.a.1.c.2:0.03222;4.A.2.a.1.c.3:0.00825;4.A.2.a.1.c.4:0.01713;4.A.2.b.2.e.3:0.02946;4.A.2.b.2.l.3:0.05452;4.A.2.b.2.l.4:0.02053;4.A.2.b.2.l.6:0.03769;4.A.2.b.2.l.7:0.09648;4.A.2.b.3.a.18:0.02225;4.A.3.a.2.af.1:0.02793;4.A.3.b.6.h.12:0.01451;4.A.3.b.6.l.1:0.01192;4.A.3.b.6.l.3:0.02563;4.A.3.b.6.l.4:0.04885;4.A.3.b.6.o.2:0.01451;4.A.4.a.2.c.5:0.04021;4.A.4.a.2.f.3:0.06555;4.A.4.a.5.i.5:0.02551;4.A.4.b.1.e.2:0.01868;4.A.4.b.2.a.3:0.02710;4.A.4.b.3.a.4:0.07920;4.A.4.b.3.b.1:0.02449;4.A.4.b.3.b.10:0.01805;4.A.4.b.3.b.6:0.02519;4.A.4.b.3.e.5:0.01157;4.A.4.b.4.a.6:0.02621;4.A.4.b.4.b.1:0.02117;4.A.4.b.6.g.2:0.02621;4.A.4.b.6.g.8:0.06189;4.A.4.c.3.a.5:0.00604;4.A.4.c.3.c.1:0.00604;4.A.4.c.3.e.2:0.00604
25-2059.01	Adapted Physical Education Specialists	适应性体育教育专员	4	20	4.A.1.a.2.k.10:0.02209;4.A.2.a.1.b.5:0.02209;4.A.2.a.1.c.1:0.11872;4.A.2.a.1.c.2:0.05124;4.A.2.b.2.e.3:0.05224;4.A.2.b.2.l.7:0.04992;4.A.2.b.3.a.18:0.04870;4.A.3.b.6.h.12:0.05124;4.A.3.b.6.l.1:0.05025;4.A.3.b.6.l.4:0.05168;4.A.3.b.6.o.2:0.05224;4.A.4.a.2.c.5:0.02485;4.A.4.a.2.f.1:0.05168;4.A.4.a.5.i.5:0.05522;4.A.4.b.2.a.3:0.05422;4.A.4.b.3.f.3:0.10790;4.A.4.b.6.g.1:0.01657;4.A.4.b.6.g.5:0.01657;4.A.4.b.6.g.8:0.02485;4.A.4.c.3.a.5:0.03711;4.A.4.c.3.e.2:0.04064
25-3011.00	Adult Basic Education, Adult Secondary Education, and English as a Second Language Instructors	成人基础教育与ESL教师	4	37	4.A.1.a.2.f.3:0.01613;4.A.1.a.2.f.5:0.02690;4.A.2.a.1.b.5:0.02609;4.A.2.a.1.c.1:0.04469;4.A.2.a.1.c.2:0.00921;4.A.2.a.1.c.3:0.00921;4.A.2.a.1.c.4:0.04059;4.A.2.a.1.d.1:0.02256;4.A.2.b.1.j.10:0.00791;4.A.2.b.2.e.3:0.02896;4.A.2.b.2.l.3:0.05814;4.A.2.b.2.l.4:0.02271;4.A.2.b.2.l.6:0.04395;4.A.2.b.2.l.7:0.02697;4.A.2.b.3.a.18:0.02352;4.A.2.b.5.b.3:0.02616;4.A.3.a.2.af.1:0.03080;4.A.3.b.6.h.12:0.03013;4.A.3.b.6.l.1:0.01345;4.A.3.b.6.l.3:0.02683;4.A.3.b.6.l.4:0.03109;4.A.3.b.6.o.2:0.02653;4.A.4.a.2.c.5:0.02477;4.A.4.a.2.f.2:0.02256;4.A.4.a.2.f.3:0.04866;4.A.4.a.5.i.5:0.02874;4.A.4.a.6.c.6:0.02249;4.A.4.b.1.f.5:0.01525;4.A.4.b.2.a.3:0.03080;4.A.4.b.3.a.4:0.01503;4.A.4.b.3.b.2:0.01503;4.A.4.b.3.b.6:0.03065;4.A.4.b.3.d.8:0.02565;4.A.4.b.4.b.1:0.02521;4.A.4.b.6.g.2:0.07394;4.A.4.c.1.a.5:0.01286;4.A.4.c.3.c.1:0.00791;4.A.4.c.3.e.2:0.00791
25-3021.00	Self-Enrichment Teachers	兴趣提升课程教师	3	30	4.A.1.a.2.f.3:0.05457;4.A.1.a.2.f.5:0.03263;4.A.2.a.1.b.5:0.03245;4.A.2.a.1.c.1:0.03821;4.A.2.a.1.c.2:0.01218;4.A.2.a.1.c.3:0.01218;4.A.2.a.1.c.4:0.03031;4.A.2.a.1.d.1:0.03103;4.A.2.b.1.j.10:0.00969;4.A.2.b.2.l.3:0.05364;4.A.2.b.2.l.4:0.03077;4.A.2.b.2.l.6:0.06153;4.A.2.b.2.l.7:0.03218;4.A.2.b.3.a.18:0.03085;4.A.2.b.5.b.3:0.03218;4.A.3.a.2.af.1:0.03369;4.A.3.b.6.h.12:0.03768;4.A.3.b.6.l.1:0.01738;4.A.3.b.6.l.3:0.03094;4.A.3.b.6.l.4:0.03928;4.A.3.b.6.p.1:0.02101;4.A.4.a.2.c.5:0.03227;4.A.4.a.2.f.3:0.03405;4.A.4.a.6.c.6:0.02864;4.A.4.b.1.f.5:0.01813;4.A.4.b.2.a.3:0.03892;4.A.4.b.3.a.4:0.03458;4.A.4.b.3.b.6:0.03981;4.A.4.b.3.e.5:0.01707;4.A.4.b.4.b.1:0.02979;4.A.4.b.6.g.8:0.03298;4.A.4.c.3.c.1:0.00969;4.A.4.c.3.e.2:0.00969
25-3031.00	Substitute Teachers, Short-Term	短期代课教师	4	18	4.A.1.a.2.f.4:0.08652;4.A.1.a.2.f.5:0.06136;4.A.2.a.1.c.4:0.04717;4.A.2.b.3.a.18:0.04638;4.A.3.a.3.e.3:0.02713;4.A.3.b.1.e.1:0.02713;4.A.3.b.6.h.12:0.05952;4.A.4.a.5.i.5:0.05860;4.A.4.a.5.j.4:0.02831;4.A.4.b.1.e.2:0.05702;4.A.4.b.3.a.3:0.02831;4.A.4.b.3.a.4:0.02831;4.A.4.b.3.b.10:0.05623;4.A.4.b.3.b.2:0.17724;4.A.4.b.6.g.2:0.05269;4.A.4.c.3.a.5:0.04704;4.A.4.c.3.c.1:0.11102
25-3041.00	Tutors	家教辅导教师	3	19	4.A.1.a.2.f.3:0.05535;4.A.2.a.1.c.1:0.02774;4.A.2.a.1.c.2:0.01952;4.A.2.a.1.c.4:0.08210;4.A.2.b.2.l.7:0.05121;4.A.2.b.3.a.18:0.05589;4.A.2.b.5.b.3:0.05281;4.A.3.b.6.h.12:0.05121;4.A.3.b.6.l.1:0.04867;4.A.3.b.6.l.2:0.05228;4.A.3.b.6.l.9:0.04586;4.A.4.a.2.f.3:0.02774;4.A.4.a.2.h.9:0.03162;4.A.4.b.2.a.3:0.06498;4.A.4.b.3.b.10:0.21179;4.A.4.b.3.b.6:0.03162;4.A.4.b.6.g.2:0.03757;4.A.4.b.6.g.8:0.05201
25-4011.00	Archivists	档案管理员	5	13	4.A.1.a.1.d.8:0.04292;4.A.1.b.2.j.6:0.14780;4.A.2.b.1.g.2:0.05650;4.A.2.b.2.f.3:0.08383;4.A.2.b.3.a.10:0.06506;4.A.2.b.6.a.4:0.07053;4.A.3.a.2.h.3:0.07873;4.A.3.b.2.f.5:0.12748;4.A.3.b.6.l.2:0.04401;4.A.3.b.6.l.5:0.04292;4.A.4.a.5.j.7:0.08693;4.A.4.b.4.a.6:0.08165;4.A.4.c.3.e.2:0.07162
25-4012.00	Curators	策展人	5	15	4.A.1.b.2.e.1:0.02315;4.A.1.b.2.e.12:0.02315;4.A.1.b.2.e.15:0.02315;4.A.1.b.2.j.6:0.07000;4.A.2.a.1.h.1:0.02285;4.A.2.b.2.f.3:0.07565;4.A.2.b.3.a.10:0.07346;4.A.2.b.6.a.4:0.11994;4.A.3.a.2.a.16:0.03965;4.A.3.b.6.g.2:0.02285;4.A.3.b.6.p.1:0.02285;4.A.4.a.2.c.18:0.06416;4.A.4.a.3.b.8:0.07182;4.A.4.a.6.c.6:0.06635;4.A.4.a.7.b.5:0.03500;4.A.4.b.3.d.8:0.03308;4.A.4.b.4.a.6:0.03308;4.A.4.c.1.c.8:0.06034;4.A.4.c.3.a.5:0.04484;4.A.4.c.3.e.2:0.07464
25-4013.00	Museum Technicians and Conservators	博物馆技术员与文物修复师	5	24	4.A.1.a.1.a.1:0.00932;4.A.1.a.1.l.3:0.00932;4.A.1.b.1.a.3:0.00932;4.A.1.b.2.j.6:0.04788;4.A.1.b.2.j.8:0.05116;4.A.2.b.1.a.1:0.01748;4.A.2.b.1.a.6:0.01748;4.A.2.b.3.a.10:0.04279;4.A.2.b.3.a.3:0.02510;4.A.2.b.3.a.5:0.02510;4.A.2.b.6.a.4:0.03135;4.A.3.a.1.j.5:0.01695;4.A.3.a.2.a.16:0.06890;4.A.3.a.2.ag.3:0.00932;4.A.3.a.2.h.3:0.19908;4.A.3.a.4.a.6:0.01695;4.A.3.b.1.f.6:0.02193;4.A.3.b.2.d.3:0.01059;4.A.3.b.2.f.5:0.04724;4.A.3.b.6.e.3:0.04544;4.A.3.b.6.h.18:0.02193;4.A.3.b.6.h.5:0.04650;4.A.3.b.6.l.7:0.01059;4.A.4.a.2.c.5:0.03654;4.A.4.b.4.a.6:0.07817;4.A.4.b.4.j.33:0.01705;4.A.4.b.6.g.5:0.04947;4.A.4.c.1.a.1:0.01705
25-4022.00	Librarians and Media Collections Specialists	图书馆员与媒体馆藏专员	5	30	4.A.1.a.1.d.3:0.07682;4.A.1.b.2.j.8:0.02944;4.A.2.a.2.c.4:0.02677;4.A.2.b.1.b.2:0.01062;4.A.2.b.1.b.3:0.01062;4.A.2.b.1.j.10:0.03801;4.A.2.b.2.f.3:0.03489;4.A.2.b.3.a.18:0.03417;4.A.2.b.6.a.4:0.03310;4.A.3.a.2.a.16:0.02409;4.A.3.a.3.e.3:0.02007;4.A.3.b.2.f.5:0.03489;4.A.3.b.5.c.6:0.02989;4.A.3.b.6.h.5:0.01784;4.A.3.b.6.h.7:0.00818;4.A.4.a.2.c.18:0.03837;4.A.4.a.2.f.3:0.03230;4.A.4.a.5.j.7:0.10939;4.A.4.a.7.b.5:0.01860;4.A.4.b.3.d.8:0.01847;4.A.4.b.3.e.5:0.10091;4.A.4.b.4.a.6:0.01847;4.A.4.b.4.b.1:0.03105;4.A.4.b.4.j.33:0.03890;4.A.4.c.1.a.1:0.03837;4.A.4.c.1.a.8:0.03613;4.A.4.c.3.a.5:0.01784;4.A.4.c.3.a.6:0.00818;4.A.4.c.3.e.2:0.05545;4.A.4.c.3.g.2:0.00818
25-4031.00	Library Technicians	图书馆技术员	3	31	4.A.1.a.1.d.3:0.03146;4.A.1.b.2.j.8:0.03269;4.A.2.a.2.b.1:0.01340;4.A.2.a.2.c.4:0.02197;4.A.2.b.6.a.4:0.03111;4.A.3.a.1.j.4:0.01828;4.A.3.a.1.j.5:0.03168;4.A.3.a.3.e.3:0.02487;4.A.3.b.5.c.6:0.03278;4.A.3.b.6.h.5:0.09967;4.A.3.b.6.l.2:0.03032;4.A.3.b.6.l.9:0.02979;4.A.3.b.6.p.1:0.02760;4.A.4.a.2.b.2:0.03428;4.A.4.a.3.b.8:0.03753;4.A.4.a.5.j.7:0.03674;4.A.4.a.7.a.3:0.03331;4.A.4.a.8.c.1:0.01622;4.A.4.b.3.d.8:0.01578;4.A.4.b.4.a.6:0.01578;4.A.4.c.1.a.1:0.05067;4.A.4.c.1.a.8:0.18813;4.A.4.c.1.e.3:0.03217;4.A.4.c.3.a.5:0.02988;4.A.4.c.3.c.1:0.03507;4.A.4.c.3.d.1:0.01622;4.A.4.c.3.e.2:0.03261
25-9021.00	Farm and Home Management Educators	农场与家政管理教育者	5	15	4.A.1.a.1.d.3:0.07208;4.A.1.a.1.n.5:0.03569;4.A.1.a.2.c.6:0.02836;4.A.2.a.1.j.2:0.03569;4.A.2.b.2.v.1:0.02836;4.A.2.b.3.a.10:0.03180;4.A.2.b.5.b.3:0.06431;4.A.2.b.6.a.4:0.06431;4.A.3.b.6.h.5:0.06855;4.A.3.b.6.l.9:0.06519;4.A.3.b.6.p.1:0.03180;4.A.4.a.2.c.18:0.07491;4.A.4.a.2.f.2:0.05654;4.A.4.a.3.c.8:0.01737;4.A.4.a.6.a.1:0.07067;4.A.4.a.6.c.12:0.03428;4.A.4.a.6.c.2:0.03428;4.A.4.b.3.a.4:0.07544;4.A.4.b.6.g.5:0.07562;4.A.4.c.3.e.3:0.01737;4.A.4.c.3.e.6:0.01737
25-9031.00	Instructional Coordinators	教学协调员	5	30	4.A.1.a.2.f.5:0.03536;4.A.2.a.1.b.5:0.13257;4.A.2.a.1.c.1:0.06667;4.A.2.a.1.d.1:0.03909;4.A.2.b.1.g.2:0.03333;4.A.2.b.2.l.3:0.03333;4.A.2.b.3.a.10:0.03257;4.A.3.b.6.g.2:0.03363;4.A.3.b.6.l.2:0.03077;4.A.3.b.6.l.3:0.05000;4.A.3.b.6.l.4:0.06549;4.A.3.b.6.l.9:0.08333;4.A.4.a.6.c.6:0.03198;4.A.4.b.3.d.8:0.03553;4.A.4.b.3.e.5:0.03333;4.A.4.b.4.a.6:0.02600;4.A.4.b.4.b.1:0.03493;4.A.4.b.6.g.2:0.03406;4.A.4.b.6.g.5:0.15135;4.A.4.c.3.e.2:0.01668
25-9042.00	Teaching Assistants, Preschool, Elementary, Middle, and Secondary School, Except Special Education	中小学教学助理（不含特教）	3	28	4.A.1.a.2.f.3:0.03743;4.A.1.a.2.f.4:0.07792;4.A.1.a.2.f.5:0.03874;4.A.2.a.1.c.4:0.01743;4.A.2.b.2.l.6:0.03567;4.A.3.a.1.c.10:0.01842;4.A.3.a.1.c.9:0.01842;4.A.3.a.2.af.1:0.03135;4.A.3.a.2.af.3:0.03567;4.A.3.a.3.e.3:0.03351;4.A.3.b.5.c.6:0.03522;4.A.3.b.6.h.12:0.07495;4.A.3.b.6.l.3:0.03477;4.A.3.b.6.l.9:0.06945;4.A.4.a.2.f.3:0.03792;4.A.4.b.3.a.3:0.01914;4.A.4.b.3.a.4:0.01914;4.A.4.b.3.b.10:0.04036;4.A.4.b.3.b.4:0.03774;4.A.4.b.3.e.5:0.01910;4.A.4.b.3.f.3:0.03459;4.A.4.b.4.b.1:0.03540;4.A.4.b.6.g.8:0.03720;4.A.4.c.3.a.5:0.06360;4.A.4.c.3.c.1:0.06567;4.A.4.c.3.d.1:0.03117
25-9043.00	Teaching Assistants, Special Education	特殊教育教学助理	3	30	4.A.1.a.2.f.3:0.03604;4.A.1.a.2.f.4:0.07344;4.A.1.a.2.f.5:0.03631;4.A.2.a.1.c.4:0.01725;4.A.2.b.2.l.6:0.03297;4.A.2.b.2.l.7:0.03631;4.A.3.a.1.c.10:0.01472;4.A.3.a.1.c.9:0.01472;4.A.3.a.2.af.1:0.06016;4.A.3.a.2.af.3:0.02809;4.A.3.b.5.c.6:0.03189;4.A.3.b.6.h.12:0.06793;4.A.3.b.6.l.1:0.03080;4.A.3.b.6.l.3:0.03126;4.A.3.b.6.l.9:0.02737;4.A.4.a.2.b.2:0.02836;4.A.4.a.2.f.3:0.03478;4.A.4.a.5.b.2:0.03731;4.A.4.a.5.i.5:0.07859;4.A.4.b.3.a.4:0.07489;4.A.4.b.3.b.10:0.03704;4.A.4.b.3.b.4:0.03514;4.A.4.b.3.e.5:0.01798;4.A.4.b.4.b.1:0.02611;4.A.4.b.6.g.8:0.03071;4.A.4.c.3.a.5:0.02620;4.A.4.c.3.c.1:0.03360
25-9044.00	Teaching Assistants, Postsecondary	高等院校教学助理	5	20	4.A.1.a.2.f.4:0.02506;4.A.2.a.1.b.6:0.01684;4.A.2.a.1.c.2:0.02600;4.A.2.a.1.c.3:0.02600;4.A.2.a.1.c.4:0.06109;4.A.2.a.1.d.1:0.04425;4.A.2.b.3.a.18:0.04531;4.A.2.b.5.b.3:0.04932;4.A.3.b.6.l.3:0.02794;4.A.3.b.6.l.4:0.01684;4.A.3.b.6.l.9:0.04478;4.A.4.a.2.b.2:0.13167;4.A.4.a.2.c.5:0.09076;4.A.4.b.3.b.10:0.05173;4.A.4.b.3.b.2:0.03095;4.A.4.b.3.b.5:0.05955;4.A.4.b.3.e.5:0.02506;4.A.4.b.4.a.17:0.02861;4.A.4.b.6.g.2:0.02727;4.A.4.b.6.g.7:0.02727;4.A.4.c.3.c.1:0.09825;4.A.4.c.3.e.2:0.04545
27-1011.00	Art Directors	艺术总监	4	16	4.A.1.a.1.a.1:0.12502;4.A.1.a.1.t.8:0.05661;4.A.2.b.1.d.13:0.03209;4.A.2.b.2.o.12:0.03141;4.A.2.b.2.o.15:0.06266;4.A.2.b.2.o.2:0.05661;4.A.2.b.2.o.9:0.03209;4.A.2.b.2.t.5:0.05918;4.A.3.b.6.l.5:0.03141;4.A.4.a.1.a.1:0.06856;4.A.4.a.2.h.4:0.06977;4.A.4.a.2.j.3:0.06523;4.A.4.a.7.b.12:0.05570;4.A.4.b.1.d.5:0.12744;4.A.4.b.3.d.18:0.02003;4.A.4.b.4.e.3:0.02003;4.A.4.b.4.j.18:0.06614;4.A.4.c.2.a.6:0.02003
27-1012.00	Craft Artists	手工艺艺术家	3	16	4.A.1.a.2.h.2:0.04753;4.A.1.b.3.a.2:0.03271;4.A.2.a.4.e.5:0.03271;4.A.2.b.1.j.3:0.07912;4.A.2.b.2.c.5:0.05479;4.A.2.b.2.o.15:0.11328;4.A.2.b.2.t.5:0.07477;4.A.3.a.2.ab.2:0.14599;4.A.3.a.2.aj.1:0.11586;4.A.3.a.2.ap.4:0.03110;4.A.3.a.2.ap.6:0.03110;4.A.3.a.2.as.2:0.07074;4.A.4.a.2.j.3:0.05366;4.A.4.a.6.c.10:0.11666
27-1013.00	Fine Artists, Including Painters, Sculptors, and Illustrators	美术艺术家	3	28	4.A.1.a.1.t.8:0.03443;4.A.1.a.2.h.2:0.01539;4.A.1.b.3.b.6:0.03482;4.A.2.b.2.o.15:0.17773;4.A.2.b.2.t.5:0.04190;4.A.2.b.3.a.13:0.01539;4.A.3.a.1.c.20:0.01072;4.A.3.a.1.h.6:0.01072;4.A.3.a.2.ab.2:0.12344;4.A.3.a.2.ag.3:0.01466;4.A.3.a.2.aj.1:0.04092;4.A.3.a.2.as.2:0.04603;4.A.3.a.2.h.1:0.03924;4.A.3.a.2.h.3:0.03797;4.A.3.a.2.m.2:0.01072;4.A.3.a.3.e.4:0.03020;4.A.3.b.6.h.9:0.03551;4.A.4.a.1.a.1:0.03738;4.A.4.a.2.h.5:0.03797;4.A.4.a.6.c.1:0.03452;4.A.4.a.8.a.4:0.03167;4.A.4.a.8.a.5:0.03511;4.A.4.b.3.b.2:0.02941;4.A.4.b.4.j.20:0.03669;4.A.4.c.1.e.3:0.03747
27-1014.00	Special Effects Artists and Animators	特效艺术家与动画师	4	13	4.A.2.b.2.o.15:0.08503;4.A.2.b.2.o.17:0.40769;4.A.2.b.2.o.2:0.07505;4.A.2.b.2.t.5:0.11663;4.A.3.a.2.at.4:0.02453;4.A.3.a.2.d.2:0.02453;4.A.3.a.3.f.10:0.02453;4.A.3.b.1.f.11:0.06985;4.A.3.b.5.a.3:0.04158;4.A.3.b.5.c.6:0.04158;4.A.4.b.4.j.20:0.08898
27-1021.00	Commercial and Industrial Designers	商业与工业设计师	4	17	4.A.1.a.1.n.1:0.11202;4.A.1.a.2.b.15:0.02867;4.A.1.a.2.h.2:0.02575;4.A.1.b.3.b.6:0.06134;4.A.2.a.1.e.3:0.02267;4.A.2.a.1.g.3:0.02267;4.A.2.a.1.g.9:0.02267;4.A.2.b.2.c.5:0.03184;4.A.2.b.2.e.2:0.03126;4.A.2.b.2.o.15:0.12652;4.A.2.b.2.t.5:0.13252;4.A.2.b.3.a.13:0.02575;4.A.3.a.2.aj.1:0.05084;4.A.3.b.2.f.17:0.05993;4.A.4.a.1.a.1:0.03301;4.A.4.a.2.h.4:0.09918;4.A.4.b.4.e.3:0.05418;4.A.4.b.4.i.6:0.05918
27-1022.00	Fashion Designers	时装设计师	3	20	4.A.1.a.1.a.4:0.02192;4.A.1.a.1.n.1:0.05101;4.A.1.a.2.h.2:0.09328;4.A.1.b.2.c.1:0.02198;4.A.1.b.2.c.4:0.02198;4.A.2.b.1.a.2:0.02772;4.A.2.b.1.a.7:0.02772;4.A.2.b.1.j.3:0.05336;4.A.2.b.2.o.15:0.03138;4.A.2.b.2.t.5:0.17423;4.A.2.b.3.a.13:0.04579;4.A.3.a.2.aj.1:0.09733;4.A.3.b.6.l.5:0.03138;4.A.4.a.2.h.4:0.12433;4.A.4.a.6.c.10:0.07769;4.A.4.b.4.e.3:0.05166;4.A.4.c.3.a.5:0.04723
27-1023.00	Floral Designers	花艺设计师	2	15	4.A.2.b.1.a.2:0.03502;4.A.2.b.1.j.3:0.06866;4.A.2.b.2.t.5:0.12881;4.A.3.a.1.c.20:0.03263;4.A.3.a.1.c.9:0.03263;4.A.3.a.1.q.8:0.03433;4.A.3.a.2.ab.2:0.07484;4.A.3.a.2.ak.1:0.03178;4.A.3.a.2.ak.6:0.03178;4.A.3.a.2.h.1:0.06433;4.A.3.a.2.h.5:0.03502;4.A.3.b.6.h.9:0.07051;4.A.4.a.2.j.3:0.07237;4.A.4.a.3.b.4:0.06433;4.A.4.a.5.d.1:0.03433;4.A.4.b.3.d.18:0.05273;4.A.4.b.4.j.29:0.06912;4.A.4.c.3.a.5:0.06680
27-1024.00	Graphic Designers	平面设计师	4	19	4.A.1.a.1.a.1:0.08333;4.A.1.a.1.n.1:0.01837;4.A.1.a.1.n.5:0.01837;4.A.1.a.1.t.8:0.04540;4.A.2.b.1.g.1:0.01829;4.A.2.b.2.o.12:0.16511;4.A.2.b.2.o.15:0.07977;4.A.2.b.2.o.17:0.09689;4.A.2.b.2.o.9:0.17847;4.A.2.b.3.a.13:0.01837;4.A.3.a.3.e.4:0.03684;4.A.3.a.3.f.10:0.02886;4.A.3.b.6.h.9:0.05318;4.A.3.b.6.p.3:0.01829;4.A.4.a.2.h.4:0.05610;4.A.4.a.2.j.3:0.05551;4.A.4.c.1.a.10:0.02886
27-1025.00	Interior Designers	室内设计师	4	16	4.A.1.a.1.b.15:0.06687;4.A.1.a.1.j.4:0.02771;4.A.1.a.1.j.7:0.02771;4.A.1.b.2.e.12:0.06657;4.A.1.b.3.b.6:0.02922;4.A.2.b.1.j.3:0.02982;4.A.2.b.2.o.15:0.13645;4.A.2.b.2.t.5:0.03720;4.A.2.b.3.a.13:0.09172;4.A.2.b.3.a.21:0.03524;4.A.3.b.2.b.1:0.10572;4.A.3.b.2.b.2:0.05587;4.A.4.a.1.a.1:0.02922;4.A.4.a.2.j.3:0.06867;4.A.4.a.2.j.6:0.03404;4.A.4.b.4.i.6:0.12816;4.A.4.c.3.a.5:0.02982
27-1026.00	Merchandise Displayers and Window Trimmers	商品陈列与橱窗设计师	3	24	4.A.1.a.2.h.2:0.04054;4.A.2.b.1.j.3:0.04119;4.A.2.b.2.c.5:0.04726;4.A.2.b.2.o.15:0.06152;4.A.2.b.2.t.5:0.04260;4.A.3.a.2.ab.2:0.03404;4.A.3.a.2.aj.1:0.02043;4.A.3.a.2.h.1:0.34938;4.A.3.a.3.e.4:0.03610;4.A.3.b.6.h.9:0.02076;4.A.4.a.2.e.1:0.07957;4.A.4.a.2.h.2:0.08000;4.A.4.b.3.d.18:0.08304;4.A.4.c.3.a.5:0.06358
27-1027.00	Set and Exhibit Designers	舞台与展览设计师	5	27	4.A.1.a.1.a.4:0.04506;4.A.1.b.2.f.14:0.07715;4.A.1.b.3.b.6:0.03474;4.A.2.b.1.d.13:0.02253;4.A.2.b.1.j.3:0.05594;4.A.2.b.2.o.15:0.06797;4.A.2.b.2.o.9:0.01917;4.A.2.b.2.t.5:0.09655;4.A.2.b.3.a.13:0.04193;4.A.3.a.1.k.7:0.01420;4.A.3.a.2.a.16:0.01420;4.A.3.a.2.ab.2:0.01420;4.A.3.a.2.aj.1:0.01917;4.A.4.a.1.a.1:0.04373;4.A.4.a.2.h.2:0.04326;4.A.4.a.2.h.5:0.07488;4.A.4.a.2.j.3:0.04279;4.A.4.a.6.c.10:0.02480;4.A.4.b.4.e.3:0.03588;4.A.4.b.4.i.6:0.12902;4.A.4.b.4.j.20:0.03370;4.A.4.c.3.a.5:0.04913
27-2011.00	Actors	演员	2	18	4.A.1.a.1.a.4:0.11180;4.A.3.a.1.p.3:0.03780;4.A.3.a.2.ab.2:0.02934;4.A.3.b.6.p.2:0.04530;4.A.4.a.2.h.5:0.05884;4.A.4.a.3.b.10:0.04095;4.A.4.a.6.c.10:0.04772;4.A.4.a.8.a.1:0.07770;4.A.4.a.8.a.3:0.02152;4.A.4.a.8.a.4:0.15122;4.A.4.a.8.a.5:0.37780
27-2012.00	Producers and Directors	制片人与导演	4	30	4.A.1.a.1.a.4:0.03643;4.A.1.a.1.q.2:0.02775;4.A.2.a.2.c.2:0.03287;4.A.2.b.1.d.13:0.08799;4.A.2.b.1.g.1:0.03348;4.A.2.b.1.j.3:0.03374;4.A.2.b.1.k.1:0.03313;4.A.2.b.2.c.5:0.02680;4.A.2.b.2.r.2:0.04977;4.A.2.b.3.a.13:0.03703;4.A.3.b.6.g.1:0.03452;4.A.3.b.6.l.5:0.01652;4.A.3.b.6.p.2:0.01696;4.A.4.a.2.h.2:0.03313;4.A.4.a.2.h.5:0.03556;4.A.4.a.7.b.12:0.04789;4.A.4.a.8.a.4:0.03417;4.A.4.b.1.d.1:0.06860;4.A.4.b.1.d.2:0.03729;4.A.4.b.1.d.5:0.03807;4.A.4.b.4.h.3:0.02541;4.A.4.b.4.j.18:0.01713;4.A.4.b.4.j.19:0.08374;4.A.4.b.4.j.20:0.06201;4.A.4.c.2.a.1:0.01667;4.A.4.c.2.a.6:0.03333
27-2012.03	Media Programming Directors	媒体节目总监	4	23	4.A.1.a.1.w.2:0.04128;4.A.2.a.2.a.7:0.03870;4.A.2.b.1.j.3:0.02105;4.A.2.b.1.k.1:0.04714;4.A.2.b.2.c.5:0.04468;4.A.2.b.2.r.2:0.12875;4.A.3.a.3.j.2:0.06449;4.A.3.b.5.c.3:0.02591;4.A.3.b.6.h.28:0.04902;4.A.4.a.2.h.2:0.04010;4.A.4.a.3.b.7:0.04866;4.A.4.b.1.d.1:0.09064;4.A.4.b.1.d.2:0.04010;4.A.4.b.4.h.3:0.03377;4.A.4.b.4.j.18:0.13250;4.A.4.b.4.j.20:0.03917;4.A.4.b.4.j.34:0.04737;4.A.4.c.2.a.6:0.04561;4.A.4.c.3.a.5:0.02105
27-2012.04	Talent Directors	选角导演	4	15	4.A.1.a.1.a.4:0.03157;4.A.1.a.2.h.2:0.05933;4.A.3.b.6.h.9:0.06867;4.A.4.a.2.h.5:0.03157;4.A.4.a.7.b.12:0.07040;4.A.4.a.8.a.4:0.02526;4.A.4.b.1.d.2:0.03053;4.A.4.b.1.d.3:0.03053;4.A.4.b.2.a.5:0.02526;4.A.4.b.3.b.11:0.02759;4.A.4.b.3.b.2:0.02759;4.A.4.b.4.j.20:0.26535;4.A.4.b.5.a.1:0.02526;4.A.4.c.2.a.1:0.14565;4.A.4.c.2.a.6:0.13544
27-2012.05	Media Technical Directors/Managers	媒体技术总监	4	15	4.A.1.a.2.a.1:0.06955;4.A.1.b.2.g.19:0.06656;4.A.2.b.1.d.13:0.03777;4.A.2.b.2.o.17:0.06972;4.A.3.a.2.at.6:0.03760;4.A.3.a.3.e.1:0.07804;4.A.3.a.3.j.2:0.06872;4.A.4.a.2.h.5:0.11215;4.A.4.a.8.a.4:0.03760;4.A.4.b.1.d.1:0.03777;4.A.4.b.1.d.2:0.07970;4.A.4.b.3.d.18:0.06606;4.A.4.b.4.j.19:0.12679;4.A.4.b.4.j.20:0.11198
27-2021.00	Athletes and Sports Competitors	运动员	2	9	4.A.2.a.1.d.3:0.11843;4.A.3.a.1.p.1:0.22244;4.A.3.a.1.p.3:0.34200;4.A.3.b.5.a.13:0.05879;4.A.3.b.5.a.3:0.05879;4.A.4.a.6.c.10:0.10232;4.A.4.b.5.a.1:0.09723
27-2022.00	Coaches and Scouts	教练与球探	4	27	4.A.1.a.2.f.1:0.01266;4.A.1.a.2.f.3:0.01324;4.A.1.a.2.f.6:0.01266;4.A.1.a.2.f.7:0.01324;4.A.2.a.1.a.3:0.01324;4.A.2.a.1.d.3:0.12841;4.A.2.b.1.j.3:0.01578;4.A.2.b.3.a.15:0.03742;4.A.3.b.6.h.9:0.01715;4.A.4.a.3.b.4:0.03522;4.A.4.a.6.c.10:0.03109;4.A.4.b.1.d.4:0.18509;4.A.4.b.3.d.7:0.11777;4.A.4.b.4.j.18:0.03439;4.A.4.b.4.j.20:0.03861;4.A.4.b.5.a.1:0.15051;4.A.4.b.6.f.4:0.01266;4.A.4.c.2.a.4:0.01912;4.A.4.c.2.a.5:0.01912;4.A.4.c.2.a.6:0.07686;4.A.4.c.3.a.5:0.01578
27-2023.00	Umpires, Referees, and Other Sports Officials	裁判与体育赛事官员	2	16	4.A.1.a.1.o.1:0.02165;4.A.1.a.1.o.2:0.02165;4.A.1.a.1.v.2:0.02955;4.A.1.a.2.f.6:0.03088;4.A.1.a.2.k.10:0.03088;4.A.1.b.2.e.2:0.03413;4.A.1.b.2.e.3:0.03413;4.A.2.a.1.d.3:0.07181;4.A.2.a.2.a.7:0.12559;4.A.2.a.2.c.2:0.06087;4.A.4.a.2.c.7:0.02955;4.A.4.b.1.d.4:0.44533;4.A.4.b.5.a.1:0.06398
27-2031.00	Dancers	舞蹈演员	3	14	4.A.1.a.1.a.3:0.03281;4.A.1.a.2.h.2:0.06009;4.A.2.b.2.t.3:0.05168;4.A.2.b.3.a.3:0.03281;4.A.3.a.1.p.3:0.23104;4.A.3.a.2.e.1:0.04193;4.A.3.a.2.e.3:0.04193;4.A.4.a.8.a.1:0.07225;4.A.4.a.8.a.5:0.07636;4.A.4.a.8.a.6:0.30150;4.A.4.b.3.d.7:0.05758
27-2032.00	Choreographers	编舞师	3	18	4.A.1.a.1.a.4:0.05098;4.A.1.a.2.h.2:0.05640;4.A.2.a.1.d.3:0.05341;4.A.2.b.2.r.2:0.05783;4.A.2.b.2.t.3:0.26774;4.A.2.b.2.t.5:0.05169;4.A.3.a.1.p.3:0.05155;4.A.4.b.1.d.5:0.11566;4.A.4.b.3.d.7:0.19449;4.A.4.b.4.j.18:0.04669;4.A.4.c.2.a.1:0.05355
27-2041.00	Music Directors and Composers	音乐指导与作曲家	4	30	4.A.1.a.1.a.2:0.03912;4.A.1.a.1.a.4:0.02945;4.A.2.b.2.o.9:0.01092;4.A.2.b.2.r.2:0.03836;4.A.2.b.2.t.1:0.45665;4.A.2.b.3.a.3:0.03333;4.A.3.a.3.e.6:0.03333;4.A.4.a.2.h.5:0.03267;4.A.4.a.7.b.12:0.01092;4.A.4.a.8.a.4:0.06136;4.A.4.b.1.d.3:0.14817;4.A.4.b.1.d.5:0.02987;4.A.4.b.4.h.3:0.01092;4.A.4.b.4.j.20:0.02970;4.A.4.c.2.a.1:0.01761;4.A.4.c.2.a.6:0.01761
27-2042.00	Musicians and Singers	音乐家与歌手	4	26	4.A.1.a.1.a.2:0.07614;4.A.2.b.2.t.1:0.07432;4.A.2.b.3.a.13:0.02942;4.A.3.a.1.p.3:0.12457;4.A.4.a.6.c.10:0.03095;4.A.4.a.8.a.1:0.03267;4.A.4.a.8.a.2:0.07107;4.A.4.a.8.a.3:0.48328;4.A.4.b.3.d.7:0.04050;4.A.4.b.4.j.20:0.03707
27-2091.00	Disc Jockeys, Except Radio	唱片骑师（不含电台）	2	19	4.A.1.a.1.a.5:0.02793;4.A.1.b.2.l.2:0.05646;4.A.1.b.3.b.1:0.05802;4.A.2.b.1.j.11:0.14074;4.A.2.b.1.k.1:0.02447;4.A.2.b.1.k.2:0.02447;4.A.2.b.3.a.5:0.05264;4.A.3.a.2.d.11:0.05742;4.A.3.a.3.e.1:0.09944;4.A.3.b.6.h.9:0.05312;4.A.3.b.6.j.1:0.05276;4.A.3.b.6.m.1:0.05802;4.A.4.a.2.j.3:0.05861;4.A.4.a.6.c.10:0.04488;4.A.4.a.8.b.2:0.08738;4.A.4.a.8.c.2:0.04560;4.A.4.c.3.d.2:0.05802
27-3011.00	Broadcast Announcers and Radio Disc Jockeys	广播播音员与电台唱片骑师	4	24	4.A.1.a.1.k.1:0.09627;4.A.1.a.1.w.2:0.04286;4.A.2.b.1.g.1:0.01542;4.A.2.b.2.r.2:0.08859;4.A.3.a.3.e.1:0.04806;4.A.3.a.3.j.2:0.03491;4.A.3.b.6.h.28:0.04594;4.A.3.b.6.l.2:0.04265;4.A.3.b.6.p.2:0.04297;4.A.4.a.3.b.10:0.21358;4.A.4.a.3.b.7:0.06412;4.A.4.a.6.c.10:0.07363;4.A.4.a.8.a.2:0.04615;4.A.4.b.1.e.4:0.10854;4.A.4.b.4.j.20:0.03629
27-3023.00	News Analysts, Reporters, and Journalists	新闻分析员、记者与新闻工作者	4	30	4.A.1.a.1.k.1:0.17597;4.A.1.a.1.w.2:0.03329;4.A.1.a.2.h.2:0.03230;4.A.2.b.1.g.1:0.06659;4.A.2.b.2.r.1:0.10173;4.A.2.b.2.r.2:0.10242;4.A.3.a.3.e.4:0.04883;4.A.3.a.3.j.2:0.03214;4.A.3.b.6.l.5:0.09350;4.A.4.a.3.b.10:0.03253;4.A.4.a.3.b.7:0.10065;4.A.4.a.4.a.5:0.03568;4.A.4.a.8.c.6:0.03199;4.A.4.b.4.j.20:0.03599;4.A.4.b.4.j.34:0.07639
27-3031.00	Public Relations Specialists	公共关系专员	4	18	4.A.1.a.1.n.1:0.05433;4.A.2.b.1.g.1:0.02818;4.A.2.b.2.c.5:0.21298;4.A.2.b.2.p.2:0.02630;4.A.3.b.6.l.5:0.08250;4.A.3.b.6.p.3:0.12700;4.A.4.a.2.e.1:0.11126;4.A.4.a.3.b.10:0.04855;4.A.4.a.3.b.4:0.06574;4.A.4.a.4.a.1:0.03056;4.A.4.a.4.a.2:0.03056;4.A.4.a.6.c.10:0.04017;4.A.4.b.1.a.4:0.02630;4.A.4.b.4.j.20:0.05577;4.A.4.b.5.a.1:0.05982
27-3041.00	Editors	编辑	4	22	4.A.1.a.1.q.2:0.03599;4.A.2.a.2.a.7:0.05208;4.A.2.b.1.g.1:0.27068;4.A.2.b.2.o.12:0.09421;4.A.2.b.2.r.2:0.09499;4.A.3.b.6.l.5:0.01717;4.A.3.b.6.p.1:0.01717;4.A.3.b.6.p.2:0.01717;4.A.4.a.2.c.15:0.02330;4.A.4.a.2.h.2:0.08751;4.A.4.a.7.b.12:0.01289;4.A.4.a.8.c.2:0.01527;4.A.4.a.8.c.3:0.01527;4.A.4.a.8.c.6:0.01527;4.A.4.b.1.d.1:0.04604;4.A.4.b.4.a.13:0.02330;4.A.4.b.4.j.18:0.04191;4.A.4.b.4.j.19:0.04761;4.A.4.b.4.j.34:0.04638;4.A.4.c.2.a.1:0.01289;4.A.4.c.2.a.6:0.01289
27-3042.00	Technical Writers	技术文档撰写员	4	15	4.A.1.a.1.b.15:0.13168;4.A.1.a.1.t.8:0.06037;4.A.1.a.2.h.2:0.07147;4.A.2.a.2.c.2:0.03847;4.A.2.b.1.g.1:0.18239;4.A.2.b.2.o.12:0.06182;4.A.2.b.2.o.15:0.05071;4.A.2.b.2.r.2:0.06616;4.A.2.b.4.a.2:0.02906;4.A.2.b.6.b.8:0.02906;4.A.3.b.6.h.9:0.07582;4.A.3.b.6.l.5:0.06793;4.A.4.a.2.j.3:0.06552;4.A.4.b.4.j.20:0.06954
27-3043.00	Writers and Authors	作家与撰稿人	4	20	4.A.1.a.1.n.1:0.05082;4.A.1.a.1.q.2:0.04185;4.A.1.a.2.h.2:0.03961;4.A.2.b.1.g.1:0.11684;4.A.2.b.2.c.5:0.03737;4.A.2.b.3.a.13:0.05792;4.A.3.b.6.p.2:0.13852;4.A.3.b.6.p.3:0.25598;4.A.4.a.1.a.1:0.05842;4.A.4.a.2.e.1:0.04297;4.A.4.a.2.h.2:0.04534;4.A.4.a.2.j.3:0.04883;4.A.4.a.8.a.4:0.03986;4.A.4.b.1.d.5:0.02566
27-3043.05	Poets, Lyricists and Creative Writers	诗人、词作者与创意写作者	4	16	4.A.1.a.1.q.2:0.05426;4.A.2.b.1.g.1:0.13964;4.A.2.b.2.r.2:0.07115;4.A.2.b.3.a.13:0.06802;4.A.3.b.6.p.2:0.43565;4.A.4.a.2.h.2:0.06615;4.A.4.a.6.c.10:0.04691;4.A.4.a.8.a.4:0.04253;4.A.4.b.1.d.5:0.03127;4.A.4.b.3.d.18:0.04441
27-3091.00	Interpreters and Translators	口译员与笔译员	4	17	4.A.1.a.2.g.13:0.03413;4.A.2.a.2.a.7:0.12151;4.A.2.a.2.c.2:0.12207;4.A.2.b.1.g.1:0.05520;4.A.2.b.3.a.13:0.06195;4.A.3.a.1.k.7:0.03413;4.A.4.a.1.c.1:0.41284;4.A.4.a.2.j.3:0.04916;4.A.4.a.3.b.4:0.05563;4.A.4.b.3.d.18:0.05338
27-3092.00	Court Reporters and Simultaneous Captioners	法庭记录员与同步字幕员	3	15	4.A.2.a.2.a.1:0.02750;4.A.2.a.3.a.4:0.02750;4.A.2.a.3.a.8:0.06876;4.A.3.b.1.f.6:0.07017;4.A.3.b.6.b.5:0.27379;4.A.3.b.6.h.9:0.03073;4.A.3.b.6.n.3:0.06596;4.A.4.a.2.i.1:0.03473;4.A.4.a.2.i.2:0.10027;4.A.4.a.3.b.8:0.07017;4.A.4.c.1.a.2:0.09921;4.A.4.c.1.b.1:0.06385;4.A.4.c.1.f.1:0.06736
27-4011.00	Audio and Video Technicians	音视频技术员	3	29	4.A.1.a.1.a.2:0.03220;4.A.1.a.2.a.1:0.03756;4.A.2.a.2.c.2:0.01518;4.A.2.b.1.d.13:0.03467;4.A.2.b.1.k.1:0.05186;4.A.2.b.1.k.2:0.03684;4.A.2.b.2.o.15:0.03365;4.A.3.a.2.ab.2:0.01749;4.A.3.a.2.at.6:0.05124;4.A.3.a.3.e.1:0.07274;4.A.3.a.3.e.6:0.01790;4.A.3.a.3.j.2:0.03797;4.A.3.b.1.f.11:0.01909;4.A.3.b.5.c.3:0.10917;4.A.3.b.6.h.28:0.03025;4.A.3.b.6.h.9:0.03426;4.A.3.b.6.l.5:0.03015;4.A.3.b.6.p.2:0.03118;4.A.4.a.1.b.3:0.01518;4.A.4.a.2.g.4:0.04198;4.A.4.a.2.h.5:0.03282;4.A.4.a.3.b.10:0.03118;4.A.4.a.3.b.5:0.01518;4.A.4.b.3.d.18:0.03200;4.A.4.b.4.j.19:0.03817;4.A.4.b.4.j.20:0.06791;4.A.4.c.3.a.5:0.03220
27-4012.00	Broadcast Technicians	广播技术员	3	28	4.A.1.a.1.b.1:0.01633;4.A.1.a.2.a.1:0.09706;4.A.2.b.1.d.13:0.03428;4.A.2.b.1.k.1:0.03509;4.A.2.b.2.l.9:0.01418;4.A.2.b.2.o.14:0.01218;4.A.2.b.2.o.17:0.01218;4.A.2.b.5.b.7:0.01633;4.A.3.a.3.e.1:0.07817;4.A.3.a.3.e.6:0.03697;4.A.3.a.3.j.2:0.26268;4.A.3.b.2.c.5:0.01768;4.A.3.b.2.e.2:0.01768;4.A.3.b.5.c.3:0.03926;4.A.3.b.6.a.2:0.00758;4.A.3.b.6.h.28:0.10401;4.A.3.b.6.l.5:0.02635;4.A.4.a.2.g.4:0.02019;4.A.4.a.2.j.3:0.02935;4.A.4.b.1.d.2:0.03473;4.A.4.b.3.d.18:0.03159;4.A.4.b.4.h.10:0.00758;4.A.4.b.4.h.4:0.00758;4.A.4.b.4.h.9:0.00758;4.A.4.b.4.j.19:0.03338
27-4014.00	Sound Engineering Technicians	录音工程技术员	3	14	4.A.2.b.1.j.3:0.03779;4.A.2.b.1.k.2:0.26826;4.A.3.a.2.s.5:0.06580;4.A.3.a.3.e.1:0.14645;4.A.3.a.3.e.6:0.19234;4.A.3.b.1.f.11:0.06108;4.A.3.b.6.h.28:0.07086;4.A.4.a.2.g.4:0.07592;4.A.4.a.2.h.5:0.08149
27-4015.00	Lighting Technicians	灯光技术员	3	16	4.A.1.a.1.f.2:0.06250;4.A.1.b.2.g.14:0.06250;4.A.1.b.2.l.2:0.06250;4.A.3.a.1.f.11:0.02083;4.A.3.a.1.f.6:0.02083;4.A.3.a.2.ah.6:0.06250;4.A.3.a.2.at.2:0.03125;4.A.3.a.2.at.6:0.08333;4.A.3.a.2.at.9:0.06250;4.A.3.a.2.i.6:0.06250;4.A.3.a.2.s.2:0.06250;4.A.3.a.2.t.1:0.06250;4.A.3.a.2.v.2:0.03125;4.A.3.a.3.e.1:0.06250;4.A.3.b.1.a.2:0.03125;4.A.3.b.1.c.2:0.03125;4.A.3.b.5.b.2:0.06250;4.A.4.a.2.g.4:0.06250;4.A.4.a.2.h.7:0.06250
27-4021.00	Photographers	摄影师	3	28	4.A.1.a.1.a.1:0.04001;4.A.1.a.1.q.2:0.02302;4.A.1.a.1.t.8:0.03201;4.A.2.b.1.d.13:0.08398;4.A.2.b.1.j.3:0.05179;4.A.2.b.2.o.17:0.04208;4.A.3.a.2.ab.2:0.02823;4.A.3.a.2.as.2:0.04109;4.A.3.a.2.at.4:0.00949;4.A.3.a.2.at.6:0.24501;4.A.3.a.2.h.1:0.02598;4.A.3.a.3.e.4:0.08533;4.A.3.a.3.f.10:0.00949;4.A.3.b.1.f.11:0.06896;4.A.3.b.5.c.3:0.03785;4.A.3.b.6.h.9:0.02023;4.A.3.b.6.l.5:0.02643;4.A.4.a.2.j.3:0.03938;4.A.4.b.4.j.19:0.03498;4.A.4.c.1.e.3:0.01722;4.A.4.c.1.e.5:0.01722;4.A.4.c.3.a.5:0.02023
27-4031.00	Camera Operators, Television, Video, and Film	影视摄像师	3	21	4.A.1.a.1.b.15:0.04931;4.A.1.a.1.t.8:0.03141;4.A.1.b.2.f.14:0.05001;4.A.2.b.1.d.13:0.10047;4.A.2.b.1.j.3:0.02489;4.A.2.b.1.k.1:0.05451;4.A.2.b.2.o.17:0.03950;4.A.3.a.2.at.6:0.12247;4.A.3.a.3.e.4:0.15314;4.A.3.a.3.j.2:0.08950;4.A.3.b.5.c.3:0.04689;4.A.3.b.6.l.5:0.04019;4.A.4.a.2.h.5:0.05139;4.A.4.b.1.d.1:0.04689;4.A.4.b.1.d.2:0.04643;4.A.4.b.4.j.19:0.05301
27-4032.00	Film and Video Editors	影视剪辑师	4	22	4.A.1.a.1.a.4:0.04313;4.A.1.b.1.a.5:0.04694;4.A.2.a.2.a.7:0.04531;4.A.2.b.1.k.1:0.33335;4.A.2.b.2.j.1:0.03986;4.A.2.b.2.o.17:0.04477;4.A.2.b.2.r.2:0.07243;4.A.3.a.3.e.6:0.04379;4.A.3.a.3.j.2:0.02467;4.A.4.a.2.c.2:0.04379;4.A.4.a.2.h.5:0.08463;4.A.4.a.8.a.4:0.03932;4.A.4.b.1.d.1:0.09716;4.A.4.b.4.j.19:0.04085
29-1011.00	Chiropractors	脊椎按摩治疗师	5	13	4.A.1.a.1.l.1:0.02762;4.A.1.a.1.l.2:0.04143;4.A.1.b.2.i.3:0.10878;4.A.2.a.4.f.3:0.07278;4.A.2.b.1.f.2:0.02762;4.A.2.b.5.c.2:0.07005;4.A.3.a.3.d.1:0.02346;4.A.3.a.3.d.4:0.02346;4.A.3.a.3.d.5:0.02346;4.A.3.b.6.k.4:0.12259;4.A.4.a.2.d.5:0.03913;4.A.4.a.5.a.2:0.03913;4.A.4.a.5.b.5:0.08526;4.A.4.a.5.c.11:0.03255;4.A.4.b.3.f.1:0.02529;4.A.4.b.3.f.2:0.02529;4.A.4.b.6.a.1:0.07654;4.A.4.b.6.a.4:0.07774;4.A.4.b.6.b.1:0.03255;4.A.4.b.6.j.7:0.02529
29-1021.00	Dentists, General	普通牙医	5	20	4.A.1.b.2.i.4:0.01816;4.A.2.a.3.d.1:0.05596;4.A.2.a.4.f.2:0.05079;4.A.2.b.1.f.1:0.02579;4.A.2.b.2.a.2:0.05438;4.A.2.b.2.k.4:0.01760;4.A.2.b.2.n.3:0.02303;4.A.3.a.2.q.3:0.01760;4.A.3.a.2.x.1:0.01760;4.A.3.a.3.d.3:0.09743;4.A.3.a.3.d.4:0.01816;4.A.3.b.6.l.6:0.04146;4.A.4.a.5.c.3:0.05517;4.A.4.a.5.l.3:0.07163;4.A.4.a.5.l.4:0.25871;4.A.4.b.4.a.14:0.05135;4.A.4.b.4.j.23:0.02303;4.A.4.b.6.a.2:0.05225;4.A.4.c.3.f.3:0.04989
29-1022.00	Oral and Maxillofacial Surgeons	口腔颌面外科医师	5	15	4.A.2.a.1.f.2:0.02040;4.A.2.a.4.f.2:0.07914;4.A.4.a.2.d.5:0.07601;4.A.4.a.5.c.3:0.07980;4.A.4.a.5.g.3:0.07042;4.A.4.a.5.l.2:0.14478;4.A.4.a.5.l.3:0.36986;4.A.4.a.5.l.4:0.10003;4.A.4.a.5.l.7:0.05956
29-1023.00	Orthodontists	正畸科医师	5	11	4.A.1.b.2.i.4:0.09337;4.A.2.a.4.f.2:0.09280;4.A.2.b.1.f.1:0.09337;4.A.2.b.2.k.4:0.04280;4.A.3.a.2.q.3:0.04280;4.A.3.a.2.x.2:0.18561;4.A.3.b.6.k.4:0.09034;4.A.4.a.1.e.1:0.09091;4.A.4.a.1.e.3:0.04517;4.A.4.a.2.d.5:0.08750;4.A.4.b.3.f.8:0.09015;4.A.4.b.6.a.4:0.04517
29-1024.00	Prosthodontists	修复科医师	5	12	4.A.1.b.2.i.1:0.04564;4.A.1.b.2.i.4:0.04564;4.A.1.b.2.i.5:0.08901;4.A.2.b.2.k.4:0.08787;4.A.3.a.2.x.1:0.08977;4.A.3.a.2.x.2:0.17212;4.A.4.a.2.d.5:0.08806;4.A.4.a.5.l.2:0.04365;4.A.4.a.5.l.4:0.33825
29-1031.00	Dietitians and Nutritionists	营养师	5	28	4.A.1.a.1.s.1:0.03338;4.A.1.a.2.e.8:0.06060;4.A.1.a.2.k.11:0.05232;4.A.1.b.2.c.2:0.01266;4.A.1.b.2.c.4:0.01266;4.A.2.a.2.a.6:0.01562;4.A.2.a.2.c.3:0.01456;4.A.2.a.4.f.2:0.06173;4.A.2.a.4.j.4:0.02322;4.A.2.b.2.d.1:0.01914;4.A.2.b.2.d.2:0.01914;4.A.2.b.2.n.3:0.03277;4.A.2.b.2.s.1:0.01562;4.A.3.b.6.c.10:0.03062;4.A.3.b.6.g.2:0.01307;4.A.3.b.6.g.4:0.01307;4.A.3.b.6.l.6:0.03512;4.A.4.a.1.c.2:0.02282;4.A.4.a.2.d.5:0.04410;4.A.4.a.2.h.8:0.02287;4.A.4.b.3.f.11:0.01802;4.A.4.b.3.f.6:0.01669;4.A.4.b.3.f.8:0.01669;4.A.4.b.4.a.11:0.01802;4.A.4.b.4.j.23:0.03787;4.A.4.b.4.j.35:0.07794;4.A.4.b.4.j.38:0.06697;4.A.4.b.6.a.1:0.09167;4.A.4.b.6.f.2:0.06758;4.A.4.c.3.e.7:0.03348
29-1041.00	Optometrists	验光师	5	10	4.A.1.a.2.e.3:0.09845;4.A.1.b.2.a.4:0.10771;4.A.2.a.4.f.3:0.05332;4.A.2.b.2.a.2:0.05332;4.A.4.a.2.d.5:0.04869;4.A.4.a.5.a.2:0.04869;4.A.4.a.5.f.1:0.05181;4.A.4.a.5.l.2:0.09845;4.A.4.a.5.l.7:0.08832;4.A.4.b.3.f.5:0.10146;4.A.4.c.3.f.1:0.09436;4.A.4.c.3.f.3:0.10362;4.A.4.c.3.f.4:0.05181
29-1051.00	Pharmacists	药剂师	5	21	4.A.1.b.2.c.3:0.01008;4.A.1.b.3.a.3:0.01008;4.A.2.a.2.e.4:0.05932;4.A.2.a.3.c.4:0.02119;4.A.2.a.4.d.2:0.05133;4.A.2.a.4.f.1:0.02682;4.A.2.a.4.j.4:0.01008;4.A.2.a.4.j.6:0.02452;4.A.2.b.1.d.11:0.04903;4.A.3.a.1.a.7:0.09879;4.A.3.b.6.c.10:0.04092;4.A.3.b.6.i.6:0.01008;4.A.3.b.6.k.2:0.08947;4.A.4.a.1.e.1:0.02736;4.A.4.a.2.d.5:0.02912;4.A.4.a.5.a.2:0.04334;4.A.4.a.5.l.7:0.05387;4.A.4.a.6.b.1:0.02119;4.A.4.b.3.e.2:0.04019;4.A.4.b.3.f.8:0.04358;4.A.4.b.4.j.38:0.02119;4.A.4.b.6.a.4:0.02736;4.A.4.b.6.b.1:0.04080;4.A.4.b.6.f.1:0.02912;4.A.4.c.1.c.3:0.02119;4.A.4.c.3.a.2:0.02119;4.A.4.c.3.e.7:0.02119;4.A.4.c.3.f.1:0.02881;4.A.4.c.3.f.3:0.02881
29-1071.00	Physician Assistants	医师助理	5	12	4.A.1.a.1.l.2:0.04508;4.A.1.a.2.e.1:0.02761;4.A.1.b.2.i.3:0.09016;4.A.2.a.4.f.3:0.09016;4.A.2.b.1.f.2:0.09053;4.A.3.b.6.k.4:0.07269;4.A.4.a.5.c.7:0.04151;4.A.4.a.5.c.8:0.04151;4.A.4.a.5.k.6:0.07861;4.A.4.b.4.a.14:0.06744;4.A.4.b.6.a.1:0.08723;4.A.4.c.3.b.1:0.08906;4.A.4.c.3.e.7:0.06066;4.A.4.c.3.f.1:0.07269;4.A.4.c.3.f.3:0.04508
29-1071.01	Anesthesiologist Assistants	麻醉医师助理	5	16	4.A.1.a.1.l.1:0.03317;4.A.1.a.2.e.1:0.02799;4.A.1.a.2.e.7:0.03498;4.A.1.b.2.g.21:0.03359;4.A.2.b.3.a.12:0.05234;4.A.3.a.2.al.1:0.05542;4.A.3.a.2.i.9:0.06941;4.A.3.b.4.f.1:0.03359;4.A.3.b.6.k.4:0.06115;4.A.4.a.5.c.3:0.10104;4.A.4.a.5.c.9:0.06619;4.A.4.a.5.g.3:0.06689;4.A.4.a.5.g.4:0.12860;4.A.4.a.5.k.5:0.11797;4.A.4.b.3.f.8:0.02617;4.A.4.b.4.a.14:0.02617;4.A.4.c.3.a.2:0.06535
29-1081.00	Podiatrists	足病医师	5	11	4.A.2.a.4.f.3:0.05168;4.A.2.b.1.f.2:0.05168;4.A.3.a.2.q.3:0.04469;4.A.3.a.2.x.1:0.04469;4.A.3.b.6.k.2:0.02600;4.A.4.a.3.b.1:0.07714;4.A.4.a.5.a.2:0.09390;4.A.4.a.5.l.3:0.09927;4.A.4.a.5.l.7:0.19252;4.A.4.a.5.l.8:0.06296;4.A.4.b.4.j.38:0.02600;4.A.4.b.6.a.2:0.10228;4.A.4.c.3.e.7:0.02600;4.A.4.c.3.f.1:0.03373;4.A.4.c.3.f.3:0.03373;4.A.4.c.3.f.4:0.03373
29-1122.00	Occupational Therapists	职业治疗师	5	17	4.A.1.a.1.s.1:0.05444;4.A.1.a.2.e.1:0.03155;4.A.2.a.1.f.2:0.03382;4.A.2.a.4.f.2:0.03382;4.A.2.b.2.a.6:0.12718;4.A.2.b.2.k.4:0.02963;4.A.2.b.2.n.3:0.08798;4.A.3.a.1.i.3:0.03041;4.A.3.a.2.k.1:0.03041;4.A.3.a.2.q.3:0.02963;4.A.3.b.6.f.4:0.03155;4.A.3.b.6.k.4:0.06678;4.A.4.a.2.d.5:0.06054;4.A.4.a.5.i.3:0.02729;4.A.4.a.5.i.9:0.02729;4.A.4.b.2.a.6:0.03857;4.A.4.b.3.f.11:0.06309;4.A.4.b.3.f.8:0.02772;4.A.4.b.4.a.14:0.02772;4.A.4.b.4.j.23:0.03254;4.A.4.b.6.a.1:0.05799;4.A.4.b.6.f.2:0.05005
29-1122.01	Low Vision Therapists, Orientation and Mobility Specialists, and Vision Rehabilitation Therapists	低视力与视觉康复治疗师	5	21	4.A.1.a.2.e.1:0.04733;4.A.2.a.1.f.2:0.04938;4.A.2.a.4.f.2:0.04332;4.A.2.b.1.f.2:0.04698;4.A.2.b.2.a.6:0.05087;4.A.2.b.3.a.12:0.04527;4.A.3.b.4.f.1:0.04424;4.A.3.b.6.f.4:0.05064;4.A.3.b.6.l.6:0.04641;4.A.4.a.2.d.5:0.04321;4.A.4.a.5.a.2:0.04081;4.A.4.a.6.a.1:0.02412;4.A.4.b.3.a.2:0.02412;4.A.4.b.3.e.2:0.15146;4.A.4.b.3.f.11:0.04824;4.A.4.b.3.f.5:0.19021;4.A.4.b.6.b.1:0.05338
29-1123.00	Physical Therapists	物理治疗师	5	24	4.A.1.a.1.s.1:0.03453;4.A.1.a.2.e.1:0.02288;4.A.1.b.2.a.1:0.01502;4.A.1.b.2.i.3:0.03057;4.A.2.a.1.f.3:0.02288;4.A.2.a.4.f.2:0.06042;4.A.2.b.2.a.2:0.04673;4.A.2.b.2.a.7:0.02229;4.A.2.b.2.n.3:0.01580;4.A.3.a.2.q.3:0.03697;4.A.3.a.2.x.1:0.01839;4.A.3.a.3.d.3:0.01902;4.A.3.b.1.f.3:0.02307;4.A.3.b.6.k.4:0.07593;4.A.4.a.1.e.1:0.02131;4.A.4.a.1.e.5:0.04302;4.A.4.a.2.d.5:0.04575;4.A.4.a.3.b.1:0.04273;4.A.4.a.5.a.2:0.07994;4.A.4.a.5.b.5:0.06458;4.A.4.b.3.f.5:0.04575;4.A.4.b.3.f.8:0.03639;4.A.4.b.4.a.11:0.04507;4.A.4.b.4.j.23:0.03014;4.A.4.b.6.f.1:0.01839;4.A.4.b.6.h.2:0.01580;4.A.4.c.1.a.3:0.06663
29-1124.00	Radiation Therapists	放射治疗师	3	22	4.A.1.a.2.e.7:0.02373;4.A.1.b.2.g.21:0.04796;4.A.1.b.2.i.3:0.04614;4.A.2.a.2.e.4:0.04877;4.A.2.a.3.d.1:0.04907;4.A.2.a.4.f.5:0.04513;4.A.2.b.2.a.2:0.04533;4.A.2.b.5.c.2:0.04209;4.A.3.a.1.a.7:0.05803;4.A.3.a.1.i.1:0.01998;4.A.3.a.2.i.9:0.02418;4.A.3.a.2.q.3:0.04594;4.A.3.a.3.d.1:0.02241;4.A.3.a.3.d.3:0.02474;4.A.3.a.3.d.4:0.02241;4.A.3.b.1.f.3:0.02418;4.A.3.b.6.k.2:0.04685;4.A.4.a.1.e.5:0.02347;4.A.4.a.2.d.1:0.06855;4.A.4.a.5.b.2:0.02125;4.A.4.a.5.c.2:0.04553;4.A.4.a.5.c.5:0.02428;4.A.4.a.5.k.4:0.04948;4.A.4.a.5.k.5:0.04199;4.A.4.a.5.l.6:0.02474;4.A.4.b.2.a.4:0.02347;4.A.4.b.3.f.8:0.02014;4.A.4.b.4.a.14:0.02014
29-1125.00	Recreational Therapists	康乐治疗师	4	11	4.A.1.a.1.l.1:0.04593;4.A.1.a.1.l.2:0.04593;4.A.1.a.2.e.1:0.04644;4.A.2.b.2.a.2:0.08122;4.A.2.b.2.a.6:0.18617;4.A.3.b.6.f.4:0.04327;4.A.3.b.6.k.4:0.04644;4.A.4.a.2.d.1:0.04327;4.A.4.a.2.d.5:0.09186;4.A.4.a.5.b.1:0.09431;4.A.4.b.2.a.6:0.08981;4.A.4.b.3.f.5:0.09452;4.A.4.b.6.a.1:0.09083
29-1126.00	Respiratory Therapists	呼吸治疗师	3	23	4.A.1.a.1.l.1:0.04665;4.A.1.a.2.e.7:0.07425;4.A.1.a.2.k.5:0.04577;4.A.1.b.2.a.1:0.08443;4.A.1.b.2.g.21:0.01503;4.A.2.b.1.d.11:0.04509;4.A.3.a.1.i.3:0.01503;4.A.3.a.1.m.2:0.03574;4.A.3.a.2.i.9:0.02147;4.A.3.a.2.k.1:0.02405;4.A.3.a.3.d.3:0.02405;4.A.3.b.4.f.1:0.01503;4.A.3.b.4.f.4:0.04538;4.A.3.b.6.k.2:0.04538;4.A.4.a.1.e.5:0.04460;4.A.4.a.2.d.1:0.02332;4.A.4.a.2.d.4:0.04655;4.A.4.a.2.d.5:0.02288;4.A.4.a.5.c.2:0.01149;4.A.4.a.5.g.3:0.02298;4.A.4.a.5.g.4:0.06495;4.A.4.a.5.k.5:0.04329;4.A.4.a.5.k.6:0.01149;4.A.4.a.5.l.7:0.02186;4.A.4.b.3.f.5:0.06471;4.A.4.b.3.f.8:0.06388;4.A.4.b.4.a.14:0.02064
29-1127.00	Speech-Language Pathologists	言语语言病理师	5	23	4.A.1.a.1.s.1:0.01700;4.A.1.a.2.e.1:0.04853;4.A.1.b.2.a.3:0.02412;4.A.2.a.4.f.2:0.04893;4.A.2.b.2.a.6:0.13647;4.A.2.b.2.i.1:0.04131;4.A.2.b.2.l.7:0.03695;4.A.2.b.3.a.12:0.02025;4.A.2.b.5.c.2:0.01441;4.A.3.a.3.d.3:0.02412;4.A.3.b.6.c.10:0.03725;4.A.3.b.6.f.4:0.04758;4.A.3.b.6.k.2:0.02442;4.A.3.b.6.l.6:0.01441;4.A.4.a.2.d.5:0.06758;4.A.4.a.5.a.2:0.02111;4.A.4.a.5.i.5:0.03695;4.A.4.b.3.b.2:0.02041;4.A.4.b.3.b.4:0.02041;4.A.4.b.3.f.11:0.04091;4.A.4.b.3.f.5:0.13637;4.A.4.b.4.a.14:0.02331;4.A.4.b.4.a.15:0.01920;4.A.4.b.4.a.18:0.01920;4.A.4.b.6.f.1:0.04442;4.A.4.c.1.a.3:0.01441
29-1128.00	Exercise Physiologists	运动生理学家	4	25	4.A.1.a.1.l.2:0.04474;4.A.1.a.1.s.1:0.03322;4.A.1.a.2.e.7:0.04543;4.A.1.b.2.a.1:0.04181;4.A.1.b.2.a.8:0.03585;4.A.1.b.2.i.5:0.03468;4.A.2.a.1.d.4:0.03566;4.A.2.a.1.f.2:0.04113;4.A.2.a.4.f.6:0.04396;4.A.2.b.2.a.3:0.04719;4.A.3.a.3.d.3:0.04181;4.A.3.b.4.f.1:0.07405;4.A.3.b.6.c.10:0.01744;4.A.4.a.1.e.5:0.04719;4.A.4.a.3.b.1:0.01744;4.A.4.a.5.g.3:0.04504;4.A.4.b.3.e.6:0.02232;4.A.4.b.3.f.1:0.02232;4.A.4.b.3.f.11:0.03497;4.A.4.b.3.f.5:0.04045;4.A.4.b.3.f.9:0.07933;4.A.4.b.6.a.1:0.04259;4.A.4.b.6.f.4:0.03243;4.A.4.c.3.b.1:0.03449;4.A.4.c.3.f.1:0.04445
29-1129.01	Art Therapists	艺术治疗师	5	25	4.A.1.a.1.l.1:0.01996;4.A.1.a.1.l.2:0.01996;4.A.1.a.2.e.1:0.02286;4.A.2.a.1.f.3:0.04321;4.A.2.a.4.f.2:0.08245;4.A.2.a.4.f.6:0.03688;4.A.2.b.1.j.8:0.02217;4.A.2.b.2.a.6:0.15774;4.A.2.b.2.a.7:0.04532;4.A.2.b.2.o.9:0.01158;4.A.2.b.3.a.12:0.03924;4.A.3.a.2.k.1:0.02217;4.A.3.a.3.f.10:0.01663;4.A.3.b.6.e.1:0.01663;4.A.3.b.6.f.4:0.02335;4.A.3.b.6.k.4:0.02286;4.A.4.a.2.d.4:0.04277;4.A.4.a.2.d.5:0.04257;4.A.4.a.2.f.2:0.01128;4.A.4.a.3.b.1:0.03433;4.A.4.a.5.b.1:0.04875;4.A.4.b.1.c.7:0.01128;4.A.4.b.1.d.5:0.01158;4.A.4.b.2.a.4:0.04836;4.A.4.b.3.b.2:0.01844;4.A.4.b.3.b.4:0.01844;4.A.4.b.3.f.11:0.03129;4.A.4.b.4.a.14:0.03620;4.A.4.c.3.e.7:0.04169
29-1129.02	Music Therapists	音乐治疗师	4	30	4.A.1.a.1.l.1:0.01738;4.A.1.a.1.l.2:0.01738;4.A.1.a.1.s.1:0.02613;4.A.1.a.2.e.1:0.01822;4.A.2.a.1.f.2:0.03660;4.A.2.a.1.f.4:0.02909;4.A.2.a.4.f.2:0.03036;4.A.2.a.4.f.6:0.02932;4.A.2.b.2.a.2:0.03748;4.A.2.b.2.a.6:0.20288;4.A.2.b.2.a.7:0.03740;4.A.2.b.2.i.1:0.02829;4.A.2.b.3.a.12:0.06320;4.A.3.a.1.p.3:0.01950;4.A.3.a.2.i.1:0.03324;4.A.3.b.6.f.4:0.01858;4.A.3.b.6.k.4:0.03680;4.A.4.a.2.d.1:0.03004;4.A.4.a.2.d.4:0.03356;4.A.4.a.2.d.5:0.03332;4.A.4.a.3.b.1:0.02980;4.A.4.a.5.b.1:0.07343;4.A.4.a.5.g.3:0.03060;4.A.4.a.8.a.3:0.01950;4.A.4.b.2.a.4:0.03875;4.A.4.b.4.a.14:0.02917
29-1131.00	Veterinarians	兽医	5	21	4.A.1.a.1.s.1:0.08691;4.A.1.b.2.i.3:0.10071;4.A.2.a.4.f.3:0.02583;4.A.2.a.4.f.4:0.03695;4.A.2.b.1.d.11:0.04482;4.A.2.b.2.a.2:0.04003;4.A.2.b.3.a.12:0.07368;4.A.2.b.3.a.16:0.02521;4.A.2.b.5.c.2:0.01380;4.A.3.a.2.al.1:0.05201;4.A.3.a.3.d.4:0.02583;4.A.3.b.6.k.2:0.01380;4.A.4.a.3.b.1:0.05087;4.A.4.a.5.c.7:0.05360;4.A.4.a.5.d.4:0.04323;4.A.4.a.5.l.2:0.01802;4.A.4.a.5.l.3:0.01802;4.A.4.a.5.l.5:0.04859;4.A.4.b.3.f.8:0.02338;4.A.4.b.4.a.11:0.02338;4.A.4.b.4.j.38:0.05007;4.A.4.b.6.a.1:0.04881;4.A.4.b.6.j.5:0.05064;4.A.4.c.1.a.6:0.01380;4.A.4.c.3.f.3:0.01802
29-1141.00	Registered Nurses	注册护士	4	27	4.A.1.a.1.s.1:0.02971;4.A.1.a.2.e.1:0.01928;4.A.1.a.2.e.3:0.01928;4.A.1.a.2.e.5:0.01837;4.A.1.a.2.e.7:0.03376;4.A.1.b.2.a.8:0.03744;4.A.1.b.2.i.3:0.01144;4.A.2.a.1.a.2:0.03639;4.A.2.a.1.f.3:0.03770;4.A.2.a.4.f.3:0.01915;4.A.2.b.1.f.2:0.01144;4.A.2.b.2.n.3:0.05433;4.A.3.a.2.k.1:0.01889;4.A.3.b.6.k.2:0.04074;4.A.3.b.6.k.4:0.05452;4.A.4.a.2.d.1:0.04366;4.A.4.a.2.d.5:0.03891;4.A.4.a.3.b.1:0.01889;4.A.4.a.5.a.2:0.03440;4.A.4.a.5.c.3:0.03622;4.A.4.a.5.c.6:0.02041;4.A.4.a.5.c.7:0.01980;4.A.4.a.5.g.3:0.01144;4.A.4.a.5.k.5:0.01763;4.A.4.a.5.k.7:0.01763;4.A.4.a.5.l.2:0.01980;4.A.4.b.3.f.11:0.03553;4.A.4.b.4.a.12:0.01837;4.A.4.b.4.a.14:0.03874;4.A.4.b.4.j.23:0.01902;4.A.4.b.4.j.38:0.03839;4.A.4.b.6.f.1:0.01902;4.A.4.b.6.f.2:0.03344;4.A.4.c.3.a.2:0.01889;4.A.4.c.3.b.1:0.01915;4.A.4.c.3.f.3:0.01911;4.A.4.c.3.f.4:0.01911
29-1141.01	Acute Care Nurses	急症护理护士	4	27	4.A.1.a.2.e.1:0.01918;4.A.1.a.2.e.3:0.01926;4.A.1.a.2.e.7:0.01930;4.A.2.a.1.a.2:0.03733;4.A.2.a.1.f.2:0.03239;4.A.2.a.1.f.4:0.03358;4.A.2.a.4.f.2:0.04083;4.A.2.a.4.f.3:0.05642;4.A.2.b.1.f.2:0.07458;4.A.2.b.3.a.12:0.03529;4.A.3.a.2.al.1:0.03852;4.A.3.a.2.k.1:0.01973;4.A.3.a.2.x.1:0.03997;4.A.3.a.3.d.3:0.01973;4.A.3.b.2.f.2:0.03205;4.A.3.b.6.k.4:0.03895;4.A.4.a.1.e.1:0.07637;4.A.4.a.2.d.5:0.07432;4.A.4.a.5.a.2:0.03563;4.A.4.a.5.c.3:0.01926;4.A.4.a.5.c.9:0.01930;4.A.4.a.5.g.3:0.04091;4.A.4.a.5.l.2:0.03546;4.A.4.b.3.f.8:0.03494;4.A.4.b.6.a.5:0.03111;4.A.4.c.1.a.3:0.03861;4.A.4.c.3.b.1:0.01781;4.A.4.c.3.f.3:0.01918
29-1141.02	Advanced Practice Psychiatric Nurses	高级精神科执业护士	5	24	4.A.1.a.2.e.1:0.04841;4.A.1.b.2.i.3:0.03556;4.A.2.a.1.f.2:0.04891;4.A.2.a.4.f.2:0.07187;4.A.2.a.4.f.3:0.03845;4.A.2.b.1.f.2:0.07227;4.A.2.b.2.a.2:0.04682;4.A.2.b.2.n.3:0.03277;4.A.2.b.3.a.12:0.04373;4.A.3.b.2.f.2:0.03576;4.A.3.b.6.k.4:0.04851;4.A.4.a.1.e.5:0.04851;4.A.4.a.2.d.5:0.12531;4.A.4.a.5.a.2:0.04154;4.A.4.a.5.b.1:0.04393;4.A.4.a.5.c.2:0.03486;4.A.4.a.5.c.5:0.01743;4.A.4.a.5.c.8:0.03546;4.A.4.b.2.a.2:0.01743;4.A.4.b.3.f.9:0.02749;4.A.4.c.3.a.2:0.03656;4.A.4.c.3.f.3:0.04841
29-1141.03	Critical Care Nurses	重症监护护士	4	29	4.A.1.a.2.e.1:0.07729;4.A.1.a.2.e.7:0.05403;4.A.1.a.2.e.8:0.01612;4.A.1.b.2.a.1:0.03832;4.A.1.b.2.g.21:0.03372;4.A.1.b.2.i.1:0.00930;4.A.1.b.2.j.7:0.01300;4.A.2.a.1.a.2:0.03454;4.A.2.a.1.f.2:0.03192;4.A.2.a.4.f.3:0.07959;4.A.2.b.2.a.2:0.06982;4.A.2.b.3.a.12:0.03044;4.A.3.a.2.al.1:0.03676;4.A.3.a.2.k.1:0.01821;4.A.3.a.3.d.3:0.03524;4.A.3.a.3.d.4:0.01702;4.A.3.b.2.f.2:0.02839;4.A.3.b.4.f.1:0.01300;4.A.3.b.6.k.4:0.07097;4.A.4.a.1.e.2:0.01403;4.A.4.a.2.d.2:0.01403;4.A.4.a.2.d.5:0.03741;4.A.4.a.5.c.2:0.00930;4.A.4.a.5.c.5:0.00930;4.A.4.a.5.c.6:0.01973;4.A.4.a.5.c.8:0.01973;4.A.4.a.5.c.9:0.01801;4.A.4.a.5.g.3:0.01990;4.A.4.a.5.k.5:0.03397;4.A.4.b.2.a.4:0.03585;4.A.4.b.3.f.6:0.01362;4.A.4.b.3.f.8:0.01362;4.A.4.b.4.a.14:0.03380
29-1141.04	Clinical Nurse Specialists	临床专科护士	5	30	4.A.1.a.1.l.2:0.01761;4.A.1.a.1.s.1:0.01621;4.A.1.a.2.e.7:0.01740;4.A.1.a.2.k.11:0.01621;4.A.1.b.2.i.3:0.01761;4.A.2.a.1.b.1:0.01777;4.A.2.a.1.b.4:0.01777;4.A.2.a.1.f.2:0.01740;4.A.2.a.3.d.2:0.03792;4.A.2.a.4.f.2:0.01518;4.A.2.b.1.f.2:0.01732;4.A.2.b.2.a.2:0.07288;4.A.2.b.2.l.8:0.03242;4.A.2.b.3.a.12:0.03833;4.A.3.b.2.f.13:0.03439;4.A.3.b.2.f.2:0.10612;4.A.3.b.6.f.4:0.02503;4.A.4.a.1.e.1:0.03119;4.A.4.a.2.d.5:0.03858;4.A.4.a.5.l.2:0.03866;4.A.4.b.2.a.5:0.03480;4.A.4.b.3.b.2:0.03012;4.A.4.b.3.f.8:0.10399;4.A.4.b.4.a.14:0.05860;4.A.4.b.4.j.38:0.06229;4.A.4.b.6.f.1:0.06689;4.A.4.c.3.f.3:0.01732
29-1151.00	Nurse Anesthetists	麻醉护士	5	24	4.A.1.a.1.l.2:0.01425;4.A.1.a.2.e.7:0.06677;4.A.1.b.2.g.21:0.02133;4.A.1.b.2.i.3:0.01425;4.A.2.a.4.f.2:0.04349;4.A.2.a.4.f.3:0.02067;4.A.2.b.1.j.8:0.01459;4.A.2.b.2.a.2:0.04330;4.A.2.b.3.a.12:0.03828;4.A.3.a.1.a.7:0.02884;4.A.3.a.1.i.3:0.03399;4.A.3.a.2.al.1:0.03977;4.A.3.a.2.k.1:0.01459;4.A.3.a.3.d.3:0.02016;4.A.3.a.3.d.4:0.02067;4.A.3.b.4.f.1:0.05895;4.A.3.b.6.k.4:0.01425;4.A.4.a.2.d.5:0.02123;4.A.4.a.5.c.2:0.02016;4.A.4.a.5.c.3:0.05774;4.A.4.a.5.c.8:0.08591;4.A.4.a.5.c.9:0.03604;4.A.4.a.5.g.3:0.01527;4.A.4.a.5.g.4:0.06146;4.A.4.b.3.f.8:0.03483;4.A.4.c.1.a.3:0.08205;4.A.4.c.3.f.3:0.07716
29-1161.00	Nurse Midwives	助产护士	5	21	4.A.1.a.1.s.1:0.03689;4.A.1.b.2.a.7:0.02482;4.A.1.b.2.i.3:0.05095;4.A.1.b.2.i.5:0.02613;4.A.2.a.4.f.3:0.02534;4.A.2.b.2.a.2:0.05132;4.A.2.b.3.a.12:0.04588;4.A.3.b.2.f.2:0.04243;4.A.3.b.6.f.4:0.02456;4.A.3.b.6.k.4:0.10169;4.A.4.a.1.e.5:0.05100;4.A.4.a.2.d.1:0.02456;4.A.4.a.2.d.5:0.02325;4.A.4.a.5.a.2:0.02325;4.A.4.a.5.c.2:0.08758;4.A.4.a.5.c.4:0.10107;4.A.4.a.5.g.3:0.05038;4.A.4.b.3.f.10:0.02205;4.A.4.b.3.f.6:0.01918;4.A.4.b.3.f.8:0.04123;4.A.4.b.6.a.1:0.04975;4.A.4.c.3.b.1:0.02534;4.A.4.c.3.f.3:0.05132
29-1171.00	Nurse Practitioners	执业护士	5	27	4.A.1.a.2.e.7:0.03851;4.A.1.b.2.i.3:0.03638;4.A.2.a.3.d.2:0.03606;4.A.2.a.4.f.3:0.05197;4.A.2.b.1.f.2:0.05813;4.A.2.b.2.a.2:0.03982;4.A.2.b.3.a.12:0.10531;4.A.2.b.5.c.2:0.03638;4.A.3.a.3.d.4:0.01256;4.A.3.b.6.k.4:0.04014;4.A.4.a.1.e.1:0.03949;4.A.4.a.2.d.5:0.01848;4.A.4.a.5.a.2:0.03687;4.A.4.a.5.c.11:0.01142;4.A.4.a.5.c.7:0.01142;4.A.4.a.5.g.3:0.01954;4.A.4.a.5.l.2:0.04903;4.A.4.a.5.l.7:0.01938;4.A.4.a.6.a.1:0.03458;4.A.4.b.3.f.5:0.03753;4.A.4.b.4.a.14:0.03131;4.A.4.b.6.a.1:0.03696;4.A.4.b.6.a.4:0.03769;4.A.4.b.6.a.5:0.03197;4.A.4.c.3.b.1:0.01256;4.A.4.c.3.f.1:0.03867;4.A.4.c.3.f.3:0.07784
29-1181.00	Audiologists	听力学家	5	22	4.A.1.a.1.s.1:0.02132;4.A.1.a.2.e.1:0.04924;4.A.1.b.2.a.3:0.01695;4.A.1.b.2.e.5:0.01972;4.A.1.b.2.i.3:0.03954;4.A.2.a.4.f.3:0.05180;4.A.2.b.2.a.2:0.02206;4.A.2.b.2.i.1:0.01956;4.A.2.b.3.a.12:0.04605;4.A.3.a.2.x.1:0.05137;4.A.3.a.3.d.3:0.01695;4.A.3.b.1.f.3:0.04487;4.A.3.b.6.c.10:0.02132;4.A.3.b.6.k.4:0.05276;4.A.4.a.2.d.5:0.06576;4.A.4.a.3.b.1:0.04018;4.A.4.a.5.a.2:0.04605;4.A.4.a.5.c.2:0.02260;4.A.4.a.6.b.1:0.03976;4.A.4.b.3.f.5:0.09742;4.A.4.b.3.f.6:0.01972;4.A.4.b.3.f.8:0.02206;4.A.4.b.4.a.14:0.02206;4.A.4.b.4.j.38:0.06070;4.A.4.b.6.b.1:0.04509;4.A.4.b.6.f.1:0.04509
29-1211.00	Anesthesiologists	麻醉科医师	5	20	4.A.1.a.1.s.1:0.03863;4.A.1.a.2.e.1:0.05364;4.A.1.a.2.e.7:0.05397;4.A.1.b.2.i.3:0.05519;4.A.2.b.1.f.2:0.04868;4.A.2.b.5.a.3:0.04238;4.A.3.a.3.d.5:0.02533;4.A.3.b.6.k.4:0.05408;4.A.4.a.2.d.5:0.12969;4.A.4.a.5.a.2:0.01475;4.A.4.a.5.c.2:0.02533;4.A.4.a.5.c.3:0.05453;4.A.4.a.5.g.4:0.02594;4.A.4.a.5.k.4:0.05298;4.A.4.a.5.k.7:0.02594;4.A.4.b.3.e.5:0.02395;4.A.4.b.3.f.10:0.02395;4.A.4.b.3.f.8:0.04967;4.A.4.b.4.a.14:0.05287;4.A.4.b.4.j.23:0.02539;4.A.4.b.6.a.1:0.04305;4.A.4.c.3.b.1:0.05055;4.A.4.c.3.f.1:0.01475;4.A.4.c.3.f.3:0.01475
29-1212.00	Cardiologists	心脏病科医师	5	25	4.A.1.a.1.l.2:0.02000;4.A.1.a.1.s.1:0.04000;4.A.1.a.2.e.1:0.04000;4.A.1.b.2.a.1:0.08000;4.A.1.b.2.a.5:0.04000;4.A.2.a.1.f.1:0.04000;4.A.2.a.4.f.3:0.08000;4.A.2.a.4.f.5:0.04000;4.A.2.b.2.a.2:0.02000;4.A.3.a.3.d.3:0.04000;4.A.3.a.3.d.4:0.04000;4.A.3.b.6.k.4:0.02000;4.A.4.a.1.e.3:0.02000;4.A.4.a.1.e.5:0.04000;4.A.4.a.2.d.2:0.04000;4.A.4.a.5.a.2:0.04000;4.A.4.a.5.c.10:0.04000;4.A.4.a.5.g.3:0.04000;4.A.4.a.5.l.3:0.08000;4.A.4.b.3.f.8:0.02000;4.A.4.b.4.a.14:0.02000;4.A.4.b.6.a.1:0.06000;4.A.4.b.6.f.2:0.02000;4.A.4.c.3.b.1:0.04000;4.A.4.c.3.f.3:0.04000
29-1213.00	Dermatologists	皮肤科医师	5	18	4.A.1.a.1.s.1:0.04381;4.A.1.b.2.i.3:0.06350;4.A.2.a.4.f.2:0.03784;4.A.2.b.1.f.2:0.06214;4.A.2.b.3.a.12:0.05599;4.A.3.b.6.k.4:0.06001;4.A.4.a.5.a.2:0.05353;4.A.4.a.5.l.3:0.12494;4.A.4.a.5.l.7:0.15559;4.A.4.b.3.f.8:0.05262;4.A.4.b.6.a.2:0.06169;4.A.4.b.6.f.1:0.05573;4.A.4.c.3.b.1:0.11625;4.A.4.c.3.f.3:0.05638
29-1214.00	Emergency Medicine Physicians	急诊科医师	5	17	4.A.1.a.1.l.2:0.02822;4.A.1.a.2.e.1:0.05434;4.A.1.a.2.e.7:0.02983;4.A.1.b.2.a.5:0.02058;4.A.2.a.1.f.2:0.05965;4.A.2.a.1.f.3:0.02983;4.A.2.a.1.f.4:0.02915;4.A.2.a.4.f.2:0.11683;4.A.2.a.4.f.3:0.06052;4.A.2.b.1.f.2:0.02058;4.A.3.b.6.k.4:0.02822;4.A.4.a.2.d.2:0.11523;4.A.4.a.5.a.2:0.05397;4.A.4.a.5.g.3:0.12350;4.A.4.a.5.l.3:0.06175;4.A.4.b.4.a.14:0.05842;4.A.4.b.6.a.4:0.05965;4.A.4.c.3.b.1:0.02058;4.A.4.c.3.f.3:0.02915
29-1215.00	Family Medicine Physicians	家庭医学科医师	5	12	4.A.1.a.1.l.2:0.04612;4.A.1.a.2.e.1:0.09187;4.A.2.a.4.f.3:0.04612;4.A.2.b.2.n.3:0.03567;4.A.3.b.6.f.1:0.06728;4.A.3.b.6.k.4:0.04612;4.A.4.a.1.e.5:0.09168;4.A.4.a.2.d.5:0.08299;4.A.4.a.5.a.2:0.08577;4.A.4.a.5.c.7:0.03081;4.A.4.b.3.f.8:0.05804;4.A.4.b.4.a.14:0.08614;4.A.4.b.4.j.23:0.03567;4.A.4.b.6.a.1:0.04399;4.A.4.b.6.f.2:0.04399;4.A.4.c.3.b.1:0.04612;4.A.4.c.3.f.1:0.03081;4.A.4.c.3.f.3:0.03081
29-1216.00	General Internal Medicine Physicians	普通内科医师	5	19	4.A.1.a.1.l.2:0.02717;4.A.1.a.1.s.1:0.04691;4.A.1.a.2.e.1:0.05472;4.A.2.a.4.f.3:0.05805;4.A.2.b.1.f.2:0.08407;4.A.2.b.2.n.3:0.02076;4.A.3.b.6.f.1:0.03960;4.A.3.b.6.k.4:0.02717;4.A.4.a.1.e.5:0.05677;4.A.4.a.5.a.2:0.05485;4.A.4.a.5.c.6:0.01910;4.A.4.a.5.c.7:0.05190;4.A.4.a.5.l.2:0.02858;4.A.4.a.5.l.3:0.04691;4.A.4.a.5.l.7:0.11444;4.A.4.b.4.a.14:0.04896;4.A.4.b.4.j.23:0.02076;4.A.4.b.6.a.1:0.02794;4.A.4.b.6.f.1:0.10522;4.A.4.b.6.f.2:0.02794;4.A.4.c.3.f.1:0.01910;4.A.4.c.3.f.3:0.01910
29-1217.00	Neurologists	神经科医师	5	24	4.A.1.a.1.l.2:0.04625;4.A.1.a.1.s.1:0.03284;4.A.1.a.2.e.7:0.01497;4.A.1.b.2.a.7:0.06424;4.A.1.b.2.i.3:0.04606;4.A.2.a.4.f.3:0.11016;4.A.2.b.1.f.2:0.04473;4.A.2.b.2.a.2:0.04397;4.A.2.b.3.a.12:0.03883;4.A.3.b.6.k.4:0.04369;4.A.4.a.1.e.1:0.04397;4.A.4.a.2.d.1:0.04359;4.A.4.a.2.d.5:0.04112;4.A.4.a.5.a.2:0.04064;4.A.4.a.5.c.6:0.01497;4.A.4.a.5.l.7:0.06215;4.A.4.b.3.f.8:0.03807;4.A.4.b.4.a.14:0.03512;4.A.4.b.6.a.4:0.04226;4.A.4.b.6.f.1:0.04045;4.A.4.c.3.b.1:0.02279;4.A.4.c.3.f.1:0.07414;4.A.4.c.3.f.3:0.01497
29-1218.00	Obstetricians and Gynecologists	妇产科医师	5	15	4.A.1.a.1.l.2:0.03635;4.A.1.a.1.s.1:0.05535;4.A.1.a.2.e.1:0.07044;4.A.2.a.4.f.3:0.07330;4.A.2.b.2.n.3:0.02655;4.A.3.b.6.f.1:0.05128;4.A.3.b.6.k.4:0.03635;4.A.4.a.1.e.5:0.07255;4.A.4.a.2.d.5:0.03514;4.A.4.a.5.a.2:0.06576;4.A.4.a.5.c.4:0.07345;4.A.4.a.5.c.6:0.02383;4.A.4.a.5.l.3:0.07285;4.A.4.a.5.l.7:0.07360;4.A.4.b.4.a.14:0.06259;4.A.4.b.4.j.23:0.02655;4.A.4.b.6.a.1:0.03062;4.A.4.b.6.f.1:0.03514;4.A.4.b.6.f.2:0.03062;4.A.4.c.3.f.1:0.02383;4.A.4.c.3.f.3:0.02383
29-1221.00	Pediatricians, General	普通儿科医师	5	17	4.A.1.a.1.l.2:0.03339;4.A.1.a.1.s.1:0.04116;4.A.1.a.2.e.1:0.06468;4.A.1.b.2.i.3:0.10318;4.A.2.b.2.n.3:0.05348;4.A.3.b.6.f.1:0.03864;4.A.3.b.6.k.4:0.03339;4.A.4.a.1.e.5:0.06734;4.A.4.a.5.a.2:0.06174;4.A.4.a.5.c.6:0.02310;4.A.4.a.5.l.2:0.03437;4.A.4.a.5.l.3:0.04648;4.A.4.a.5.l.7:0.03437;4.A.4.b.3.b.2:0.02513;4.A.4.b.3.f.10:0.02513;4.A.4.b.4.a.14:0.06398;4.A.4.b.4.j.23:0.05348;4.A.4.b.6.a.1:0.03388;4.A.4.b.6.f.1:0.04900;4.A.4.b.6.f.2:0.03388;4.A.4.c.3.b.1:0.03402;4.A.4.c.3.f.1:0.02310;4.A.4.c.3.f.3:0.02310
29-1222.00	Physicians, Pathologists	病理科医师	5	19	4.A.1.a.1.p.4:0.05996;4.A.1.a.1.s.1:0.02266;4.A.1.b.2.a.8:0.02555;4.A.2.a.4.f.3:0.05495;4.A.2.a.4.f.4:0.09513;4.A.2.a.4.j.1:0.11272;4.A.2.b.1.f.2:0.05713;4.A.2.b.2.i.1:0.04789;4.A.2.b.3.a.12:0.05649;4.A.3.a.2.al.1:0.05071;4.A.3.a.3.i.3:0.03158;4.A.3.b.6.c.10:0.02266;4.A.3.b.6.f.4:0.06214;4.A.4.a.2.d.4:0.06008;4.A.4.a.2.d.5:0.05559;4.A.4.a.3.a.1:0.03993;4.A.4.b.3.f.8:0.04737;4.A.4.b.4.a.15:0.04635;4.A.4.b.4.j.38:0.05110
29-1223.00	Psychiatrists	精神科医师	5	12	4.A.1.a.1.l.2:0.04510;4.A.1.a.1.s.1:0.02607;4.A.1.b.2.i.3:0.08600;4.A.2.a.4.f.3:0.08780;4.A.2.a.4.f.6:0.07740;4.A.2.b.2.a.2:0.08260;4.A.2.b.3.a.12:0.02607;4.A.3.b.6.c.10:0.02607;4.A.3.b.6.f.1:0.03660;4.A.3.b.6.f.4:0.03660;4.A.3.b.6.k.4:0.04510;4.A.4.a.1.e.5:0.08220;4.A.4.a.2.d.5:0.08920;4.A.4.a.5.b.1:0.03233;4.A.4.b.4.b.1:0.06720;4.A.4.b.6.a.4:0.08900;4.A.4.c.3.f.1:0.03233;4.A.4.c.3.f.3:0.03233
29-1224.00	Radiologists	放射科医师	5	30	4.A.1.a.1.l.1:0.01743;4.A.1.a.1.l.2:0.01743;4.A.1.a.2.b.19:0.03333;4.A.1.a.2.e.3:0.03435;4.A.1.a.2.k.5:0.03273;4.A.1.b.2.g.21:0.03333;4.A.2.a.1.f.4:0.03333;4.A.2.a.2.a.11:0.03333;4.A.2.a.2.e.4:0.03333;4.A.2.a.4.f.3:0.03515;4.A.2.a.4.f.5:0.01667;4.A.2.b.1.d.11:0.03273;4.A.2.b.2.a.2:0.03083;4.A.2.b.2.e.1:0.06295;4.A.2.b.3.a.12:0.03061;4.A.3.a.1.a.7:0.01667;4.A.3.a.3.d.4:0.01772;4.A.3.b.6.f.4:0.03587;4.A.3.b.6.k.4:0.03507;4.A.4.a.1.e.1:0.01747;4.A.4.a.1.e.5:0.03248;4.A.4.a.2.d.1:0.03450;4.A.4.a.2.d.4:0.01747;4.A.4.a.2.d.5:0.03198;4.A.4.a.5.c.10:0.03333;4.A.4.a.5.l.3:0.03399;4.A.4.b.3.f.8:0.06517;4.A.4.b.4.a.14:0.03333;4.A.4.b.4.j.38:0.03333;4.A.4.b.6.f.1:0.03333;4.A.4.c.1.e.3:0.01743;4.A.4.c.3.f.3:0.03333
29-1229.01	Allergists and Immunologists	过敏与免疫科医师	5	16	4.A.1.a.1.s.1:0.05093;4.A.1.b.2.a.2:0.02971;4.A.1.b.2.a.5:0.02971;4.A.1.b.2.i.3:0.06494;4.A.2.a.1.f.4:0.06381;4.A.2.a.4.f.3:0.06749;4.A.2.b.1.f.2:0.03403;4.A.2.b.2.a.2:0.06678;4.A.2.b.3.a.12:0.05829;4.A.3.b.6.c.10:0.04697;4.A.3.b.6.k.4:0.06735;4.A.4.a.1.e.5:0.06777;4.A.4.a.2.d.5:0.06098;4.A.4.a.5.l.7:0.10038;4.A.4.b.3.f.8:0.02773;4.A.4.b.6.f.1:0.02773;4.A.4.c.3.b.1:0.06777;4.A.4.c.3.f.3:0.06763
29-1229.02	Hospitalists	住院医师	5	14	4.A.2.a.4.f.3:0.03870;4.A.2.b.1.f.2:0.03902;4.A.2.b.2.a.2:0.07613;4.A.2.b.3.a.12:0.13751;4.A.3.b.6.f.4:0.03743;4.A.4.a.2.d.1:0.10658;4.A.4.a.5.a.2:0.07359;4.A.4.a.5.l.7:0.03902;4.A.4.b.1.g.2:0.03204;4.A.4.b.3.f.8:0.02990;4.A.4.b.4.a.14:0.10254;4.A.4.b.4.g.1:0.03204;4.A.4.b.4.j.38:0.06201;4.A.4.c.1.a.3:0.07676;4.A.4.c.3.b.1:0.03870;4.A.4.c.3.f.3:0.07803
29-1229.03	Urologists	泌尿科医师	5	14	4.A.1.a.1.l.1:0.03701;4.A.2.a.4.f.3:0.03709;4.A.2.b.1.f.2:0.02535;4.A.3.a.3.d.3:0.03639;4.A.3.a.3.d.4:0.07465;4.A.3.b.6.k.4:0.03701;4.A.4.a.5.a.2:0.06703;4.A.4.a.5.c.6:0.03701;4.A.4.a.5.l.3:0.07201;4.A.4.a.5.l.6:0.08569;4.A.4.a.5.l.7:0.13515;4.A.4.b.3.f.8:0.06610;4.A.4.b.4.a.14:0.07201;4.A.4.b.6.f.1:0.07294;4.A.4.c.3.b.1:0.03709;4.A.4.c.3.f.3:0.10747
29-1229.04	Physical Medicine and Rehabilitation Physicians	康复医学科医师	5	15	4.A.1.a.2.e.1:0.07021;4.A.1.a.2.e.7:0.03518;4.A.1.b.2.a.7:0.06468;4.A.1.b.2.i.3:0.12952;4.A.2.a.1.f.1:0.03518;4.A.2.b.1.f.2:0.03294;4.A.2.b.2.a.6:0.07126;4.A.3.b.6.k.4:0.07260;4.A.4.a.2.d.5:0.13325;4.A.4.a.5.l.2:0.03294;4.A.4.a.5.l.7:0.06991;4.A.4.b.3.f.8:0.05886;4.A.4.c.3.f.1:0.12698;4.A.4.c.3.f.4:0.06648
29-1229.05	Preventive Medicine Physicians	预防医学科医师	5	15	4.A.1.a.1.l.1:0.03484;4.A.1.a.1.p.2:0.03451;4.A.1.a.1.s.1:0.06903;4.A.2.a.4.d.2:0.03451;4.A.2.a.4.f.6:0.06837;4.A.2.b.2.a.6:0.05952;4.A.2.b.2.i.1:0.06903;4.A.2.b.2.n.2:0.03230;4.A.2.b.2.n.3:0.09526;4.A.3.b.6.c.10:0.06378;4.A.3.b.6.k.4:0.03484;4.A.4.a.3.b.1:0.12494;4.A.4.b.3.f.8:0.06640;4.A.4.b.4.a.14:0.06903;4.A.4.b.4.j.23:0.03763;4.A.4.b.4.j.38:0.10600
29-1229.06	Sports Medicine Physicians	运动医学科医师	5	27	4.A.1.a.1.s.1:0.03044;4.A.1.a.2.e.1:0.01729;4.A.1.b.2.i.3:0.05429;4.A.2.a.1.f.2:0.05732;4.A.2.a.4.f.2:0.01883;4.A.2.a.4.f.3:0.02169;4.A.2.b.1.f.2:0.02186;4.A.2.b.1.j.8:0.01041;4.A.2.b.2.a.3:0.01430;4.A.2.b.2.p.1:0.03853;4.A.2.b.3.a.12:0.03493;4.A.3.a.1.a.7:0.01041;4.A.3.a.2.k.1:0.01041;4.A.3.b.6.k.4:0.06176;4.A.4.a.1.e.5:0.03607;4.A.4.a.2.d.5:0.03818;4.A.4.a.5.a.2:0.04188;4.A.4.a.5.l.2:0.01352;4.A.4.a.5.l.7:0.05421;4.A.4.b.4.a.12:0.01729;4.A.4.b.6.a.1:0.04152;4.A.4.b.6.a.4:0.03000;4.A.4.b.6.f.4:0.17714;4.A.4.b.6.f.5:0.03928;4.A.4.c.3.b.1:0.02169;4.A.4.c.3.f.1:0.01430;4.A.4.c.3.f.3:0.03853;4.A.4.c.3.f.4:0.03396
29-1241.00	Ophthalmologists, Except Pediatric	眼科医师（不含儿科）	5	18	4.A.1.a.1.s.1:0.03317;4.A.1.a.2.e.3:0.06003;4.A.1.b.2.a.4:0.06066;4.A.2.a.4.f.3:0.02888;4.A.2.b.1.f.2:0.03001;4.A.2.b.2.a.2:0.11892;4.A.3.b.6.k.4:0.05801;4.A.4.a.2.d.5:0.05473;4.A.4.a.5.a.2:0.05649;4.A.4.a.5.c.6:0.02976;4.A.4.a.5.l.3:0.11551;4.A.4.a.5.l.7:0.03001;4.A.4.b.3.f.8:0.04313;4.A.4.b.6.a.1:0.05801;4.A.4.b.6.f.1:0.05687;4.A.4.c.3.b.1:0.02888;4.A.4.c.3.f.1:0.05334;4.A.4.c.3.f.3:0.02976;4.A.4.c.3.f.4:0.05385
29-1242.00	Orthopedic Surgeons, Except Pediatric	骨科医师（不含儿科）	5	15	4.A.1.a.1.s.1:0.06667;4.A.1.b.2.i.3:0.06667;4.A.2.a.3.d.2:0.06667;4.A.2.a.4.f.2:0.06667;4.A.2.a.4.f.3:0.03333;4.A.2.b.1.f.2:0.05556;4.A.2.b.5.c.2:0.02222;4.A.3.a.1.i.1:0.06667;4.A.3.b.6.k.4:0.06667;4.A.4.a.5.a.2:0.06667;4.A.4.a.5.k.6:0.03333;4.A.4.a.5.l.3:0.08889;4.A.4.a.5.l.7:0.03333;4.A.4.b.4.a.14:0.06667;4.A.4.b.4.j.38:0.02222;4.A.4.b.6.f.1:0.03333;4.A.4.c.3.b.1:0.03333;4.A.4.c.3.e.7:0.02222;4.A.4.c.3.f.1:0.03333;4.A.4.c.3.f.3:0.05556
29-1243.00	Pediatric Surgeons	小儿外科医师	5	18	4.A.1.a.1.s.1:0.05556;4.A.1.a.2.e.1:0.05556;4.A.1.b.2.i.3:0.08333;4.A.2.a.3.d.2:0.05556;4.A.2.a.4.f.2:0.05556;4.A.2.a.4.f.3:0.05556;4.A.2.b.1.f.2:0.02778;4.A.2.b.5.c.2:0.01852;4.A.3.a.1.i.1:0.05556;4.A.3.b.6.k.4:0.05556;4.A.4.a.1.e.2:0.02778;4.A.4.a.1.e.5:0.02778;4.A.4.a.2.d.2:0.05556;4.A.4.a.5.a.2:0.05556;4.A.4.a.5.k.6:0.02778;4.A.4.a.5.l.3:0.11111;4.A.4.b.4.a.14:0.05556;4.A.4.b.4.j.38:0.01852;4.A.4.b.6.f.1:0.02778;4.A.4.c.3.e.7:0.01852;4.A.4.c.3.f.1:0.02778;4.A.4.c.3.f.3:0.02778
29-1291.00	Acupuncturists	针灸师	5	18	4.A.1.a.1.l.2:0.05913;4.A.1.b.2.i.3:0.05487;4.A.2.a.1.f.3:0.02957;4.A.2.a.1.f.4:0.05362;4.A.2.a.3.d.2:0.12403;4.A.2.a.4.f.3:0.05487;4.A.2.b.2.a.6:0.06126;4.A.3.a.1.a.7:0.04660;4.A.3.b.6.k.4:0.05788;4.A.4.a.5.b.5:0.04823;4.A.4.a.5.l.8:0.27487;4.A.4.b.3.f.5:0.05588;4.A.4.b.6.a.4:0.04961;4.A.4.c.3.f.1:0.02957
29-1292.00	Dental Hygienists	牙科保健师	3	16	4.A.1.b.2.i.4:0.16771;4.A.2.b.3.a.18:0.03265;4.A.2.b.3.a.5:0.03265;4.A.2.b.5.c.1:0.03207;4.A.2.b.5.c.2:0.03207;4.A.3.a.1.i.1:0.03258;4.A.3.a.2.q.3:0.04009;4.A.3.a.3.d.1:0.06574;4.A.3.a.3.d.3:0.03491;4.A.3.b.4.f.1:0.03258;4.A.3.b.6.k.4:0.13761;4.A.4.a.5.c.3:0.05714;4.A.4.a.5.l.4:0.19082;4.A.4.b.4.j.23:0.04344;4.A.4.b.6.a.1:0.06793
29-1299.01	Naturopathic Physicians	自然疗法医师	5	20	4.A.1.a.1.l.1:0.04846;4.A.1.a.1.l.2:0.05806;4.A.1.b.2.i.3:0.05842;4.A.2.a.4.f.3:0.02825;4.A.2.b.1.f.2:0.02825;4.A.2.b.3.a.12:0.09393;4.A.3.a.2.al.1:0.04403;4.A.3.b.6.f.1:0.03947;4.A.3.b.6.k.4:0.05950;4.A.4.a.2.d.5:0.02615;4.A.4.a.5.a.2:0.05170;4.A.4.a.5.b.5:0.04355;4.A.4.a.5.c.6:0.02903;4.A.4.a.5.c.7:0.04631;4.A.4.a.5.l.2:0.03887;4.A.4.a.5.l.3:0.03995;4.A.4.a.5.l.8:0.05278;4.A.4.b.6.a.1:0.05854;4.A.4.b.6.a.5:0.05854;4.A.4.c.3.b.1:0.02555;4.A.4.c.3.f.3:0.07066
29-1299.02	Orthoptists	视觉矫正师	5	16	4.A.1.a.1.s.1:0.04967;4.A.1.b.2.a.4:0.15263;4.A.1.b.2.i.3:0.03684;4.A.2.a.4.f.3:0.06909;4.A.2.b.1.f.2:0.03706;4.A.2.b.2.a.2:0.07146;4.A.2.b.2.i.1:0.06494;4.A.3.b.6.c.10:0.04403;4.A.3.b.6.f.4:0.05797;4.A.4.a.1.e.5:0.06968;4.A.4.a.2.d.5:0.06108;4.A.4.a.5.a.2:0.06538;4.A.4.a.5.k.5:0.04818;4.A.4.a.5.l.7:0.10941;4.A.4.b.3.f.8:0.06256
29-2011.00	Medical and Clinical Laboratory Technologists	医学检验技师	4	15	4.A.2.a.4.j.1:0.19555;4.A.2.a.4.j.4:0.06978;4.A.2.b.1.d.11:0.06211;4.A.2.b.2.e.1:0.06834;4.A.3.a.1.i.3:0.02288;4.A.3.a.2.al.1:0.12495;4.A.3.a.2.au.1:0.02152;4.A.3.a.2.au.2:0.12142;4.A.3.a.2.k.1:0.02288;4.A.3.a.3.i.3:0.03424;4.A.3.b.1.f.3:0.06906;4.A.3.b.4.f.2:0.05712;4.A.4.a.1.e.1:0.03142;4.A.4.a.2.d.4:0.03142;4.A.4.b.3.f.8:0.03366;4.A.4.b.4.a.15:0.03366
29-2011.01	Cytogenetic Technologists	细胞遗传学技师	4	30	4.A.1.a.2.k.11:0.01675;4.A.1.b.2.a.8:0.03474;4.A.2.a.4.j.1:0.12443;4.A.2.b.1.d.11:0.16133;4.A.2.b.2.e.1:0.01675;4.A.3.a.2.al.1:0.03583;4.A.3.a.2.au.2:0.20842;4.A.3.a.3.d.2:0.03327;4.A.3.a.3.i.3:0.03481;4.A.3.b.1.f.3:0.06896;4.A.3.b.4.f.2:0.03108;4.A.3.b.6.f.1:0.01737;4.A.3.b.6.f.4:0.01737;4.A.3.b.6.k.2:0.03167;4.A.3.b.6.l.6:0.01280;4.A.4.a.1.e.1:0.01616;4.A.4.a.2.d.1:0.01773;4.A.4.a.2.d.4:0.08088;4.A.4.b.3.f.8:0.01280;4.A.4.b.4.a.15:0.02684
29-2011.02	Cytotechnologists	细胞学技师	5	13	4.A.1.a.2.k.5:0.04161;4.A.1.b.2.a.8:0.08409;4.A.2.a.2.e.4:0.08723;4.A.2.a.3.d.2:0.04161;4.A.2.a.4.j.1:0.17149;4.A.2.b.3.a.12:0.06455;4.A.3.a.2.au.2:0.11689;4.A.3.a.2.i.9:0.02408;4.A.3.b.4.f.2:0.02408;4.A.3.b.4.f.4:0.02408;4.A.4.a.2.d.4:0.16888;4.A.4.a.5.k.5:0.08165;4.A.4.b.4.a.15:0.06978
29-2011.04	Histotechnologists	组织学技师	4	16	4.A.1.b.2.a.8:0.06540;4.A.2.a.4.j.1:0.05677;4.A.2.a.4.j.4:0.06277;4.A.3.a.1.a.7:0.06437;4.A.3.a.2.al.1:0.06964;4.A.3.a.2.au.2:0.25925;4.A.3.a.3.i.3:0.11602;4.A.3.b.4.f.2:0.06335;4.A.3.b.6.h.24:0.06554;4.A.4.b.3.f.8:0.05369;4.A.4.b.4.a.15:0.05560;4.A.4.c.3.c.8:0.06759
29-2012.00	Medical and Clinical Laboratory Technicians	医学检验技术员	3	14	4.A.1.b.2.a.8:0.07527;4.A.1.b.2.c.1:0.03570;4.A.1.b.2.c.3:0.01942;4.A.1.b.2.c.7:0.03570;4.A.2.a.2.a.6:0.01942;4.A.2.a.4.f.3:0.06803;4.A.2.a.4.j.1:0.09692;4.A.2.a.4.j.4:0.07414;4.A.2.a.4.l.3:0.01942;4.A.3.a.1.i.3:0.02455;4.A.3.a.2.al.1:0.09628;4.A.3.a.2.au.1:0.05640;4.A.3.a.2.au.2:0.12684;4.A.3.a.2.k.1:0.02455;4.A.3.a.3.i.3:0.02503;4.A.3.b.1.f.3:0.02503;4.A.3.b.4.f.2:0.02455;4.A.4.a.2.d.1:0.06562;4.A.4.b.3.f.8:0.03385;4.A.4.b.4.a.15:0.03385;4.A.4.b.4.g.1:0.01942
29-2012.01	Histology Technicians	组织学技术员	3	8	4.A.3.a.2.al.1:0.13736;4.A.3.a.2.au.2:0.52473;4.A.3.a.2.h.3:0.11209;4.A.3.a.3.i.3:0.11374;4.A.3.b.4.f.2:0.11209
29-2031.00	Cardiovascular Technologists and Technicians	心血管技师与技术员	3	21	4.A.1.a.1.l.2:0.02446;4.A.1.a.2.a.12:0.09846;4.A.1.a.2.e.7:0.07374;4.A.1.b.2.a.1:0.02557;4.A.1.b.2.g.21:0.01454;4.A.2.a.4.f.3:0.04997;4.A.2.a.4.f.5:0.04891;4.A.2.b.5.c.2:0.01274;4.A.3.a.2.i.9:0.04722;4.A.3.a.2.k.1:0.01468;4.A.3.a.3.d.3:0.06460;4.A.3.a.3.d.4:0.04891;4.A.3.b.4.f.1:0.01454;4.A.3.b.4.f.4:0.01454;4.A.3.b.6.f.4:0.02409;4.A.3.b.6.k.4:0.02446;4.A.4.a.1.e.5:0.04987;4.A.4.a.2.d.1:0.03909;4.A.4.a.5.c.10:0.04839;4.A.4.a.5.k.4:0.04870;4.A.4.a.5.k.6:0.04913;4.A.4.a.5.k.7:0.02435;4.A.4.a.5.k.8:0.04987;4.A.4.b.3.f.8:0.01980;4.A.4.b.4.a.14:0.01980;4.A.4.c.1.a.6:0.03683;4.A.4.c.3.e.7:0.01274
29-2032.00	Diagnostic Medical Sonographers	医学超声诊断技师	3	19	4.A.1.a.1.l.1:0.02686;4.A.1.a.1.q.3:0.02289;4.A.1.a.2.a.12:0.02765;4.A.1.a.2.e.7:0.05507;4.A.1.b.2.g.21:0.01698;4.A.2.a.4.f.3:0.05429;4.A.2.b.5.c.2:0.01709;4.A.3.a.1.i.3:0.01698;4.A.3.a.2.i.9:0.05518;4.A.3.a.2.k.1:0.01556;4.A.3.a.3.d.1:0.02787;4.A.3.a.3.d.2:0.08098;4.A.3.a.3.d.4:0.08098;4.A.3.b.4.f.4:0.01698;4.A.3.b.6.f.1:0.02787;4.A.3.b.6.k.2:0.01709;4.A.3.b.6.k.4:0.07992;4.A.3.b.6.o.3:0.02289;4.A.4.a.1.e.5:0.01791;4.A.4.a.2.d.4:0.05507;4.A.4.a.2.d.5:0.02686;4.A.4.a.5.g.3:0.02407;4.A.4.a.5.g.4:0.02407;4.A.4.a.5.k.4:0.04544;4.A.4.a.5.k.6:0.02686;4.A.4.a.5.k.7:0.01791;4.A.4.b.3.f.8:0.02524;4.A.4.b.4.a.14:0.02524;4.A.4.c.1.a.6:0.01709;4.A.4.c.3.a.2:0.01556;4.A.4.c.3.e.7:0.01556
29-2033.00	Nuclear Medicine Technologists	核医学技师	3	17	4.A.1.a.1.l.1:0.05929;4.A.1.a.2.b.19:0.03048;4.A.1.b.2.g.21:0.06110;4.A.2.a.3.d.2:0.06110;4.A.2.a.4.f.5:0.03081;4.A.2.b.1.d.11:0.04392;4.A.3.a.1.a.7:0.03061;4.A.3.a.2.au.2:0.05696;4.A.3.a.2.i.9:0.02900;4.A.3.a.3.d.1:0.12335;4.A.3.a.3.d.2:0.03139;4.A.3.a.3.d.4:0.03139;4.A.3.a.3.i.3:0.05670;4.A.3.b.4.f.2:0.05903;4.A.3.b.6.k.4:0.06155;4.A.4.a.1.e.5:0.06122;4.A.4.a.5.c.10:0.06342;4.A.4.a.5.k.4:0.02900;4.A.4.b.3.f.8:0.02448;4.A.4.b.4.a.14:0.02448;4.A.4.c.1.a.3:0.03074
29-2034.00	Radiologic Technologists and Technicians	放射技师与技术员	3	30	4.A.1.a.1.l.2:0.03380;4.A.1.a.2.e.7:0.03519;4.A.1.a.2.k.5:0.03523;4.A.1.b.2.g.21:0.03583;4.A.2.a.2.a.11:0.05239;4.A.2.a.4.f.2:0.03553;4.A.2.b.5.c.2:0.01433;4.A.3.a.1.a.7:0.03591;4.A.3.a.1.m.2:0.03018;4.A.3.a.2.i.9:0.02938;4.A.3.a.2.k.1:0.04541;4.A.3.a.3.d.1:0.03613;4.A.3.a.3.d.2:0.01686;4.A.3.a.3.d.4:0.15476;4.A.3.b.1.f.3:0.03214;4.A.3.b.6.f.4:0.01795;4.A.3.b.6.k.2:0.06450;4.A.3.b.6.k.4:0.01795;4.A.4.a.1.e.5:0.01867;4.A.4.a.2.d.1:0.01652;4.A.4.a.2.d.5:0.03131;4.A.4.a.5.i.2:0.03018;4.A.4.a.5.k.4:0.01184;4.A.4.a.5.k.5:0.03297;4.A.4.b.3.f.8:0.06110;4.A.4.b.4.a.14:0.03100;4.A.4.b.4.j.38:0.02859;4.A.4.c.1.a.6:0.01433
29-2035.00	Magnetic Resonance Imaging Technologists	磁共振成像技师	3	24	4.A.1.a.1.b.10:0.01563;4.A.1.a.1.b.8:0.01563;4.A.1.a.1.l.2:0.09126;4.A.1.b.2.g.21:0.04267;4.A.2.a.2.a.11:0.04314;4.A.2.a.3.d.2:0.01563;4.A.2.b.1.j.8:0.02265;4.A.2.b.5.c.2:0.03048;4.A.3.a.3.d.1:0.03611;4.A.3.a.3.d.2:0.04605;4.A.3.a.3.d.3:0.03864;4.A.3.a.3.d.4:0.10622;4.A.3.b.1.b.2:0.02120;4.A.3.b.1.f.1:0.02120;4.A.3.b.4.f.1:0.04080;4.A.3.b.4.f.4:0.03920;4.A.3.b.6.f.4:0.04136;4.A.4.a.1.e.5:0.04136;4.A.4.a.2.d.5:0.04136;4.A.4.a.5.c.10:0.04286;4.A.4.a.5.j.3:0.02265;4.A.4.a.5.k.4:0.04474;4.A.4.a.5.k.7:0.06054;4.A.4.b.3.f.8:0.04155;4.A.4.c.3.a.2:0.03705
29-2036.00	Medical Dosimetrists	医学剂量师	4	19	4.A.1.a.1.l.2:0.02186;4.A.1.a.1.s.1:0.04985;4.A.1.a.1.t.8:0.01895;4.A.1.a.2.b.3:0.01226;4.A.1.a.2.e.3:0.02186;4.A.2.a.3.d.1:0.03033;4.A.2.a.4.f.1:0.07824;4.A.2.a.4.f.5:0.07824;4.A.2.b.2.a.1:0.08683;4.A.3.a.2.i.4:0.01226;4.A.3.a.2.i.5:0.01226;4.A.3.a.2.i.6:0.01226;4.A.3.a.2.i.9:0.03033;4.A.3.a.2.q.2:0.02369;4.A.3.a.2.q.3:0.07348;4.A.3.a.3.d.1:0.01883;4.A.3.a.3.d.2:0.05834;4.A.3.a.3.d.4:0.05834;4.A.3.b.6.k.3:0.02723;4.A.3.b.6.k.5:0.02723;4.A.4.a.2.b.1:0.01485;4.A.4.a.2.c.1:0.01485;4.A.4.a.2.d.3:0.01485;4.A.4.a.5.c.10:0.02022;4.A.4.b.3.f.10:0.04029;4.A.4.b.3.f.8:0.02281;4.A.4.b.4.a.15:0.01929;4.A.4.b.6.a.1:0.02104;4.A.4.b.6.a.4:0.02104;4.A.4.b.6.b.1:0.04067;4.A.4.b.6.f.1:0.01748
29-2042.00	Emergency Medical Technicians	急救医疗技术员	3	12	4.A.1.a.2.e.1:0.02778;4.A.2.a.4.f.2:0.08333;4.A.2.b.3.a.12:0.08333;4.A.3.a.1.i.1:0.08333;4.A.3.a.4.a.3:0.08333;4.A.3.b.4.f.1:0.04167;4.A.3.b.6.k.4:0.02778;4.A.4.a.2.d.1:0.11111;4.A.4.a.2.d.5:0.08333;4.A.4.a.5.g.3:0.16667;4.A.4.a.5.k.4:0.08333;4.A.4.b.2.a.4:0.08333;4.A.4.c.3.a.2:0.04167
29-2043.00	Paramedics	急救护理员	3	13	4.A.1.a.2.e.1:0.02501;4.A.2.a.4.f.2:0.07888;4.A.2.b.3.a.12:0.07504;4.A.3.a.3.d.3:0.03909;4.A.3.b.6.k.4:0.02501;4.A.4.a.2.d.1:0.02501;4.A.4.a.2.d.5:0.14939;4.A.4.a.5.c.6:0.06396;4.A.4.a.5.c.8:0.06396;4.A.4.a.5.g.3:0.22653;4.A.4.a.5.g.4:0.08010;4.A.4.b.2.a.4:0.07818;4.A.4.b.3.f.10:0.03490;4.A.4.b.3.f.8:0.03490
29-2051.00	Dietetic Technicians	营养技术员	3	13	4.A.1.a.1.l.2:0.02759;4.A.1.a.1.s.1:0.07330;4.A.1.a.2.e.1:0.02825;4.A.1.a.2.e.8:0.02825;4.A.1.b.3.b.4:0.04001;4.A.2.a.1.f.2:0.02759;4.A.2.a.4.f.2:0.02759;4.A.2.b.1.h.7:0.04001;4.A.2.b.2.v.1:0.03974;4.A.2.b.2.v.2:0.03974;4.A.4.a.2.d.1:0.02825;4.A.4.a.2.d.3:0.03720;4.A.4.a.2.d.5:0.03720;4.A.4.a.3.b.1:0.07039;4.A.4.a.5.a.2:0.07694;4.A.4.b.3.f.8:0.06893;4.A.4.b.4.a.11:0.08112;4.A.4.b.4.j.35:0.18780;4.A.4.b.6.a.1:0.04011
29-2052.00	Pharmacy Technicians	药剂技术员	3	21	4.A.2.a.2.e.4:0.02602;4.A.3.a.1.a.7:0.16567;4.A.3.a.1.i.1:0.01556;4.A.3.a.1.i.3:0.01556;4.A.3.a.1.j.5:0.02335;4.A.3.b.1.f.10:0.02543;4.A.3.b.1.f.3:0.04878;4.A.3.b.1.f.6:0.02543;4.A.3.b.4.f.1:0.01556;4.A.3.b.6.k.4:0.05044;4.A.4.a.3.b.8:0.02426;4.A.4.a.3.c.8:0.02426;4.A.4.a.6.b.1:0.07700;4.A.4.b.4.j.29:0.02335;4.A.4.c.1.a.6:0.12240;4.A.4.c.1.c.1:0.02415;4.A.4.c.1.c.11:0.02415;4.A.4.c.1.c.3:0.07512;4.A.4.c.3.a.2:0.14650;4.A.4.c.3.a.4:0.02351;4.A.4.c.3.g.1:0.02351
29-2053.00	Psychiatric Technicians	精神科技术员	3	16	4.A.1.a.1.l.2:0.06058;4.A.1.b.2.i.3:0.02108;4.A.3.a.1.m.2:0.05793;4.A.3.a.3.d.3:0.02108;4.A.3.b.6.k.2:0.03258;4.A.3.b.6.k.4:0.02108;4.A.4.a.2.d.1:0.06338;4.A.4.a.2.d.5:0.02044;4.A.4.a.5.b.1:0.10068;4.A.4.a.5.c.6:0.03383;4.A.4.a.5.c.8:0.03383;4.A.4.a.5.i.2:0.06162;4.A.4.a.5.k.4:0.06604;4.A.4.a.5.k.5:0.02044;4.A.4.a.5.l.1:0.05538;4.A.4.b.2.a.4:0.06324;4.A.4.b.2.a.6:0.06633;4.A.4.b.3.f.8:0.05808;4.A.4.b.3.f.9:0.05970;4.A.4.c.1.a.6:0.05012;4.A.4.c.3.a.2:0.03258
29-2055.00	Surgical Technologists	外科手术技师	3	18	4.A.1.a.2.b.2:0.02812;4.A.1.a.2.e.7:0.08008;4.A.2.a.3.d.1:0.02877;4.A.2.b.5.c.1:0.02841;4.A.2.b.5.c.2:0.02841;4.A.3.a.1.i.1:0.02907;4.A.3.a.1.i.3:0.05659;4.A.3.a.1.l.2:0.02574;4.A.3.a.1.m.2:0.02574;4.A.3.a.2.au.2:0.05647;4.A.3.a.2.i.9:0.02646;4.A.3.a.3.d.3:0.02646;4.A.3.b.6.k.4:0.05256;4.A.4.a.5.c.11:0.02806;4.A.4.a.5.k.4:0.02877;4.A.4.a.5.k.6:0.16870;4.A.4.a.5.k.8:0.08844;4.A.4.c.3.a.2:0.13916;4.A.4.c.3.e.7:0.05398
29-2056.00	Veterinary Technologists and Technicians	兽医技师与技术员	3	31	4.A.1.a.2.e.3:0.03528;4.A.1.a.2.e.7:0.05144;4.A.1.b.2.a.8:0.03484;4.A.2.b.5.c.2:0.03054;4.A.3.a.1.a.7:0.04462;4.A.3.a.1.i.1:0.01697;4.A.3.a.1.i.3:0.04966;4.A.3.a.2.al.1:0.01649;4.A.3.a.2.au.2:0.01649;4.A.3.a.2.k.1:0.03246;4.A.3.a.3.d.1:0.01638;4.A.3.a.3.d.4:0.01638;4.A.3.b.4.f.1:0.03187;4.A.3.b.6.k.2:0.06685;4.A.4.a.1.e.1:0.03276;4.A.4.a.5.c.11:0.03128;4.A.4.a.5.c.2:0.03306;4.A.4.a.5.c.3:0.01794;4.A.4.a.5.c.6:0.01156;4.A.4.a.5.c.7:0.01156;4.A.4.a.5.d.2:0.02401;4.A.4.a.5.g.3:0.03424;4.A.4.a.5.i.2:0.02676;4.A.4.a.5.k.4:0.03454;4.A.4.a.5.k.5:0.09739;4.A.4.a.5.k.7:0.03298;4.A.4.a.5.l.4:0.03380;4.A.4.a.6.b.1:0.00959;4.A.4.b.3.f.8:0.01464;4.A.4.b.4.a.14:0.01464;4.A.4.b.6.a.1:0.03017;4.A.4.c.1.a.6:0.00959;4.A.4.c.1.c.3:0.00959;4.A.4.c.3.a.2:0.01482;4.A.4.c.3.e.7:0.01482
29-2057.00	Ophthalmic Medical Technicians	眼科医学技术员	3	20	4.A.1.a.1.l.2:0.02837;4.A.1.a.2.e.3:0.04585;4.A.1.b.2.a.4:0.34034;4.A.1.b.2.i.5:0.10946;4.A.3.a.1.i.1:0.02619;4.A.3.a.1.i.3:0.02619;4.A.3.a.3.d.3:0.05140;4.A.3.b.4.f.1:0.05158;4.A.3.b.6.k.4:0.05622;4.A.4.a.5.c.6:0.05467;4.A.4.a.5.f.1:0.03106;4.A.4.a.5.k.6:0.05398;4.A.4.b.3.e.2:0.09375;4.A.4.b.6.b.1:0.03095
29-2061.00	Licensed Practical and Licensed Vocational Nurses	执业实习护士	3	22	4.A.1.a.2.e.7:0.02531;4.A.1.b.2.a.8:0.02265;4.A.1.b.2.i.5:0.02471;4.A.2.a.4.f.6:0.02357;4.A.2.b.5.c.2:0.01513;4.A.3.a.1.i.1:0.04736;4.A.3.a.1.i.3:0.03954;4.A.3.a.2.al.1:0.02265;4.A.3.a.2.k.1:0.06609;4.A.3.a.3.d.3:0.02286;4.A.3.b.6.k.2:0.01513;4.A.3.b.6.k.4:0.12007;4.A.4.a.1.e.5:0.02161;4.A.4.a.2.d.5:0.06973;4.A.4.a.3.c.11:0.02406;4.A.4.a.3.c.9:0.02406;4.A.4.a.5.b.5:0.04312;4.A.4.a.5.c.11:0.02422;4.A.4.a.5.c.2:0.02422;4.A.4.a.5.c.8:0.02433;4.A.4.a.5.i.2:0.10780;4.A.4.a.5.k.7:0.02161;4.A.4.b.3.f.5:0.02395;4.A.4.b.4.a.14:0.04779;4.A.4.b.4.j.35:0.04442;4.A.4.c.1.a.6:0.01513;4.A.4.c.3.a.2:0.01944;4.A.4.c.3.e.7:0.01944
29-2072.00	Medical Records Specialists	病历管理专员	3	16	4.A.1.a.1.l.2:0.03207;4.A.1.a.2.k.11:0.06761;4.A.2.b.3.a.12:0.05634;4.A.2.b.5.c.1:0.02694;4.A.2.b.5.c.2:0.02694;4.A.3.a.1.k.7:0.06934;4.A.3.b.1.f.3:0.06385;4.A.3.b.1.f.8:0.03207;4.A.3.b.6.f.1:0.02940;4.A.3.b.6.k.2:0.06357;4.A.3.b.6.k.4:0.06429;4.A.4.b.1.a.4:0.06559;4.A.4.c.1.a.1:0.06154;4.A.4.c.1.a.3:0.12641;4.A.4.c.1.a.6:0.21403
29-2081.00	Opticians, Dispensing	配镜师	3	21	4.A.1.a.1.l.1:0.01616;4.A.1.b.2.i.5:0.05297;4.A.2.a.1.f.4:0.05137;4.A.2.a.2.e.4:0.01616;4.A.2.b.6.b.7:0.02467;4.A.2.b.6.b.9:0.02467;4.A.3.a.2.q.3:0.18744;4.A.3.a.3.d.3:0.04934;4.A.3.b.4.f.3:0.03920;4.A.3.b.6.k.4:0.05052;4.A.4.a.5.f.1:0.07588;4.A.4.a.6.b.1:0.08587;4.A.4.b.3.e.2:0.09538;4.A.4.b.3.f.8:0.04528;4.A.4.b.6.b.1:0.07674;4.A.4.c.1.a.6:0.03977;4.A.4.c.1.c.3:0.02360;4.A.4.c.3.e.7:0.04496
29-2091.00	Orthotists and Prosthetists	矫形器与假肢师	5	15	4.A.1.a.1.l.2:0.02468;4.A.1.a.1.s.1:0.05816;4.A.1.b.2.i.3:0.02468;4.A.1.b.2.i.5:0.02468;4.A.2.b.2.k.4:0.07120;4.A.2.b.3.a.12:0.05989;4.A.3.a.2.q.3:0.21149;4.A.3.a.2.x.1:0.11081;4.A.3.b.6.c.10:0.04448;4.A.3.b.6.k.4:0.07482;4.A.4.a.2.d.5:0.06287;4.A.4.b.3.e.2:0.07482;4.A.4.b.3.f.8:0.09235;4.A.4.b.4.a.11:0.06507
29-2092.00	Hearing Aid Specialists	助听器专员	3	11	4.A.1.b.2.a.3:0.24054;4.A.2.b.1.f.2:0.04343;4.A.2.b.3.a.12:0.08096;4.A.3.a.2.q.3:0.09052;4.A.3.a.2.x.1:0.04729;4.A.3.a.3.d.3:0.04729;4.A.3.b.4.f.4:0.04729;4.A.4.a.5.k.5:0.08849;4.A.4.a.5.l.7:0.04343;4.A.4.b.3.e.2:0.17352;4.A.4.b.6.a.4:0.04862;4.A.4.b.6.j.5:0.04862
29-2099.01	Neurodiagnostic Technologists	神经诊断技师	3	16	4.A.1.a.1.l.2:0.09861;4.A.1.a.1.l.4:0.03345;4.A.1.a.1.s.1:0.02497;4.A.1.a.2.e.7:0.06651;4.A.1.b.2.a.7:0.19023;4.A.1.b.2.i.5:0.03150;4.A.2.b.3.a.12:0.02497;4.A.3.a.2.i.9:0.05235;4.A.3.a.2.k.1:0.02158;4.A.3.a.3.d.3:0.02158;4.A.3.a.3.d.4:0.03076;4.A.3.b.4.f.1:0.03083;4.A.3.b.4.f.4:0.03083;4.A.3.b.6.f.4:0.06341;4.A.4.a.1.e.5:0.06502;4.A.4.a.2.d.4:0.06193;4.A.4.a.5.k.7:0.09451;4.A.4.b.3.f.8:0.05695
29-2099.05	Ophthalmic Medical Technologists	眼科医学技师	3	31	4.A.1.a.1.l.2:0.01880;4.A.1.a.2.e.3:0.02739;4.A.1.b.2.a.4:0.35262;4.A.1.b.2.i.5:0.13173;4.A.2.a.4.f.5:0.03529;4.A.2.b.1.f.2:0.03429;4.A.3.a.1.i.1:0.01707;4.A.3.a.1.i.3:0.01707;4.A.3.a.3.d.2:0.01611;4.A.3.a.3.d.3:0.03395;4.A.3.a.3.d.4:0.06395;4.A.3.b.4.f.1:0.03031;4.A.3.b.6.k.4:0.03644;4.A.4.a.1.e.1:0.03376;4.A.4.a.5.c.6:0.03568;4.A.4.a.5.k.5:0.01270;4.A.4.a.5.k.6:0.03153;4.A.4.a.5.l.2:0.01270;4.A.4.b.3.e.2:0.02708;4.A.4.b.3.f.8:0.01577;4.A.4.b.4.a.11:0.01577
29-2099.08	Patient Representatives	患者代表	3	13	4.A.1.a.1.w.1:0.09015;4.A.2.a.4.k.2:0.07052;4.A.2.b.3.a.5:0.16638;4.A.3.b.6.c.2:0.07547;4.A.3.b.6.l.7:0.03202;4.A.4.a.1.b.4:0.08005;4.A.4.a.2.c.2:0.06994;4.A.4.a.5.a.1:0.16104;4.A.4.b.3.a.1:0.03373;4.A.4.b.3.d.4:0.06327;4.A.4.b.3.e.2:0.03373;4.A.4.b.4.j.37:0.09167;4.A.4.c.3.c.3:0.03202
29-9021.00	Health Information Technologists and Medical Registrars	健康信息技术员与医疗登记员	3	16	4.A.1.a.1.l.1:0.03125;4.A.1.a.1.l.2:0.03125;4.A.1.a.2.h.3:0.03125;4.A.1.b.2.h.1:0.02083;4.A.1.b.2.h.3:0.02083;4.A.2.a.4.i.4:0.03125;4.A.2.b.2.f.4:0.06250;4.A.3.a.1.k.7:0.06250;4.A.3.b.1.f.8:0.06250;4.A.3.b.2.f.1:0.06250;4.A.3.b.6.c.10:0.06250;4.A.3.b.6.k.2:0.06250;4.A.3.b.6.l.6:0.06250;4.A.4.a.6.c.4:0.03125;4.A.4.a.6.c.6:0.03125;4.A.4.b.1.a.4:0.06250;4.A.4.b.3.f.11:0.06250;4.A.4.b.4.a.11:0.03125;4.A.4.b.4.j.38:0.03125;4.A.4.b.6.d.6:0.02083;4.A.4.c.1.a.1:0.06250;4.A.4.c.1.a.6:0.06250
29-9091.00	Athletic Trainers	运动训练师	5	23	4.A.1.a.1.s.1:0.01794;4.A.1.b.2.e.5:0.04239;4.A.2.a.1.f.2:0.02575;4.A.2.a.1.f.3:0.02665;4.A.2.a.4.f.2:0.07973;4.A.2.b.2.a.3:0.10705;4.A.3.a.1.c.10:0.02463;4.A.3.a.1.c.6:0.02463;4.A.3.a.1.l.4:0.04194;4.A.3.a.1.l.6:0.04194;4.A.3.a.3.d.3:0.02637;4.A.3.b.4.f.1:0.01586;4.A.3.b.6.f.4:0.01664;4.A.3.b.6.k.2:0.01664;4.A.4.a.2.d.1:0.02665;4.A.4.a.2.d.5:0.02339;4.A.4.a.2.h.8:0.04048;4.A.4.a.5.b.5:0.02637;4.A.4.a.5.c.11:0.04678;4.A.4.a.5.l.8:0.03789;4.A.4.b.3.f.1:0.01855;4.A.4.b.3.f.8:0.05527;4.A.4.b.6.f.4:0.14225;4.A.4.c.1.a.6:0.01664;4.A.4.c.1.c.3:0.04172;4.A.4.c.3.a.2:0.01586
29-9092.00	Genetic Counselors	遗传咨询师	5	19	4.A.1.a.1.l.1:0.01966;4.A.1.a.1.l.2:0.01966;4.A.1.a.1.s.1:0.08255;4.A.2.a.1.f.2:0.05656;4.A.2.a.4.f.2:0.01825;4.A.2.a.4.f.3:0.05957;4.A.2.b.2.a.2:0.01825;4.A.2.b.2.e.1:0.02377;4.A.2.b.3.a.12:0.05668;4.A.3.b.6.f.4:0.05668;4.A.3.b.6.g.2:0.01727;4.A.3.b.6.g.4:0.01727;4.A.3.b.6.k.4:0.01966;4.A.3.b.6.l.6:0.04934;4.A.4.a.1.e.1:0.14813;4.A.4.a.1.e.5:0.08339;4.A.4.a.2.d.1:0.02924;4.A.4.a.5.a.2:0.05235;4.A.4.b.2.a.4:0.03008;4.A.4.b.3.f.6:0.02004;4.A.4.b.3.f.8:0.02004;4.A.4.b.6.a.4:0.05957;4.A.4.b.6.f.1:0.02377;4.A.4.c.3.b.1:0.01825
29-9093.00	Surgical Assistants	外科助理	3	28	4.A.1.a.2.e.1:0.01195;4.A.1.a.2.e.3:0.01195;4.A.1.a.2.e.7:0.03625;4.A.1.b.2.g.21:0.03762;4.A.2.a.1.f.5:0.01195;4.A.2.a.2.e.4:0.03778;4.A.2.a.3.d.1:0.01873;4.A.3.a.1.i.1:0.03673;4.A.3.a.1.m.2:0.02892;4.A.3.a.2.i.17:0.01692;4.A.3.a.2.i.9:0.01692;4.A.3.a.2.k.1:0.03681;4.A.3.a.3.d.3:0.05695;4.A.4.a.2.d.5:0.07113;4.A.4.a.5.c.11:0.05168;4.A.4.a.5.c.2:0.03319;4.A.4.a.5.c.3:0.01671;4.A.4.a.5.c.8:0.01671;4.A.4.a.5.c.9:0.03093;4.A.4.a.5.g.4:0.03810;4.A.4.a.5.k.4:0.01873;4.A.4.a.5.k.6:0.09191;4.A.4.a.5.k.7:0.03319;4.A.4.a.5.k.8:0.09554;4.A.4.a.5.l.2:0.01808;4.A.4.a.5.l.3:0.08772;4.A.4.c.3.a.2:0.03689
29-9099.01	Midwives	助产士	5	36	4.A.1.a.1.l.2:0.02952;4.A.1.a.1.s.1:0.02186;4.A.1.a.2.e.7:0.03008;4.A.1.b.2.a.5:0.00880;4.A.1.b.2.a.8:0.02853;4.A.1.b.2.e.14:0.01383;4.A.1.b.2.i.3:0.03074;4.A.1.b.2.i.5:0.01519;4.A.2.a.1.f.1:0.00880;4.A.2.a.1.f.2:0.04401;4.A.2.a.4.f.2:0.04292;4.A.2.a.4.f.3:0.01473;4.A.2.a.4.f.6:0.02311;4.A.2.b.1.f.2:0.03058;4.A.2.b.1.i.3:0.02767;4.A.2.b.2.a.2:0.05593;4.A.3.a.2.ak.2:0.01383;4.A.3.a.2.al.1:0.03562;4.A.3.a.2.k.1:0.01453;4.A.3.b.6.f.1:0.02655;4.A.3.b.6.k.4:0.02919;4.A.4.a.1.e.1:0.08182;4.A.4.a.2.d.5:0.01473;4.A.4.a.3.b.1:0.02509;4.A.4.a.5.a.2:0.05692;4.A.4.a.5.c.4:0.09807;4.A.4.a.5.g.3:0.03051;4.A.4.a.5.k.4:0.02780;4.A.4.a.5.l.3:0.02886;4.A.4.a.5.l.8:0.02311;4.A.4.b.6.a.1:0.06706
31-1121.00	Home Health Aides	居家健康助理	2	15	4.A.2.a.1.f.1:0.07224;4.A.3.a.1.l.4:0.11929;4.A.3.b.6.k.5:0.07527;4.A.4.a.5.b.3:0.05376;4.A.4.a.5.c.1:0.05931;4.A.4.a.5.c.11:0.05712;4.A.4.a.5.i.1:0.07796;4.A.4.a.5.i.9:0.28243;4.A.4.b.3.a.1:0.06905;4.A.4.b.3.f.2:0.13357
31-1122.00	Personal Care Aides	个人护理员	2	11	4.A.1.a.2.e.5:0.04674;4.A.2.b.2.v.3:0.09327;4.A.3.a.1.c.18:0.04391;4.A.3.a.2.c.11:0.12838;4.A.3.a.4.a.9:0.07818;4.A.3.b.6.f.2:0.04873;4.A.3.b.6.h.6:0.04873;4.A.4.a.5.c.2:0.14420;4.A.4.a.5.i.7:0.08761;4.A.4.b.3.f.7:0.18822;4.A.4.b.6.j.3:0.09201
31-1131.00	Nursing Assistants	护理助理	3	33	4.A.1.a.1.l.2:0.03104;4.A.1.a.1.w.6:0.03118;4.A.1.a.2.e.6:0.01605;4.A.2.a.1.f.1:0.03139;4.A.2.a.4.f.2:0.03161;4.A.3.a.1.c.7:0.05952;4.A.3.a.1.e.1:0.03132;4.A.3.a.1.j.1:0.02585;4.A.3.a.1.m.2:0.02834;4.A.3.a.2.ak.2:0.05760;4.A.3.a.2.al.1:0.02770;4.A.3.a.2.k.2:0.03111;4.A.3.a.3.d.5:0.01460;4.A.3.b.6.k.3:0.10859;4.A.4.a.1.e.4:0.02692;4.A.4.a.3.c.11:0.01665;4.A.4.a.3.c.9:0.04073;4.A.4.a.5.b.3:0.02990;4.A.4.a.5.c.1:0.01467;4.A.4.a.5.c.11:0.02862;4.A.4.a.5.c.2:0.01467;4.A.4.a.5.i.1:0.06364;4.A.4.a.5.i.9:0.12592;4.A.4.a.5.k.1:0.01460;4.A.4.a.5.k.2:0.01634;4.A.4.a.5.k.3:0.08146
31-1132.00	Orderlies	医院护工	2	22	4.A.3.a.1.c.7:0.09514;4.A.3.a.1.e.1:0.11603;4.A.3.a.1.i.2:0.10396;4.A.3.a.1.j.1:0.15572;4.A.3.a.1.m.2:0.05214;4.A.3.a.2.ak.2:0.08367;4.A.4.a.2.c.11:0.02238;4.A.4.a.2.c.2:0.02238;4.A.4.a.3.c.11:0.02084;4.A.4.a.3.c.9:0.02084;4.A.4.a.5.e.2:0.02392;4.A.4.a.5.i.1:0.02624;4.A.4.a.5.i.9:0.04608;4.A.4.a.5.k.2:0.06730;4.A.4.a.5.k.3:0.11945;4.A.4.b.1.c.10:0.02392
31-1133.00	Psychiatric Aides	精神科护理员	2	17	4.A.1.a.1.w.6:0.02803;4.A.1.a.2.e.6:0.03124;4.A.2.a.1.f.1:0.05011;4.A.2.a.3.d.2:0.02998;4.A.3.a.1.c.7:0.05717;4.A.3.a.1.l.4:0.05270;4.A.3.a.2.al.1:0.01887;4.A.3.b.6.k.3:0.05829;4.A.3.b.6.k.5:0.05878;4.A.4.a.2.d.2:0.06081;4.A.4.a.5.c.1:0.01887;4.A.4.a.5.i.1:0.05815;4.A.4.a.5.i.2:0.02935;4.A.4.a.5.i.3:0.02935;4.A.4.a.5.i.9:0.05913;4.A.4.a.5.k.2:0.06206;4.A.4.a.5.l.1:0.06374;4.A.4.b.2.a.1:0.12315;4.A.4.b.3.f.2:0.05172;4.A.4.b.6.a.5:0.02998;4.A.4.c.1.a.6:0.02852
31-2011.00	Occupational Therapy Assistants	职业治疗助理	3	22	4.A.1.a.2.e.1:0.04030;4.A.1.b.2.a.2:0.08423;4.A.2.b.2.a.4:0.09381;4.A.2.b.3.a.19:0.04767;4.A.2.b.5.c.2:0.01273;4.A.3.a.1.i.2:0.01514;4.A.3.a.1.m.2:0.04441;4.A.3.a.2.k.2:0.01514;4.A.3.a.2.q.2:0.04441;4.A.3.b.4.f.1:0.01514;4.A.3.b.6.f.3:0.02429;4.A.3.b.6.k.3:0.01606;4.A.3.b.6.k.5:0.01606;4.A.4.a.2.d.2:0.09034;4.A.4.a.2.d.6:0.02429;4.A.4.a.5.b.2:0.09503;4.A.4.a.5.i.9:0.04767;4.A.4.b.2.a.1:0.07303;4.A.4.b.3.a.1:0.06717;4.A.4.b.3.f.10:0.04278;4.A.4.b.3.f.4:0.02450;4.A.4.c.1.a.6:0.01273;4.A.4.c.1.c.3:0.01273;4.A.4.c.3.g.3:0.04033
31-2012.00	Occupational Therapy Aides	职业治疗护工	3	15	4.A.1.a.2.e.1:0.02409;4.A.1.a.2.g.9:0.03331;4.A.1.b.2.a.2:0.12423;4.A.2.b.5.c.2:0.02198;4.A.3.a.1.l.4:0.05562;4.A.3.a.1.m.2:0.06878;4.A.3.a.2.ak.2:0.02198;4.A.3.a.2.k.3:0.02392;4.A.3.b.4.f.1:0.08304;4.A.3.b.6.f.3:0.03705;4.A.3.b.6.k.3:0.02409;4.A.3.b.6.k.5:0.02409;4.A.4.a.2.d.6:0.03705;4.A.4.a.5.b.2:0.06844;4.A.4.b.2.a.1:0.07477;4.A.4.b.3.a.1:0.03430;4.A.4.b.3.f.10:0.06678;4.A.4.b.3.f.2:0.06295;4.A.4.b.3.f.4:0.03430;4.A.4.b.4.g.3:0.03331;4.A.4.c.1.a.6:0.02198;4.A.4.c.3.g.3:0.02392
31-2021.00	Physical Therapist Assistants	物理治疗助理	3	21	4.A.1.a.2.a.2:0.04654;4.A.1.a.2.e.1:0.01858;4.A.2.a.1.f.1:0.04792;4.A.2.b.3.a.19:0.02218;4.A.3.a.1.c.7:0.04907;4.A.3.a.1.m.2:0.02540;4.A.3.a.2.k.2:0.02247;4.A.3.a.2.k.3:0.02247;4.A.3.b.6.f.2:0.02810;4.A.3.b.6.f.3:0.01858;4.A.3.b.6.k.4:0.02810;4.A.4.a.2.d.2:0.05183;4.A.4.a.2.d.6:0.01858;4.A.4.a.5.b.3:0.07154;4.A.4.a.5.c.2:0.07768;4.A.4.a.5.f.2:0.04390;4.A.4.a.5.i.9:0.04459;4.A.4.a.5.k.2:0.05240;4.A.4.a.5.k.3:0.02540;4.A.4.b.2.a.1:0.02810;4.A.4.b.3.f.10:0.02218;4.A.4.b.3.f.2:0.05493;4.A.4.b.3.f.4:0.11716;4.A.4.b.3.f.5:0.02683;4.A.4.c.1.a.6:0.01775;4.A.4.c.3.g.3:0.01775
31-2022.00	Physical Therapist Aides	物理治疗护工	2	19	4.A.1.a.2.e.1:0.05570;4.A.2.a.1.f.1:0.05491;4.A.2.b.5.c.2:0.05229;4.A.3.a.1.c.7:0.08513;4.A.3.a.1.i.2:0.02943;4.A.3.a.1.m.2:0.05518;4.A.3.a.2.k.2:0.07416;4.A.3.b.4.f.1:0.02358;4.A.3.b.6.k.5:0.05557;4.A.4.a.2.d.2:0.05610;4.A.4.a.5.b.3:0.05570;4.A.4.a.5.c.2:0.04874;4.A.4.a.5.f.2:0.04414;4.A.4.a.5.i.9:0.08789;4.A.4.a.5.k.2:0.05885;4.A.4.b.2.a.1:0.02864;4.A.4.b.3.f.2:0.02864;4.A.4.b.3.f.4:0.05229;4.A.4.c.1.a.6:0.02654;4.A.4.c.3.g.3:0.02654
31-9011.00	Massage Therapists	按摩治疗师	3	14	4.A.1.a.1.w.6:0.08262;4.A.2.a.1.f.1:0.07209;4.A.2.b.2.a.4:0.07472;4.A.3.a.1.c.6:0.03982;4.A.3.a.2.ak.6:0.03982;4.A.3.b.6.k.5:0.07262;4.A.4.a.2.d.2:0.06174;4.A.4.a.5.a.2:0.03201;4.A.4.a.5.a.3:0.03201;4.A.4.a.5.b.3:0.37993;4.A.4.a.5.b.4:0.03982;4.A.4.b.3.f.4:0.07279
31-9091.00	Dental Assistants	牙科助理	3	16	4.A.1.a.1.w.6:0.03120;4.A.2.b.5.c.2:0.02022;4.A.3.a.1.i.2:0.07799;4.A.3.a.2.k.2:0.02327;4.A.3.a.2.q.2:0.20508;4.A.3.a.3.d.5:0.06662;4.A.3.b.6.k.3:0.03120;4.A.3.b.6.k.5:0.08945;4.A.4.a.1.e.4:0.06647;4.A.4.a.5.c.2:0.11988;4.A.4.a.5.f.2:0.02758;4.A.4.a.5.k.1:0.09090;4.A.4.b.3.f.4:0.06313;4.A.4.c.1.c.3:0.02022;4.A.4.c.3.g.3:0.06676
31-9092.00	Medical Assistants	医疗助理	3	20	4.A.1.a.1.w.6:0.02700;4.A.1.b.2.a.5:0.05218;4.A.2.a.1.f.1:0.02700;4.A.2.b.5.c.2:0.09324;4.A.3.a.1.c.7:0.02654;4.A.3.a.1.e.1:0.02700;4.A.3.a.1.i.2:0.02700;4.A.3.a.1.m.2:0.02626;4.A.3.a.2.al.1:0.02649;4.A.3.a.2.k.2:0.04242;4.A.3.a.2.k.3:0.02654;4.A.3.a.3.d.5:0.04480;4.A.3.b.6.k.3:0.08014;4.A.4.a.1.e.4:0.05365;4.A.4.a.3.c.5:0.02592;4.A.4.a.5.c.1:0.06817;4.A.4.a.5.c.11:0.04946;4.A.4.a.5.c.2:0.01747;4.A.4.a.5.j.2:0.02592;4.A.4.a.5.k.1:0.01747;4.A.4.a.5.k.7:0.02626;4.A.4.c.1.a.6:0.02575;4.A.4.c.1.c.3:0.06613;4.A.4.c.3.f.2:0.05036;4.A.4.c.3.g.3:0.04685
31-9093.00	Medical Equipment Preparers	医疗器械准备员	2	16	4.A.1.a.2.a.2:0.16166;4.A.2.b.3.a.19:0.06248;4.A.3.a.1.i.2:0.21416;4.A.3.a.1.j.1:0.03059;4.A.3.a.1.j.5:0.03059;4.A.3.a.2.ak.2:0.06076;4.A.3.a.2.k.2:0.06564;4.A.3.a.2.t.5:0.02564;4.A.3.a.2.v.6:0.02564;4.A.3.a.3.d.5:0.05264;4.A.3.b.4.f.1:0.02183;4.A.3.b.6.k.3:0.06593;4.A.4.a.5.k.1:0.02636;4.A.4.a.5.k.5:0.02636;4.A.4.c.3.g.3:0.12970
31-9094.00	Medical Transcriptionists	医疗转录员	3	15	4.A.2.b.5.c.2:0.03305;4.A.3.b.6.f.3:0.54555;4.A.3.b.6.k.3:0.03319;4.A.3.b.6.k.5:0.10060;4.A.4.a.1.e.1:0.03224;4.A.4.a.8.c.2:0.03224;4.A.4.c.1.a.6:0.19155;4.A.4.c.1.c.3:0.03158
31-9095.00	Pharmacy Aides	药房助理	2	17	4.A.1.b.1.a.1:0.02829;4.A.2.a.4.f.5:0.05896;4.A.3.a.1.i.2:0.02976;4.A.3.a.1.j.1:0.04324;4.A.3.a.2.ak.2:0.05770;4.A.3.a.2.ap.5:0.02829;4.A.3.a.3.d.5:0.04801;4.A.3.b.4.f.1:0.02976;4.A.3.b.6.k.5:0.02920;4.A.4.a.1.e.4:0.01788;4.A.4.a.3.b.1:0.01788;4.A.4.a.3.c.11:0.03334;4.A.4.a.3.c.5:0.02885;4.A.4.a.3.c.8:0.01788;4.A.4.a.5.j.2:0.02885;4.A.4.a.8.c.2:0.03334;4.A.4.c.1.a.6:0.15808;4.A.4.c.1.c.3:0.06669;4.A.4.c.3.f.2:0.06205;4.A.4.c.3.g.3:0.18195
31-9096.00	Veterinary Assistants and Laboratory Animal Caretakers	兽医助理与实验动物饲养员	2	28	4.A.1.a.2.e.1:0.02000;4.A.1.a.2.e.6:0.04008;4.A.1.b.2.a.5:0.03839;4.A.2.a.1.f.1:0.03856;4.A.2.b.5.c.2:0.01847;4.A.3.a.1.c.7:0.03915;4.A.3.a.1.e.1:0.01766;4.A.3.a.1.i.2:0.01847;4.A.3.a.2.ak.2:0.01775;4.A.3.a.2.al.1:0.03728;4.A.3.a.2.k.2:0.01800;4.A.3.a.2.k.3:0.01775;4.A.3.b.4.f.1:0.01847;4.A.3.b.6.f.3:0.01749;4.A.3.b.6.k.3:0.03652;4.A.4.a.5.c.1:0.05745;4.A.4.a.5.c.2:0.07006;4.A.4.a.5.i.1:0.03550;4.A.4.a.5.i.9:0.12204;4.A.4.a.5.k.1:0.07363;4.A.4.a.5.k.2:0.04051;4.A.4.a.6.b.5:0.03083;4.A.4.b.3.f.4:0.03558;4.A.4.c.1.a.6:0.03597;4.A.4.c.1.c.3:0.01669;4.A.4.c.3.e.7:0.03151;4.A.4.c.3.f.2:0.03949;4.A.4.c.3.g.3:0.01669
31-9097.00	Phlebotomists	采血员	3	23	4.A.1.a.1.l.2:0.02089;4.A.1.a.1.w.6:0.02370;4.A.1.a.2.e.6:0.04371;4.A.1.b.2.a.5:0.08403;4.A.2.a.1.a.3:0.02089;4.A.2.a.2.c.3:0.02210;4.A.2.a.2.e.4:0.02370;4.A.3.a.1.e.1:0.09336;4.A.3.a.1.i.2:0.02268;4.A.3.a.1.j.1:0.04303;4.A.3.a.2.al.1:0.22207;4.A.3.a.2.au.2:0.04580;4.A.3.a.2.au.3:0.04580;4.A.3.a.2.k.2:0.02268;4.A.3.b.4.f.1:0.04080;4.A.3.b.6.f.1:0.02210;4.A.3.b.6.k.5:0.04537;4.A.4.a.1.e.4:0.04342;4.A.4.a.2.d.1:0.02225;4.A.4.a.2.d.4:0.02225;4.A.4.a.5.i.1:0.03167;4.A.4.b.3.f.10:0.03769
31-9099.01	Speech-Language Pathology Assistants	言语语言病理助理	3	11	4.A.1.a.2.a.2:0.07908;4.A.1.b.2.a.2:0.08280;4.A.2.b.2.a.4:0.09945;4.A.3.a.2.k.2:0.03439;4.A.3.b.6.f.3:0.18686;4.A.3.b.6.k.5:0.14173;4.A.4.a.2.b.1:0.02892;4.A.4.a.2.b.3:0.02892;4.A.4.a.5.b.2:0.20920;4.A.4.b.3.f.10:0.07426;4.A.4.c.1.a.6:0.03439
31-9099.02	Endoscopy Technicians	内镜技师	2	12	4.A.1.a.2.a.2:0.08903;4.A.2.b.3.a.19:0.15253;4.A.3.a.1.i.2:0.04525;4.A.3.a.1.m.2:0.03777;4.A.3.a.2.al.1:0.08976;4.A.3.a.2.k.3:0.08466;4.A.3.a.3.d.5:0.08520;4.A.3.b.4.f.1:0.13410;4.A.4.a.5.k.1:0.08685;4.A.4.a.5.k.3:0.03777;4.A.4.b.3.f.10:0.07608;4.A.4.c.3.g.3:0.08101
33-1011.00	First-Line Supervisors of Correctional Officers	狱警一线主管	3	23	4.A.1.a.1.b.1:0.04094;4.A.1.a.2.g.4:0.02305;4.A.2.a.1.d.4:0.08390;4.A.2.a.3.a.4:0.04225;4.A.2.b.1.d.4:0.04094;4.A.2.b.3.a.16:0.04761;4.A.3.a.1.k.1:0.09320;4.A.3.a.1.k.11:0.02305;4.A.3.a.1.l.5:0.02077;4.A.3.a.4.a.3:0.02077;4.A.3.b.6.h.5:0.02199;4.A.3.b.6.o.5:0.02199;4.A.4.a.2.c.7:0.04053;4.A.4.a.5.e.1:0.02249;4.A.4.a.5.e.2:0.04660;4.A.4.a.5.g.2:0.02249;4.A.4.a.7.a.1:0.04296;4.A.4.b.1.f.3:0.04225;4.A.4.b.3.d.14:0.04316;4.A.4.b.4.d.1:0.07824;4.A.4.b.4.d.2:0.09128;4.A.4.b.4.j.14:0.08956
33-1012.00	First-Line Supervisors of Police and Detectives	警察与侦探一线主管	2	20	4.A.1.b.2.e.13:0.02271;4.A.1.b.2.g.14:0.02271;4.A.2.a.1.d.4:0.02601;4.A.2.a.3.a.4:0.05176;4.A.2.b.4.a.1:0.02355;4.A.2.b.4.a.4:0.02355;4.A.3.a.1.k.4:0.02523;4.A.3.a.1.k.8:0.02523;4.A.3.b.6.b.6:0.04477;4.A.3.b.6.h.5:0.02672;4.A.3.b.6.o.5:0.02672;4.A.4.a.1.b.1:0.05292;4.A.4.a.3.a.1:0.02510;4.A.4.a.7.a.1:0.05357;4.A.4.b.1.c.3:0.04710;4.A.4.b.1.c.5:0.02510;4.A.4.b.1.f.3:0.05409;4.A.4.b.3.d.14:0.10611;4.A.4.b.4.l.1:0.05538;4.A.4.b.4.l.2:0.16408;4.A.4.c.1.f.1:0.05357;4.A.4.c.3.a.5:0.04400
33-1021.00	First-Line Supervisors of Firefighting and Prevention Workers	消防与预防人员一线主管	3	30	4.A.1.a.2.b.16:0.03199;4.A.1.a.2.g.10:0.00675;4.A.1.a.2.i.2:0.00675;4.A.1.a.2.i.5:0.07790;4.A.1.b.2.e.10:0.01583;4.A.1.b.2.e.13:0.01575;4.A.1.b.2.g.14:0.06607;4.A.2.a.1.d.4:0.03408;4.A.2.b.1.d.4:0.01391;4.A.2.b.2.e.4:0.04939;4.A.2.b.3.a.16:0.03158;4.A.3.a.1.b.1:0.01829;4.A.3.a.1.b.3:0.00675;4.A.3.a.4.a.3:0.03499;4.A.3.b.5.a.15:0.06928;4.A.3.b.6.h.5:0.04708;4.A.3.b.6.o.4:0.00675;4.A.3.b.6.o.5:0.03183;4.A.4.a.2.g.1:0.00773;4.A.4.a.2.g.3:0.01862;4.A.4.a.2.g.6:0.03666;4.A.4.a.5.e.1:0.01912;4.A.4.a.5.g.2:0.01912;4.A.4.b.1.f.3:0.02991;4.A.4.b.3.d.14:0.03574;4.A.4.b.4.a.13:0.00773;4.A.4.b.4.f.3:0.03424;4.A.4.b.4.k.3:0.14475;4.A.4.b.4.l.1:0.01525;4.A.4.b.6.i.2:0.03049;4.A.4.c.2.a.3:0.01783;4.A.4.c.2.a.5:0.01783
33-1091.00	First-Line Supervisors of Security Workers	安保人员一线主管	2	21	4.A.1.a.1.c.7:0.02552;4.A.1.a.2.g.2:0.02488;4.A.1.a.2.g.5:0.02520;4.A.1.a.2.g.7:0.02370;4.A.1.a.2.g.8:0.02552;4.A.1.a.2.k.3:0.02450;4.A.1.b.2.e.13:0.02520;4.A.1.b.2.g.14:0.02365;4.A.2.b.4.a.4:0.01530;4.A.2.b.5.b.3:0.04547;4.A.3.a.1.k.11:0.02370;4.A.3.a.1.k.12:0.02488;4.A.3.a.1.k.2:0.04943;4.A.3.a.1.k.7:0.02370;4.A.3.a.1.k.8:0.02370;4.A.3.a.3.e.2:0.07105;4.A.3.b.6.a.2:0.01555;4.A.3.b.6.b.6:0.04911;4.A.3.b.6.h.11:0.01530;4.A.3.b.6.h.2:0.01530;4.A.3.b.6.h.3:0.02156;4.A.3.b.6.h.5:0.02156;4.A.4.a.1.b.4:0.04633;4.A.4.a.2.c.10:0.01555;4.A.4.a.2.g.3:0.04751;4.A.4.b.1.a.4:0.04815;4.A.4.b.1.f.6:0.02386;4.A.4.b.3.c.3:0.01573;4.A.4.b.3.d.1:0.01573;4.A.4.b.3.f.6:0.01573;4.A.4.b.4.a.13:0.02450;4.A.4.b.4.f.4:0.02386;4.A.4.b.4.h.4:0.01555;4.A.4.c.2.a.2:0.01591;4.A.4.c.2.a.3:0.01591;4.A.4.c.2.a.5:0.01591;4.A.4.c.3.e.1:0.04601
33-2011.00	Firefighters	消防员	2	30	4.A.1.a.1.u.2:0.03281;4.A.1.a.2.g.10:0.08284;4.A.1.a.2.g.12:0.01641;4.A.1.a.2.i.5:0.01661;4.A.1.b.2.e.10:0.01604;4.A.1.b.2.g.14:0.01604;4.A.2.b.1.j.1:0.03540;4.A.2.b.3.a.14:0.01693;4.A.2.b.3.a.16:0.01693;4.A.3.a.1.b.1:0.15345;4.A.3.a.1.b.2:0.09706;4.A.3.a.1.p.2:0.02990;4.A.3.a.2.at.7:0.03378;4.A.3.b.5.a.15:0.03135;4.A.3.b.6.b.6:0.03257;4.A.4.a.2.c.1:0.03346;4.A.4.a.2.g.3:0.03427;4.A.4.a.2.g.6:0.01661;4.A.4.a.5.e.1:0.08750;4.A.4.a.5.e.2:0.03468;4.A.4.a.5.g.1:0.01180;4.A.4.a.5.g.3:0.01180;4.A.4.a.5.g.4:0.01180;4.A.4.b.1.c.10:0.03192;4.A.4.b.3.c.1:0.03135;4.A.4.b.3.d.2:0.03338;4.A.4.b.3.e.6:0.03330
33-2021.00	Fire Inspectors and Investigators	消防检查员与调查员	3	30	4.A.1.a.1.c.2:0.03178;4.A.1.a.1.c.3:0.03385;4.A.1.a.1.u.2:0.06894;4.A.1.a.1.w.5:0.03562;4.A.1.a.2.k.1:0.01681;4.A.1.b.2.e.10:0.06994;4.A.1.b.2.e.13:0.01704;4.A.1.b.2.g.14:0.06902;4.A.2.a.1.d.4:0.01005;4.A.2.a.3.a.4:0.03232;4.A.2.a.4.j.3:0.03570;4.A.2.b.2.e.4:0.04786;4.A.2.b.3.a.14:0.03293;4.A.3.b.5.a.15:0.03108;4.A.3.b.6.b.4:0.01874;4.A.3.b.6.b.6:0.01874;4.A.3.b.6.e.2:0.03547;4.A.3.b.6.o.5:0.03385;4.A.4.a.1.b.1:0.01681;4.A.4.a.3.a.1:0.03716;4.A.4.b.1.c.10:0.03301;4.A.4.b.3.c.1:0.06463;4.A.4.b.3.c.3:0.03047;4.A.4.b.3.d.1:0.01558;4.A.4.b.3.d.14:0.01005;4.A.4.b.3.d.15:0.01558;4.A.4.b.4.k.3:0.02475;4.A.4.b.6.i.2:0.02816;4.A.4.c.1.d.1:0.04751;4.A.4.c.1.f.1:0.03655
33-2022.00	Forest Fire Inspectors and Prevention Specialists	森林火灾检查与预防专员	3	16	4.A.1.a.2.g.10:0.06755;4.A.1.a.2.g.12:0.03220;4.A.1.a.2.i.2:0.03220;4.A.1.a.2.i.5:0.03417;4.A.1.b.2.e.10:0.02521;4.A.1.b.2.e.13:0.05357;4.A.1.b.2.g.14:0.03126;4.A.3.a.1.b.1:0.06598;4.A.3.a.1.k.2:0.05592;4.A.3.b.6.d.1:0.06425;4.A.3.b.6.h.5:0.05969;4.A.4.a.2.g.6:0.10595;4.A.4.a.3.b.4:0.02074;4.A.4.b.3.c.1:0.02074;4.A.4.b.3.c.3:0.02074;4.A.4.b.3.d.1:0.02278;4.A.4.b.3.d.14:0.02278;4.A.4.b.3.d.2:0.02278;4.A.4.b.4.k.3:0.15441;4.A.4.b.6.i.2:0.02521;4.A.4.c.3.a.5:0.06189
33-3011.00	Bailiffs	法警	3	15	4.A.1.a.2.g.5:0.03496;4.A.1.b.2.e.14:0.03196;4.A.3.a.1.k.11:0.03700;4.A.3.a.1.k.12:0.06377;4.A.3.a.1.k.3:0.13037;4.A.3.a.1.k.4:0.06802;4.A.3.a.1.k.5:0.06967;4.A.3.a.1.k.6:0.06928;4.A.3.a.1.k.9:0.03700;4.A.3.a.1.l.5:0.07243;4.A.3.b.6.n.8:0.06440;4.A.4.a.2.g.3:0.06645;4.A.4.a.2.g.9:0.03456;4.A.4.a.3.b.10:0.06204;4.A.4.a.3.b.3:0.06251;4.A.4.c.1.f.1:0.06361;4.A.4.c.3.a.5:0.03196
33-3012.00	Correctional Officers and Jailers	监狱看守与狱警	2	27	4.A.1.a.1.c.3:0.03512;4.A.1.a.1.l.4:0.03627;4.A.1.a.2.g.4:0.02013;4.A.1.a.2.g.7:0.04069;4.A.1.b.2.e.10:0.01224;4.A.1.b.2.e.13:0.01224;4.A.1.b.2.e.14:0.01224;4.A.1.b.2.g.14:0.04096;4.A.1.b.2.j.5:0.03928;4.A.2.b.3.a.14:0.03645;4.A.3.a.1.k.1:0.03848;4.A.3.a.1.k.11:0.02013;4.A.3.a.1.k.6:0.04007;4.A.3.a.1.k.8:0.03919;4.A.3.a.1.l.5:0.03645;4.A.3.a.1.o.2:0.01809;4.A.3.a.4.a.3:0.03556;4.A.3.b.1.e.1:0.01880;4.A.3.b.1.e.2:0.01880;4.A.3.b.6.b.4:0.11589;4.A.4.a.2.c.7:0.03609;4.A.4.a.5.c.1:0.01809;4.A.4.a.7.a.1:0.03618;4.A.4.b.1.f.3:0.03123;4.A.4.b.4.d.1:0.06608;4.A.4.b.4.d.2:0.04131;4.A.4.b.4.j.14:0.03662;4.A.4.b.6.j.3:0.01765;4.A.4.b.6.j.4:0.01765;4.A.4.c.3.a.5:0.03202
33-3021.00	Detectives and Criminal Investigators	侦探与刑事调查员	3	30	4.A.1.a.1.c.1:0.03339;4.A.1.a.1.c.2:0.05071;4.A.1.a.1.c.5:0.09659;4.A.1.a.1.d.2:0.01684;4.A.1.a.1.o.1:0.02830;4.A.1.a.1.u.1:0.03309;4.A.1.a.1.w.5:0.06288;4.A.1.a.2.g.7:0.06217;4.A.1.b.2.i.1:0.03279;4.A.2.a.4.j.3:0.01729;4.A.2.b.1.d.4:0.03390;4.A.3.a.1.k.12:0.01695;4.A.3.a.1.k.2:0.03227;4.A.3.a.1.k.4:0.03339;4.A.3.a.1.k.8:0.03324;4.A.3.b.6.b.4:0.01717;4.A.3.b.6.b.6:0.05293;4.A.3.b.6.e.2:0.03420;4.A.3.b.6.n.8:0.03279;4.A.4.a.2.g.1:0.09652;4.A.4.a.2.g.3:0.03168;4.A.4.a.3.a.1:0.03339;4.A.4.b.1.c.5:0.03287;4.A.4.b.4.l.1:0.03368;4.A.4.c.1.b.2:0.03368;4.A.4.c.1.f.1:0.01729
33-3021.02	Police Identification and Records Officers	警察鉴识与档案员	3	16	4.A.1.a.1.c.2:0.13069;4.A.1.a.1.d.2:0.03244;4.A.1.a.1.w.5:0.05804;4.A.2.a.4.j.3:0.06466;4.A.2.b.2.o.15:0.05514;4.A.3.b.6.b.4:0.06047;4.A.3.b.6.e.2:0.06946;4.A.3.b.6.n.8:0.03420;4.A.3.b.6.o.5:0.03420;4.A.4.a.3.a.1:0.06748;4.A.4.a.5.e.2:0.05910;4.A.4.b.1.c.5:0.05621;4.A.4.b.4.f.3:0.05164;4.A.4.c.1.f.1:0.22628
33-3021.06	Intelligence Analysts	情报分析员	4	21	4.A.1.a.1.c.5:0.33583;4.A.1.a.1.c.7:0.14382;4.A.1.a.1.d.2:0.07732;4.A.1.a.1.o.1:0.02723;4.A.1.a.1.w.5:0.04204;4.A.2.b.1.d.4:0.04474;4.A.2.b.3.a.16:0.03688;4.A.2.b.6.b.2:0.01905;4.A.3.a.3.e.2:0.05427;4.A.3.b.2.f.14:0.01905;4.A.3.b.6.b.4:0.05052;4.A.3.b.6.b.6:0.05237;4.A.3.b.6.c.1:0.04450;4.A.4.b.1.c.5:0.05237
33-3031.00	Fish and Game Wardens	渔猎管理员	3	23	4.A.1.a.1.c.7:0.02533;4.A.1.a.1.o.1:0.03625;4.A.1.a.1.u.1:0.06218;4.A.1.a.2.b.9:0.04015;4.A.1.a.2.g.12:0.05149;4.A.2.b.2.m.3:0.13179;4.A.3.a.1.b.3:0.02551;4.A.3.a.1.k.8:0.02332;4.A.3.a.1.k.9:0.04299;4.A.3.b.4.a.1:0.03637;4.A.3.b.6.b.6:0.05249;4.A.3.b.6.d.1:0.06849;4.A.4.a.1.b.2:0.09058;4.A.4.a.3.a.1:0.02734;4.A.4.a.5.e.1:0.05633;4.A.4.b.1.c.10:0.05054;4.A.4.b.3.c.3:0.04582;4.A.4.b.4.j.29:0.04617;4.A.4.c.1.b.2:0.02332;4.A.4.c.1.d.1:0.03838;4.A.4.c.1.d.3:0.02515
33-3041.00	Parking Enforcement Workers	停车执法员	2	20	4.A.1.a.1.d.2:0.06309;4.A.1.a.1.u.3:0.01554;4.A.1.a.2.b.7:0.04350;4.A.1.a.2.g.4:0.06978;4.A.1.a.2.g.5:0.05755;4.A.1.a.2.i.2:0.04985;4.A.2.a.1.d.4:0.03242;4.A.3.a.1.k.2:0.02276;4.A.3.a.1.k.9:0.02520;4.A.3.a.2.r.1:0.02276;4.A.3.b.6.h.5:0.05890;4.A.4.a.1.b.2:0.05093;4.A.4.a.2.c.11:0.01554;4.A.4.a.2.g.1:0.10078;4.A.4.a.2.g.6:0.11011;4.A.4.a.3.a.1:0.05620;4.A.4.a.5.j.1:0.03459;4.A.4.a.8.c.1:0.01554;4.A.4.b.3.d.14:0.04472;4.A.4.c.1.d.3:0.05742;4.A.4.c.3.a.4:0.05282
33-3051.00	Police and Sheriff's Patrol Officers	警察与治安官巡警	3	30	4.A.1.a.1.c.4:0.03646;4.A.1.a.1.c.7:0.04700;4.A.1.a.1.u.1:0.07018;4.A.1.a.1.w.4:0.01557;4.A.1.a.1.w.5:0.01610;4.A.1.a.2.g.2:0.04938;4.A.1.a.2.g.4:0.01557;4.A.1.a.2.g.5:0.06885;4.A.1.a.2.g.7:0.01151;4.A.2.b.1.d.4:0.03340;4.A.3.a.1.k.4:0.03340;4.A.3.a.1.k.5:0.01895;4.A.3.a.1.k.6:0.01662;4.A.3.a.1.k.8:0.07219;4.A.3.a.1.k.9:0.01557;4.A.3.a.1.l.5:0.03219;4.A.3.a.2.r.1:0.03163;4.A.3.b.6.b.4:0.01594;4.A.3.b.6.b.6:0.03598;4.A.3.b.6.e.2:0.01610;4.A.3.b.6.h.5:0.01594;4.A.4.a.1.b.2:0.01513;4.A.4.a.2.g.1:0.04346;4.A.4.a.2.g.6:0.03404;4.A.4.a.3.a.1:0.03356;4.A.4.a.3.b.1:0.01437;4.A.4.a.3.b.9:0.01437;4.A.4.a.5.e.2:0.03586;4.A.4.a.5.g.2:0.03638;4.A.4.a.5.j.1:0.02825;4.A.4.b.4.l.2:0.03477;4.A.4.b.6.i.2:0.01513;4.A.4.c.1.b.2:0.02616
33-3051.04	Customs and Border Protection Officers	海关与边境保护官员	3	11	4.A.1.a.1.c.4:0.06720;4.A.1.a.1.c.7:0.04562;4.A.1.a.1.d.1:0.08094;4.A.1.a.1.w.4:0.05099;4.A.1.a.2.g.4:0.04895;4.A.1.b.2.j.5:0.09875;4.A.1.b.3.c.3:0.08609;4.A.2.a.2.e.1:0.05099;4.A.3.a.1.k.4:0.09918;4.A.3.a.1.k.9:0.04895;4.A.3.b.6.h.5:0.09038;4.A.4.a.1.b.1:0.09532;4.A.4.a.3.a.1:0.09103;4.A.4.b.1.c.5:0.04562
33-3052.00	Transit and Railroad Police	交通与铁路警察	3	12	4.A.1.a.1.c.7:0.04292;4.A.1.a.1.w.4:0.07551;4.A.1.a.2.g.5:0.08606;4.A.1.a.2.g.7:0.08922;4.A.2.a.2.e.1:0.08374;4.A.2.b.2.e.4:0.03596;4.A.3.a.1.k.10:0.08268;4.A.3.a.1.k.8:0.04398;4.A.3.b.6.b.6:0.09175;4.A.4.b.1.c.10:0.04398;4.A.4.b.3.c.3:0.08036;4.A.4.b.4.f.3:0.07868;4.A.4.b.4.k.3:0.03596;4.A.4.b.4.k.5:0.08627;4.A.4.b.4.l.2:0.04292
33-9011.00	Animal Control Workers	动物管控员	2	16	4.A.1.a.1.c.2:0.02278;4.A.1.a.1.c.7:0.02278;4.A.1.a.1.w.5:0.02278;4.A.1.b.2.e.13:0.02768;4.A.1.b.2.i.1:0.06663;4.A.2.a.2.e.1:0.02768;4.A.3.a.1.c.6:0.06106;4.A.3.a.1.k.1:0.03210;4.A.3.b.6.h.5:0.03431;4.A.3.b.6.o.5:0.03431;4.A.4.a.1.b.2:0.12983;4.A.4.a.3.a.1:0.06392;4.A.4.a.5.d.4:0.27565;4.A.4.b.1.c.10:0.03082;4.A.4.b.3.d.1:0.02547;4.A.4.b.3.d.4:0.02547;4.A.4.c.1.d.3:0.09673
33-9021.00	Private Detectives and Investigators	私人侦探与调查员	3	14	4.A.1.a.1.c.3:0.14330;4.A.1.a.1.c.5:0.11165;4.A.1.a.1.d.2:0.03779;4.A.1.a.1.o.1:0.03625;4.A.1.a.1.o.2:0.21733;4.A.1.a.1.w.4:0.07335;4.A.2.a.2.d.2:0.06329;4.A.3.b.6.b.6:0.08188;4.A.3.b.6.e.2:0.03625;4.A.4.a.2.g.1:0.06414;4.A.4.a.3.a.1:0.07369;4.A.4.b.1.c.10:0.06107
33-9031.00	Gambling Surveillance Officers and Gambling Investigators	博彩监控与调查员	2	8	4.A.1.a.1.o.1:0.12737;4.A.1.a.2.g.7:0.12046;4.A.1.a.2.k.3:0.13022;4.A.1.b.2.e.8:0.04205;4.A.1.b.2.g.11:0.04205;4.A.1.b.2.j.8:0.04205;4.A.2.a.2.c.1:0.04259;4.A.2.a.2.c.3:0.04259;4.A.3.a.3.e.2:0.12737;4.A.3.b.6.h.27:0.04259;4.A.4.a.2.c.7:0.12995;4.A.4.b.3.d.14:0.05534;4.A.4.b.4.k.5:0.05534
33-9032.00	Security Guards	保安	2	14	4.A.1.a.1.c.7:0.03834;4.A.1.a.2.g.2:0.03777;4.A.1.a.2.g.5:0.07732;4.A.1.b.2.g.14:0.03380;4.A.3.a.1.k.1:0.03696;4.A.3.a.1.k.12:0.03777;4.A.3.a.1.k.2:0.07975;4.A.3.a.1.k.5:0.07635;4.A.3.a.2.i.17:0.04604;4.A.3.a.3.e.2:0.10528;4.A.3.a.4.a.3:0.05933;4.A.3.b.6.o.5:0.07457;4.A.4.a.2.g.3:0.07181;4.A.4.a.2.g.9:0.03696;4.A.4.a.3.c.11:0.07262;4.A.4.a.5.e.2:0.03834;4.A.4.a.5.g.1:0.07700
33-9091.00	Crossing Guards and Flaggers	过路护卫与交通指挥员	2	12	4.A.1.a.2.g.2:0.09080;4.A.2.b.3.a.16:0.07991;4.A.3.a.2.r.1:0.18287;4.A.3.a.2.v.2:0.08322;4.A.3.b.6.b.8:0.03869;4.A.4.a.1.b.2:0.08847;4.A.4.a.2.c.18:0.07350;4.A.4.a.2.c.7:0.08264;4.A.4.a.2.g.1:0.03869;4.A.4.a.2.g.9:0.12590;4.A.4.a.3.b.8:0.06864;4.A.4.a.5.j.1:0.04667
33-9092.00	Lifeguards, Ski Patrol, and Other Recreational Protective Service Workers	救生员与滑雪巡逻等休闲保护人员	2	15	4.A.1.a.1.o.1:0.03438;4.A.1.a.2.g.12:0.07754;4.A.1.a.2.i.2:0.03438;4.A.1.b.2.e.14:0.12793;4.A.1.b.2.g.14:0.06583;4.A.3.a.1.p.1:0.03966;4.A.3.a.4.a.1:0.06681;4.A.3.b.6.d.1:0.03454;4.A.3.b.6.h.5:0.03454;4.A.4.a.2.g.3:0.07640;4.A.4.a.2.g.9:0.06941;4.A.4.a.5.e.1:0.07737;4.A.4.a.5.g.2:0.07575;4.A.4.a.5.j.3:0.05917;4.A.4.b.3.c.3:0.06632;4.A.4.b.3.d.14:0.05998
33-9093.00	Transportation Security Screeners	交通安检员	2	26	4.A.1.a.2.f.6:0.04080;4.A.1.a.2.g.2:0.03384;4.A.1.a.2.g.4:0.04089;4.A.1.a.2.g.5:0.03768;4.A.1.a.2.g.7:0.03571;4.A.1.b.2.j.5:0.23027;4.A.2.a.2.e.1:0.06098;4.A.2.b.1.d.4:0.04107;4.A.3.a.1.k.11:0.04152;4.A.3.a.1.k.12:0.01893;4.A.3.a.1.k.2:0.03857;4.A.3.a.1.k.9:0.05116;4.A.3.b.6.b.8:0.03723;4.A.4.a.1.b.2:0.01616;4.A.4.a.2.c.21:0.03938;4.A.4.a.2.g.1:0.13812;4.A.4.a.2.g.3:0.03741;4.A.4.a.3.b.8:0.06027
33-9094.00	School Bus Monitors	校车监督员	2	18	4.A.1.a.2.d.1:0.02788;4.A.1.a.2.f.7:0.05825;4.A.3.a.1.c.24:0.05003;4.A.3.a.4.a.6:0.05538;4.A.3.b.6.h.19:0.05165;4.A.4.a.2.c.6:0.08127;4.A.4.a.2.g.7:0.05526;4.A.4.a.3.c.12:0.10616;4.A.4.a.5.i.5:0.05887;4.A.4.a.5.i.6:0.05600;4.A.4.a.5.j.1:0.06011;4.A.4.a.5.j.3:0.08942;4.A.4.a.5.j.4:0.11406;4.A.4.a.5.j.6:0.02887;4.A.4.a.7.a.3:0.05501;4.A.4.b.6.g.3:0.02589;4.A.4.b.6.j.3:0.02589
33-9099.02	Retail Loss Prevention Specialists	零售防损专员	2	21	4.A.1.a.1.c.3:0.05182;4.A.1.a.1.o.2:0.04298;4.A.1.a.2.g.7:0.04839;4.A.1.a.2.k.3:0.14816;4.A.1.b.2.e.13:0.02425;4.A.1.b.2.g.14:0.07408;4.A.3.a.1.k.8:0.04994;4.A.3.b.6.b.6:0.04795;4.A.3.b.6.h.5:0.04994;4.A.4.a.2.g.1:0.09944;4.A.4.a.3.a.1:0.04729;4.A.4.a.5.e.2:0.04464;4.A.4.b.1.c.10:0.04773;4.A.4.b.1.c.3:0.04519;4.A.4.b.3.d.14:0.04596;4.A.4.b.4.k.5:0.04298;4.A.4.b.6.i.2:0.08927
35-1011.00	Chefs and Head Cooks	厨师长与主厨	3	21	4.A.1.a.2.f.6:0.05819;4.A.1.b.2.e.3:0.05162;4.A.1.b.2.f.12:0.10264;4.A.2.b.1.a.4:0.04780;4.A.2.b.1.h.7:0.05090;4.A.2.b.2.d.1:0.04576;4.A.2.b.2.d.2:0.04087;4.A.2.b.5.b.4:0.04206;4.A.2.b.6.a.1:0.02181;4.A.3.a.2.c.7:0.04576;4.A.3.b.6.h.3:0.04242;4.A.4.a.8.c.4:0.02181;4.A.4.b.3.d.10:0.09595;4.A.4.b.4.j.13:0.05401;4.A.4.b.4.j.15:0.06883;4.A.4.b.4.j.22:0.07145;4.A.4.c.2.b.1:0.04290;4.A.4.c.3.e.1:0.09523
35-1012.00	First-Line Supervisors of Food Preparation and Serving Workers	餐饮制作与服务人员一线主管	2	26	4.A.1.a.2.b.11:0.01894;4.A.1.b.2.e.3:0.03519;4.A.2.a.1.e.3:0.03280;4.A.2.a.2.d.2:0.04287;4.A.2.b.1.h.7:0.08305;4.A.2.b.2.d.2:0.07720;4.A.2.b.5.a.2:0.03740;4.A.2.b.5.b.4:0.03558;4.A.3.a.1.c.2:0.03845;4.A.3.a.2.c.1:0.01971;4.A.3.a.2.c.2:0.01971;4.A.3.b.6.h.3:0.04056;4.A.4.a.3.c.1:0.01683;4.A.4.a.5.j.8:0.01683;4.A.4.a.8.c.4:0.04056;4.A.4.b.3.d.10:0.06046;4.A.4.b.4.j.13:0.03960;4.A.4.b.4.j.15:0.03797;4.A.4.b.4.j.22:0.11210;4.A.4.c.1.c.6:0.03960;4.A.4.c.2.b.1:0.07720;4.A.4.c.3.a.1:0.03797;4.A.4.c.3.e.1:0.03941
35-2011.00	Cooks, Fast Food	快餐厨师	2	20	4.A.1.b.2.f.12:0.05264;4.A.1.b.3.a.9:0.04966;4.A.3.a.1.a.3:0.04103;4.A.3.a.1.c.2:0.10782;4.A.3.a.1.e.4:0.02241;4.A.3.a.1.e.7:0.02241;4.A.3.a.1.o.2:0.07851;4.A.3.a.2.ak.5:0.05115;4.A.3.a.2.c.2:0.05172;4.A.3.a.2.c.6:0.02621;4.A.3.a.2.c.7:0.31069;4.A.3.a.2.c.9:0.04678;4.A.4.b.4.j.15:0.04276;4.A.4.c.1.c.6:0.02661;4.A.4.c.1.c.9:0.02661;4.A.4.c.3.e.1:0.04299
35-2012.00	Cooks, Institution and Cafeteria	机构与食堂厨师	2	17	4.A.1.a.2.b.11:0.13938;4.A.1.b.2.e.3:0.05200;4.A.2.b.1.a.4:0.05016;4.A.2.b.2.d.2:0.05839;4.A.3.a.1.c.2:0.03074;4.A.3.a.1.h.3:0.06189;4.A.3.a.1.j.2:0.02068;4.A.3.a.1.o.2:0.06162;4.A.3.a.2.ak.4:0.02068;4.A.3.a.2.c.1:0.03061;4.A.3.a.2.c.2:0.03061;4.A.3.a.2.c.7:0.06311;4.A.3.a.2.c.9:0.05070;4.A.3.b.6.h.3:0.07938;4.A.4.b.3.d.10:0.05731;4.A.4.b.4.j.13:0.05906;4.A.4.c.3.a.1:0.07771;4.A.4.c.3.e.1:0.05596
35-2013.00	Cooks, Private Household	私人家庭厨师	3	13	4.A.2.a.2.c.3:0.08401;4.A.2.b.2.d.1:0.06743;4.A.2.b.2.d.2:0.08834;4.A.2.b.6.a.1:0.03428;4.A.3.a.1.o.2:0.06046;4.A.3.a.2.ak.4:0.08325;4.A.3.a.2.c.11:0.02053;4.A.3.a.2.c.2:0.26681;4.A.3.a.2.c.7:0.08514;4.A.3.a.2.c.9:0.04530;4.A.4.b.4.j.13:0.07685;4.A.4.c.3.e.1:0.08759
35-2014.00	Cooks, Restaurant	餐厅厨师	2	20	4.A.1.a.2.a.9:0.05567;4.A.1.b.2.e.3:0.02772;4.A.1.b.2.f.12:0.07864;4.A.1.b.3.a.9:0.02625;4.A.2.b.1.a.4:0.04064;4.A.2.b.1.h.7:0.02373;4.A.2.b.2.d.2:0.04698;4.A.3.a.1.a.3:0.02625;4.A.3.a.1.c.2:0.02772;4.A.3.a.1.o.2:0.02754;4.A.3.a.2.c.1:0.08551;4.A.3.a.2.c.2:0.04874;4.A.3.a.2.c.5:0.05051;4.A.3.a.2.c.7:0.20731;4.A.3.a.2.c.8:0.02754;4.A.3.a.2.c.9:0.04628;4.A.3.b.6.h.3:0.04827;4.A.4.b.4.j.13:0.05368;4.A.4.c.3.a.1:0.02731;4.A.4.c.3.e.1:0.02373
35-2015.00	Cooks, Short Order	快餐简餐厨师	2	11	4.A.3.a.1.c.2:0.19251;4.A.3.a.1.o.2:0.04823;4.A.3.a.2.ak.4:0.08820;4.A.3.a.2.c.2:0.03090;4.A.3.a.2.c.6:0.03090;4.A.3.a.2.c.7:0.23792;4.A.3.a.2.c.8:0.04823;4.A.3.a.2.c.9:0.03090;4.A.4.b.4.j.15:0.09605;4.A.4.c.1.c.6:0.06403;4.A.4.c.1.c.9:0.04394;4.A.4.c.3.a.1:0.04907;4.A.4.c.3.e.1:0.03913
35-2021.00	Food Preparation Workers	食品制作员	2	31	4.A.1.a.2.a.9:0.03469;4.A.1.b.3.a.9:0.03363;4.A.3.a.1.a.3:0.03042;4.A.3.a.1.c.2:0.03435;4.A.3.a.1.c.22:0.01658;4.A.3.a.1.e.4:0.06191;4.A.3.a.1.h.3:0.04956;4.A.3.a.1.j.2:0.03401;4.A.3.a.1.o.2:0.03157;4.A.3.a.2.ak.4:0.09554;4.A.3.a.2.ak.5:0.04735;4.A.3.a.2.ap.3:0.03191;4.A.3.a.2.c.1:0.07838;4.A.3.a.2.c.2:0.04880;4.A.3.a.2.c.5:0.03523;4.A.3.a.2.c.6:0.01544;4.A.3.a.2.c.7:0.09318;4.A.3.a.2.c.8:0.06344;4.A.3.b.6.h.3:0.03019;4.A.4.a.2.c.10:0.03302;4.A.4.a.3.c.1:0.03241;4.A.4.c.1.c.1:0.01677;4.A.4.c.1.c.6:0.01677;4.A.4.c.3.c.5:0.03485
35-3011.00	Bartenders	调酒师	2	20	4.A.2.a.2.d.2:0.05541;4.A.2.b.2.d.1:0.03998;4.A.2.b.2.d.2:0.04244;4.A.3.a.1.a.3:0.05062;4.A.3.a.1.c.22:0.05471;4.A.3.a.1.h.3:0.05611;4.A.3.a.1.k.10:0.12719;4.A.3.a.1.o.1:0.04454;4.A.3.a.1.o.2:0.10440;4.A.3.a.2.ak.5:0.05214;4.A.3.a.2.c.2:0.04711;4.A.3.a.2.c.7:0.03659;4.A.4.a.8.c.4:0.02700;4.A.4.b.4.j.13:0.05132;4.A.4.b.4.j.22:0.05249;4.A.4.c.1.c.6:0.05600;4.A.4.c.1.c.9:0.05389;4.A.4.c.3.e.1:0.04805
35-3023.00	Fast Food and Counter Workers	快餐与柜台服务员	2	27	4.A.2.a.2.d.2:0.03947;4.A.3.a.1.c.2:0.07389;4.A.3.a.1.c.22:0.01883;4.A.3.a.1.h.3:0.05169;4.A.3.a.1.j.2:0.03783;4.A.3.a.1.j.5:0.01161;4.A.3.a.1.o.1:0.05019;4.A.3.a.1.o.2:0.11373;4.A.3.a.1.o.3:0.05228;4.A.3.a.2.ak.5:0.03473;4.A.3.a.2.ap.3:0.03647;4.A.3.a.2.c.11:0.01161;4.A.3.a.2.c.4:0.03938;4.A.3.a.2.c.6:0.05616;4.A.3.a.2.c.7:0.03701;4.A.3.a.2.c.8:0.03774;4.A.4.a.2.c.17:0.05292;4.A.4.a.8.c.4:0.03929;4.A.4.b.3.d.10:0.04011;4.A.4.b.4.j.35:0.01161;4.A.4.c.1.c.1:0.01328;4.A.4.c.1.c.6:0.05348;4.A.4.c.1.c.9:0.04874;4.A.4.c.3.e.1:0.03793
35-3023.01	Baristas	咖啡师	2	19	4.A.1.a.2.a.9:0.05476;4.A.1.b.3.a.9:0.02433;4.A.3.a.1.c.22:0.08717;4.A.3.a.1.e.4:0.05438;4.A.3.a.1.h.3:0.03062;4.A.3.a.1.o.2:0.11067;4.A.3.a.2.ak.4:0.02668;4.A.3.a.2.ak.5:0.05184;4.A.3.a.2.ap.3:0.07986;4.A.3.a.2.c.1:0.03062;4.A.3.a.2.c.6:0.03043;4.A.3.a.2.c.7:0.02827;4.A.3.a.2.h.2:0.04968;4.A.3.b.6.p.3:0.03596;4.A.4.a.2.c.17:0.02992;4.A.4.a.3.c.1:0.10368;4.A.4.b.3.d.10:0.05349;4.A.4.c.1.c.6:0.06099;4.A.4.c.1.c.9:0.02992;4.A.4.c.3.e.1:0.02668
35-3031.00	Waiters and Waitresses	服务员	2	25	4.A.2.b.5.a.2:0.01898;4.A.3.a.1.c.2:0.04183;4.A.3.a.1.c.22:0.04312;4.A.3.a.1.k.10:0.04478;4.A.3.a.1.o.1:0.08043;4.A.3.a.1.o.2:0.05592;4.A.3.a.1.o.3:0.04330;4.A.3.a.2.ak.5:0.07785;4.A.3.a.2.c.2:0.01838;4.A.3.a.2.c.4:0.03704;4.A.3.a.2.c.6:0.05514;4.A.3.a.2.c.7:0.02119;4.A.4.a.2.c.17:0.02234;4.A.4.a.3.c.1:0.15524;4.A.4.a.3.c.8:0.03179;4.A.4.a.5.j.8:0.05381;4.A.4.a.8.c.4:0.04413;4.A.4.c.1.c.6:0.08845;4.A.4.c.1.c.9:0.06629
35-3041.00	Food Servers, Nonrestaurant	非餐厅送餐员	2	14	4.A.1.a.2.b.11:0.14677;4.A.1.b.2.f.12:0.03709;4.A.1.b.2.f.13:0.03709;4.A.3.a.1.h.3:0.07576;4.A.3.a.1.j.2:0.06974;4.A.3.a.1.o.3:0.07085;4.A.3.a.2.ak.5:0.14107;4.A.3.a.2.c.7:0.06736;4.A.3.a.2.c.8:0.07640;4.A.3.b.6.h.3:0.06863;4.A.4.a.2.c.17:0.07196;4.A.4.a.5.j.8:0.06578;4.A.4.c.1.c.6:0.07149
35-9011.00	Dining Room and Cafeteria Attendants and Bartender Helpers	餐厅食堂服务员与调酒助理	2	23	4.A.3.a.1.a.3:0.03743;4.A.3.a.1.c.2:0.02028;4.A.3.a.1.c.22:0.06741;4.A.3.a.1.c.9:0.01484;4.A.3.a.1.h.3:0.04254;4.A.3.a.1.j.2:0.12981;4.A.3.a.1.l.3:0.01547;4.A.3.a.1.o.1:0.04661;4.A.3.a.1.o.2:0.10430;4.A.3.a.1.o.3:0.09342;4.A.3.a.2.ak.4:0.04873;4.A.3.a.2.ak.5:0.13116;4.A.3.a.2.c.1:0.03733;4.A.3.a.2.c.4:0.02070;4.A.3.a.2.c.8:0.02070;4.A.4.a.3.c.8:0.04536;4.A.4.a.5.j.2:0.01547;4.A.4.a.5.j.3:0.01547;4.A.4.c.1.c.1:0.04723;4.A.4.c.3.a.1:0.04577
35-9021.00	Dishwashers	洗碗工	2	13	4.A.3.a.1.c.2:0.24389;4.A.3.a.1.e.4:0.07527;4.A.3.a.1.f.1:0.07845;4.A.3.a.1.h.3:0.08918;4.A.3.a.1.j.2:0.07408;4.A.3.a.1.o.1:0.06316;4.A.3.a.2.ak.4:0.19712;4.A.3.a.2.ak.5:0.03903;4.A.3.a.2.ap.3:0.06375;4.A.3.a.2.c.2:0.07607
35-9031.00	Hosts and Hostesses, Restaurant, Lounge, and Coffee Shop	餐厅酒廊咖啡厅接待员	2	20	4.A.1.b.2.e.3:0.10371;4.A.2.b.2.d.2:0.04178;4.A.2.b.5.a.2:0.04776;4.A.3.a.2.ap.3:0.02480;4.A.3.a.2.c.5:0.05180;4.A.3.b.6.h.3:0.05009;4.A.4.a.2.c.17:0.05595;4.A.4.a.3.c.1:0.08221;4.A.4.a.3.c.8:0.12705;4.A.4.a.5.j.8:0.11129;4.A.4.a.8.c.4:0.05302;4.A.4.b.3.d.10:0.02089;4.A.4.b.4.j.13:0.05228;4.A.4.b.4.j.22:0.03591;4.A.4.c.1.c.1:0.02626;4.A.4.c.1.c.6:0.02626;4.A.4.c.1.c.9:0.02480;4.A.4.c.2.b.1:0.02089;4.A.4.c.3.e.1:0.04324
37-1011.00	First-Line Supervisors of Housekeeping and Janitorial Workers	客房清洁人员一线主管	2	26	4.A.1.a.1.v.2:0.03784;4.A.1.b.2.e.16:0.03970;4.A.1.b.2.f.6:0.04053;4.A.1.b.3.b.3:0.03756;4.A.2.a.1.d.2:0.07205;4.A.2.b.1.h.5:0.03904;4.A.2.b.1.j.4:0.07837;4.A.2.b.2.l.1:0.03988;4.A.2.b.5.b.2:0.01924;4.A.3.a.1.c.12:0.04044;4.A.3.a.1.c.23:0.03375;4.A.3.b.5.a.3:0.03886;4.A.3.b.6.h.17:0.07614;4.A.4.a.2.c.3:0.09742;4.A.4.b.1.f.1:0.04025;4.A.4.b.3.d.6:0.05615;4.A.4.b.4.a.1:0.07958;4.A.4.b.6.e.12:0.01924;4.A.4.b.6.e.7:0.03542;4.A.4.c.3.c.8:0.03914;4.A.4.c.3.g.2:0.03942
37-1012.00	First-Line Supervisors of Landscaping, Lawn Service, and Groundskeeping Workers	园艺草坪养护人员一线主管	3	28	4.A.1.a.1.v.2:0.05155;4.A.1.a.2.i.1:0.03582;4.A.1.b.2.e.16:0.03897;4.A.1.b.2.f.6:0.07747;4.A.1.b.3.b.3:0.05132;4.A.2.a.1.d.2:0.03536;4.A.2.b.1.h.5:0.03434;4.A.2.b.2.l.1:0.05665;4.A.3.a.1.a.5:0.03638;4.A.3.a.1.c.23:0.03341;4.A.3.a.1.g.7:0.03508;4.A.3.a.1.q.5:0.01243;4.A.3.a.1.q.8:0.01243;4.A.3.a.2.n.2:0.01243;4.A.3.b.6.h.17:0.10468;4.A.4.a.1.a.6:0.07016;4.A.4.a.2.c.3:0.06849;4.A.4.b.1.f.1:0.03906;4.A.4.b.3.d.6:0.03619;4.A.4.b.4.a.1:0.08844;4.A.4.b.6.e.7:0.03378;4.A.4.c.3.g.2:0.03554
37-2011.00	Janitors and Cleaners, Except Maids and Housekeeping Cleaners	门卫与清洁工	3	21	4.A.1.a.2.g.3:0.05410;4.A.2.b.1.j.4:0.04818;4.A.3.a.1.a.5:0.10486;4.A.3.a.1.c.11:0.15724;4.A.3.a.1.c.12:0.09635;4.A.3.a.1.c.23:0.02274;4.A.3.a.1.c.3:0.10958;4.A.3.a.1.c.4:0.01606;4.A.3.a.1.e.3:0.01327;4.A.3.a.1.e.7:0.05449;4.A.3.a.1.j.8:0.06570;4.A.3.a.2.ag.1:0.04328;4.A.3.a.2.h.4:0.02164;4.A.3.a.2.n.2:0.01327;4.A.3.a.3.k.3:0.01327;4.A.3.a.4.a.12:0.06692;4.A.3.b.5.a.3:0.04496;4.A.4.a.2.c.3:0.05410
37-2012.00	Maids and Housekeeping Cleaners	客房清洁工	2	20	4.A.1.a.2.g.3:0.05233;4.A.2.a.2.b.6:0.02554;4.A.2.b.5.b.6:0.04482;4.A.3.a.1.c.11:0.10328;4.A.3.a.1.c.12:0.08200;4.A.3.a.1.c.3:0.14152;4.A.3.a.1.c.4:0.07881;4.A.3.a.1.e.7:0.05258;4.A.3.a.1.h.1:0.02554;4.A.3.a.1.j.4:0.05483;4.A.3.a.1.j.8:0.11636;4.A.3.a.2.h.4:0.04488;4.A.3.b.5.a.3:0.04594;4.A.4.c.3.g.2:0.13157
37-2021.00	Pest Control Workers	害虫防治员	2	14	4.A.1.a.1.b.12:0.06551;4.A.1.b.2.e.16:0.07633;4.A.1.b.2.f.17:0.01494;4.A.1.b.3.b.3:0.08116;4.A.3.a.1.c.12:0.08483;4.A.3.a.1.d.2:0.01494;4.A.3.a.1.k.2:0.03295;4.A.3.a.2.ag.1:0.18300;4.A.3.a.2.ag.7:0.08116;4.A.3.a.2.v.2:0.01494;4.A.3.a.4.a.12:0.07614;4.A.3.b.6.h.17:0.09063;4.A.4.a.2.g.7:0.03295;4.A.4.b.4.a.1:0.07034;4.A.4.b.6.b.4:0.08019
37-3011.00	Landscaping and Groundskeeping Workers	园艺与场地养护工	2	19	4.A.1.a.1.b.12:0.05297;4.A.1.b.2.e.16:0.02503;4.A.3.a.1.a.5:0.01369;4.A.3.a.1.c.12:0.02884;4.A.3.a.1.c.23:0.04703;4.A.3.a.1.e.3:0.05145;4.A.3.a.1.e.7:0.06003;4.A.3.a.1.q.3:0.22593;4.A.3.a.1.q.5:0.02427;4.A.3.a.1.q.8:0.05242;4.A.3.a.2.a.18:0.03914;4.A.3.a.2.ag.7:0.01369;4.A.3.a.2.n.2:0.09066;4.A.3.a.3.k.3:0.19205;4.A.3.a.4.a.12:0.03105;4.A.3.b.5.a.3:0.05173
37-3012.00	Pesticide Handlers, Sprayers, and Applicators, Vegetation	植物农药喷洒操作员	2	12	4.A.1.a.2.i.1:0.09050;4.A.2.b.1.d.12:0.04384;4.A.2.b.2.l.5:0.04384;4.A.3.a.1.a.5:0.20026;4.A.3.a.1.c.4:0.04287;4.A.3.a.1.q.5:0.02468;4.A.3.a.2.ag.7:0.17406;4.A.3.a.3.k.3:0.20091;4.A.3.b.5.a.3:0.04287;4.A.3.b.6.h.2:0.05142;4.A.3.b.6.h.5:0.05142;4.A.4.b.3.d.6:0.03334
37-3013.00	Tree Trimmers and Pruners	树木修剪工	2	24	4.A.1.a.2.i.1:0.04403;4.A.1.b.3.b.3:0.04436;4.A.3.a.1.a.5:0.01191;4.A.3.a.1.c.4:0.04731;4.A.3.a.1.e.3:0.14527;4.A.3.a.1.n.1:0.04469;4.A.3.a.1.q.5:0.03486;4.A.3.a.1.q.8:0.03934;4.A.3.a.2.a.18:0.03759;4.A.3.a.2.ag.7:0.10555;4.A.3.a.2.n.2:0.13172;4.A.3.a.3.k.3:0.18073;4.A.3.a.4.a.12:0.04589;4.A.4.a.1.a.6:0.04229;4.A.4.b.3.d.6:0.02224;4.A.4.b.4.a.1:0.02224
39-1013.00	First-Line Supervisors of Gambling Services Workers	博彩服务人员一线主管	2	30	4.A.1.a.2.b.3:0.10458;4.A.1.a.2.f.2:0.05235;4.A.2.a.1.d.4:0.02402;4.A.2.b.2.v.3:0.02770;4.A.2.b.3.a.17:0.03537;4.A.3.a.1.c.6:0.02942;4.A.3.a.1.k.10:0.01624;4.A.3.b.4.a.2:0.03560;4.A.3.b.6.j.3:0.05282;4.A.3.b.6.o.1:0.04965;4.A.4.a.1.b.4:0.03521;4.A.4.a.5.j.2:0.03607;4.A.4.a.8.b.1:0.05164;4.A.4.a.8.b.2:0.05012;4.A.4.a.8.c.2:0.03419;4.A.4.a.8.c.5:0.03607;4.A.4.b.1.a.4:0.10113;4.A.4.b.1.f.4:0.00833;4.A.4.b.1.f.6:0.03169;4.A.4.b.3.d.20:0.00833;4.A.4.b.4.a.4:0.03869;4.A.4.b.4.h.1:0.02504;4.A.4.c.1.c.13:0.04883;4.A.4.c.2.a.2:0.01667;4.A.4.c.2.a.3:0.01667;4.A.4.c.3.c.5:0.03357
39-1014.00	First-Line Supervisors of Entertainment and Recreation Workers, Except Gambling Services	娱乐休闲人员一线主管	2	19	4.A.1.b.2.e.7:0.02603;4.A.1.b.2.g.18:0.02603;4.A.2.a.1.d.4:0.09897;4.A.2.b.2.v.3:0.02855;4.A.2.b.3.a.16:0.04364;4.A.2.b.3.a.17:0.05193;4.A.3.b.6.o.1:0.04418;4.A.4.a.1.b.4:0.08184;4.A.4.a.2.c.14:0.02855;4.A.4.a.3.c.3:0.05791;4.A.4.a.8.c.5:0.10522;4.A.4.b.1.e.1:0.02766;4.A.4.b.1.f.6:0.05846;4.A.4.b.2.a.5:0.05261;4.A.4.b.3.d.20:0.02909;4.A.4.b.4.a.4:0.05492;4.A.4.b.4.j.18:0.07756;4.A.4.c.2.b.1:0.05438;4.A.4.c.3.e.1:0.05247
39-1022.00	First-Line Supervisors of Personal Service Workers	个人服务人员一线主管	3	17	4.A.1.a.1.v.2:0.05954;4.A.1.b.2.e.7:0.02984;4.A.1.b.2.g.18:0.02984;4.A.2.a.1.d.4:0.12024;4.A.2.b.3.a.16:0.05781;4.A.2.b.3.a.17:0.06358;4.A.4.a.1.b.4:0.08744;4.A.4.a.2.c.10:0.05724;4.A.4.a.6.c.12:0.04916;4.A.4.a.8.c.5:0.11866;4.A.4.b.1.f.4:0.05681;4.A.4.b.1.f.6:0.06286;4.A.4.b.3.d.20:0.03280;4.A.4.b.4.a.4:0.05839;4.A.4.c.2.b.1:0.06228;4.A.4.c.3.e.1:0.05349
39-2011.00	Animal Trainers	动物训练师	2	15	4.A.1.a.2.e.5:0.06908;4.A.2.a.1.d.5:0.13089;4.A.3.a.1.c.9:0.02303;4.A.3.a.2.j.1:0.41970;4.A.3.b.4.a.1:0.02303;4.A.3.b.6.f.2:0.06529;4.A.4.a.2.j.1:0.05722;4.A.4.a.5.c.2:0.06718;4.A.4.a.5.d.2:0.02303;4.A.4.b.1.d.2:0.07082;4.A.4.b.1.e.1:0.05074
39-2021.00	Animal Caretakers	动物饲养员	2	22	4.A.1.a.2.e.5:0.05109;4.A.1.a.2.f.2:0.02376;4.A.2.b.5.c.1:0.02315;4.A.3.a.1.c.15:0.04719;4.A.3.a.1.c.18:0.01662;4.A.3.a.1.c.9:0.01662;4.A.3.a.2.c.11:0.05008;4.A.3.a.2.j.1:0.04151;4.A.3.b.4.a.1:0.10098;4.A.3.b.6.f.2:0.04875;4.A.4.a.1.b.4:0.02376;4.A.4.a.1.e.3:0.01469;4.A.4.a.2.j.1:0.04329;4.A.4.a.5.c.2:0.09416;4.A.4.a.5.d.2:0.23584;4.A.4.a.5.d.4:0.01469;4.A.4.a.6.b.5:0.03194;4.A.4.a.8.c.2:0.04652;4.A.4.b.6.a.1:0.01469;4.A.4.c.1.a.10:0.02315;4.A.4.c.3.a.4:0.01875;4.A.4.c.3.e.1:0.01875
39-3011.00	Gambling Dealers	发牌员	2	21	4.A.1.a.2.b.3:0.02403;4.A.1.b.2.g.18:0.04994;4.A.1.b.3.c.2:0.04796;4.A.3.a.1.l.3:0.04577;4.A.3.b.6.j.3:0.02445;4.A.3.b.6.o.1:0.04296;4.A.4.a.5.a.1:0.04035;4.A.4.a.5.j.2:0.05099;4.A.4.a.8.b.1:0.04807;4.A.4.a.8.b.2:0.38474;4.A.4.a.8.c.2:0.04702;4.A.4.b.3.d.20:0.04358;4.A.4.b.4.a.4:0.02403;4.A.4.c.1.c.13:0.12611
39-3012.00	Gambling and Sports Book Writers and Runners	博彩登记员与跑单员	2	17	4.A.1.b.2.g.18:0.05527;4.A.1.b.3.c.1:0.02344;4.A.1.b.3.c.2:0.03125;4.A.3.b.6.j.3:0.09679;4.A.3.b.6.o.1:0.05700;4.A.4.a.7.a.3:0.03154;4.A.4.a.8.b.1:0.11343;4.A.4.a.8.b.2:0.28892;4.A.4.a.8.c.2:0.06612;4.A.4.b.4.a.4:0.03154;4.A.4.c.1.c.13:0.20472
39-3021.00	Motion Picture Projectionists	电影放映员	2	17	4.A.1.a.2.b.3:0.06729;4.A.1.b.2.g.18:0.15420;4.A.2.b.5.a.1:0.06421;4.A.3.a.1.c.5:0.04996;4.A.3.a.2.at.4:0.08155;4.A.3.a.3.e.5:0.40898;4.A.3.b.4.a.2:0.11989;4.A.3.b.6.o.1:0.05392
39-3031.00	Ushers, Lobby Attendants, and Ticket Takers	引座员与检票员	2	23	4.A.1.a.2.g.1:0.04879;4.A.2.a.2.e.5:0.14294;4.A.3.a.1.c.9:0.05058;4.A.3.a.1.l.3:0.08631;4.A.3.a.2.h.1:0.03621;4.A.3.b.6.o.1:0.04452;4.A.4.a.2.h.4:0.03562;4.A.4.a.3.c.10:0.04238;4.A.4.a.3.c.3:0.07361;4.A.4.a.3.c.7:0.03692;4.A.4.a.5.i.7:0.04986;4.A.4.a.5.j.2:0.04630;4.A.4.a.6.b.5:0.12412;4.A.4.a.7.a.3:0.02173;4.A.4.a.8.c.1:0.04393;4.A.4.a.8.c.2:0.03574;4.A.4.a.8.c.5:0.02173;4.A.4.b.1.f.6:0.01911;4.A.4.b.4.a.4:0.01911;4.A.4.c.3.a.4:0.02048
39-3091.00	Amusement and Recreation Attendants	娱乐休闲场所服务员	2	17	4.A.1.a.2.b.3:0.03125;4.A.1.b.2.g.18:0.06082;4.A.2.a.2.e.5:0.05964;4.A.2.b.3.a.17:0.06552;4.A.2.b.5.a.1:0.05108;4.A.3.a.1.c.15:0.03049;4.A.3.a.1.c.9:0.03049;4.A.3.b.6.j.3:0.03091;4.A.3.b.6.o.1:0.03091;4.A.4.a.1.b.4:0.10837;4.A.4.a.3.c.10:0.06284;4.A.4.a.3.c.3:0.09056;4.A.4.a.5.j.4:0.09106;4.A.4.a.6.b.5:0.14214;4.A.4.b.1.a.4:0.03125;4.A.4.c.3.a.4:0.05914;4.A.4.c.3.c.5:0.02352
39-3092.00	Costume Attendants	服装管理员	2	21	4.A.1.a.1.a.1:0.05282;4.A.1.a.1.a.3:0.08887;4.A.1.a.2.b.3:0.03579;4.A.2.a.1.e.3:0.05322;4.A.2.b.2.t.2:0.05322;4.A.3.a.1.h.2:0.08445;4.A.3.a.1.j.5:0.04437;4.A.3.a.2.h.5:0.05456;4.A.3.b.4.a.1:0.02239;4.A.3.b.6.o.1:0.05630;4.A.4.a.2.h.1:0.05013;4.A.4.b.1.f.6:0.05630;4.A.4.b.3.d.20:0.02259;4.A.4.b.4.a.4:0.04558;4.A.4.b.4.h.1:0.04504;4.A.4.c.2.b.1:0.02259;4.A.4.c.3.a.4:0.05114;4.A.4.c.3.c.4:0.02239;4.A.4.c.3.c.5:0.02647;4.A.4.c.3.e.1:0.04678;4.A.4.c.3.g.1:0.06501
39-3093.00	Locker Room, Coatroom, and Dressing Room Attendants	更衣室衣帽间服务员	2	24	4.A.1.a.2.f.2:0.04102;4.A.1.b.1.a.3:0.03719;4.A.3.a.1.c.18:0.04454;4.A.3.a.1.c.9:0.04656;4.A.3.a.1.h.2:0.08727;4.A.3.a.1.j.9:0.07871;4.A.3.a.2.ak.7:0.04313;4.A.3.a.2.at.11:0.03900;4.A.3.b.4.a.1:0.03819;4.A.3.b.4.a.2:0.01985;4.A.3.b.4.c.1:0.01985;4.A.3.b.6.o.1:0.02076;4.A.4.a.1.b.4:0.01975;4.A.4.a.5.a.3:0.04212;4.A.4.a.5.g.2:0.04273;4.A.4.a.5.j.9:0.04212;4.A.4.a.8.c.2:0.01975;4.A.4.a.8.c.5:0.04454;4.A.4.b.1.a.4:0.02076;4.A.4.c.3.a.4:0.04142;4.A.4.c.3.c.4:0.08112;4.A.4.c.3.c.5:0.04485;4.A.4.c.3.e.6:0.04243;4.A.4.c.3.g.1:0.04233
39-4011.00	Embalmers	遗体防腐师	3	26	4.A.1.a.1.l.3:0.03963;4.A.1.a.2.k.3:0.04262;4.A.3.a.1.c.5:0.02047;4.A.3.a.1.c.6:0.02047;4.A.3.a.1.j.1:0.04051;4.A.3.a.1.j.7:0.05580;4.A.3.a.2.as.3:0.04086;4.A.3.a.2.h.5:0.03559;4.A.3.a.2.u.2:0.03787;4.A.3.a.2.u.4:0.04165;4.A.3.a.2.z.1:0.38559;4.A.3.b.4.a.2:0.01757;4.A.3.b.6.h.6:0.03822;4.A.4.a.3.a.1:0.01049;4.A.4.a.5.k.1:0.01049;4.A.4.b.4.a.4:0.03673;4.A.4.b.4.j.6:0.11494;4.A.4.c.1.a.2:0.01049
39-4012.00	Crematory Operators	火化场操作员	2	12	4.A.2.a.2.a.2:0.08333;4.A.3.a.1.c.6:0.08333;4.A.3.a.1.c.9:0.08333;4.A.3.a.1.f.2:0.04167;4.A.3.a.1.j.1:0.04167;4.A.3.a.1.j.7:0.04167;4.A.3.a.2.i.7:0.04167;4.A.3.a.2.u.2:0.02778;4.A.3.a.2.u.4:0.02778;4.A.3.a.2.z.1:0.02778;4.A.3.a.3.l.1:0.08333;4.A.3.a.4.a.3:0.08333;4.A.3.b.6.h.9:0.08333;4.A.4.a.1.a.2:0.04167;4.A.4.a.1.a.3:0.04167;4.A.4.a.5.k.7:0.08333;4.A.4.b.6.j.3:0.08333
39-4021.00	Funeral Attendants	殡仪服务员	2	24	4.A.1.b.1.b.6:0.04393;4.A.3.a.1.c.15:0.01969;4.A.3.a.1.c.9:0.04046;4.A.3.a.1.f.12:0.02236;4.A.3.a.1.f.2:0.02236;4.A.3.a.1.j.1:0.04491;4.A.3.a.1.j.5:0.07628;4.A.3.a.1.j.7:0.12545;4.A.3.a.1.l.2:0.02152;4.A.3.a.2.h.5:0.04027;4.A.3.a.2.u.4:0.02310;4.A.3.a.2.z.1:0.02310;4.A.3.a.4.a.9:0.01969;4.A.3.b.4.a.1:0.03779;4.A.3.b.6.l.5:0.04521;4.A.4.a.3.c.10:0.02152;4.A.4.a.5.j.2:0.04472;4.A.4.a.5.j.4:0.04244;4.A.4.b.4.j.6:0.03928;4.A.4.b.6.j.3:0.07835;4.A.4.c.1.a.10:0.08597;4.A.4.c.1.a.9:0.04491;4.A.4.c.3.c.4:0.03670
39-4031.00	Morticians, Undertakers, and Funeral Arrangers	殡葬师与殡葬策划人	3	22	4.A.1.a.1.d.6:0.05121;4.A.2.b.5.a.1:0.04951;4.A.3.a.1.c.9:0.04122;4.A.3.a.1.j.1:0.04994;4.A.3.a.1.j.7:0.02380;4.A.3.a.1.l.2:0.04388;4.A.3.a.1.l.3:0.03899;4.A.3.a.2.h.5:0.02162;4.A.3.a.2.z.1:0.05100;4.A.3.b.6.j.3:0.02215;4.A.4.a.2.j.1:0.14290;4.A.4.a.6.c.12:0.03889;4.A.4.b.3.d.20:0.01360;4.A.4.b.4.a.4:0.01360;4.A.4.b.4.j.6:0.27438;4.A.4.b.6.j.3:0.08755;4.A.4.c.2.b.1:0.01360;4.A.4.c.3.e.1:0.02215
39-5011.00	Barbers	理发师	3	20	4.A.1.b.3.a.4:0.01141;4.A.1.b.3.e.1:0.01141;4.A.2.b.3.a.16:0.04924;4.A.3.a.1.c.15:0.06069;4.A.3.a.1.c.9:0.05860;4.A.3.a.1.d.2:0.05848;4.A.3.a.2.ae.1:0.01141;4.A.3.a.2.ae.2:0.16952;4.A.3.a.2.au.2:0.01354;4.A.3.a.2.au.3:0.01354;4.A.3.a.2.b.1:0.01354;4.A.3.a.2.u.1:0.01877;4.A.3.a.2.u.2:0.06715;4.A.3.a.2.u.3:0.04555;4.A.3.b.6.h.6:0.05023;4.A.3.b.6.j.3:0.05429;4.A.4.a.2.j.1:0.05983;4.A.4.a.5.b.4:0.04358;4.A.4.a.6.b.5:0.02154;4.A.4.a.6.c.12:0.02154;4.A.4.b.4.a.4:0.01711;4.A.4.b.6.a.3:0.04690;4.A.4.c.1.a.10:0.01711;4.A.4.c.2.b.1:0.01711;4.A.4.c.3.e.1:0.04789
39-5012.00	Hairdressers, Hairstylists, and Cosmetologists	美发师与美容师	3	20	4.A.2.a.1.f.5:0.05315;4.A.2.b.2.t.2:0.04873;4.A.2.b.5.c.1:0.05531;4.A.3.a.1.c.15:0.02873;4.A.3.a.1.c.9:0.02873;4.A.3.a.2.ae.1:0.13839;4.A.3.a.2.ae.2:0.12594;4.A.3.a.2.h.2:0.02287;4.A.3.a.2.u.2:0.02694;4.A.3.a.2.u.3:0.10655;4.A.3.b.6.h.6:0.05339;4.A.4.a.5.b.4:0.05196;4.A.4.a.5.c.2:0.02370;4.A.4.a.6.b.5:0.01612;4.A.4.a.6.c.12:0.01612;4.A.4.b.3.d.20:0.02191;4.A.4.b.3.e.6:0.01612;4.A.4.b.4.a.4:0.02191;4.A.4.b.6.a.3:0.06992;4.A.4.c.1.c.1:0.05064;4.A.4.c.3.e.1:0.02287
39-5091.00	Makeup Artists, Theatrical and Performance	舞台表演化妆师	3	22	4.A.1.a.1.a.3:0.18934;4.A.2.a.1.f.5:0.04715;4.A.2.b.2.t.2:0.08063;4.A.3.a.1.c.15:0.02649;4.A.3.a.1.c.4:0.02649;4.A.3.a.2.ae.1:0.03179;4.A.3.a.2.u.2:0.04450;4.A.3.a.2.u.4:0.28894;4.A.3.b.6.o.1:0.04736;4.A.4.a.2.h.1:0.08402;4.A.4.b.3.e.6:0.01764;4.A.4.b.3.f.7:0.01764;4.A.4.b.4.h.1:0.04853;4.A.4.c.3.e.1:0.04948
39-5092.00	Manicurists and Pedicurists	美甲美足师	2	18	4.A.2.a.1.f.5:0.02826;4.A.2.b.5.c.1:0.05706;4.A.3.a.1.c.15:0.06362;4.A.3.a.2.u.1:0.66193;4.A.3.b.6.h.6:0.03087;4.A.4.a.5.b.4:0.02826;4.A.4.a.6.b.5:0.02170;4.A.4.a.6.c.12:0.02170;4.A.4.b.6.a.3:0.05572;4.A.4.c.3.a.4:0.03087
39-5093.00	Shampooers	洗发员	2	4	4.A.3.a.2.u.2:0.13158;4.A.3.a.2.u.3:0.22643;4.A.3.b.6.h.6:0.25055;4.A.4.a.5.b.4:0.13158;4.A.4.b.6.a.3:0.25987
39-5094.00	Skincare Specialists	皮肤护理专员	3	18	4.A.2.a.1.f.5:0.11981;4.A.2.b.3.a.16:0.05755;4.A.3.a.1.c.15:0.03176;4.A.3.a.1.c.9:0.03176;4.A.3.a.2.u.2:0.34722;4.A.3.a.2.u.3:0.04752;4.A.3.b.6.h.6:0.06009;4.A.4.a.2.d.5:0.05844;4.A.4.a.5.b.4:0.05476;4.A.4.a.6.b.5:0.03379;4.A.4.b.3.e.6:0.02067;4.A.4.b.3.f.7:0.02067;4.A.4.b.6.a.3:0.11595
39-6011.00	Baggage Porters and Bellhops	行李员	2	17	4.A.1.a.2.f.2:0.05913;4.A.1.b.2.e.7:0.05172;4.A.3.a.1.c.9:0.06411;4.A.3.a.1.j.5:0.11911;4.A.3.a.1.j.9:0.12837;4.A.3.a.1.l.2:0.09645;4.A.3.a.2.h.5:0.05257;4.A.3.b.6.j.3:0.05613;4.A.4.a.1.b.4:0.06340;4.A.4.a.3.c.10:0.03184;4.A.4.a.3.c.3:0.03184;4.A.4.a.3.c.7:0.05442;4.A.4.a.5.i.7:0.06240;4.A.4.a.5.j.2:0.03220;4.A.4.a.5.j.9:0.04630;4.A.4.c.1.a.9:0.05001
39-6012.00	Concierges	礼宾员	2	18	4.A.3.a.1.c.9:0.05294;4.A.3.a.1.j.5:0.08475;4.A.3.a.1.j.9:0.02633;4.A.4.a.3.c.10:0.06160;4.A.4.a.3.c.3:0.06621;4.A.4.a.3.c.5:0.04597;4.A.4.a.3.c.8:0.01784;4.A.4.a.5.i.7:0.01784;4.A.4.a.5.j.9:0.40349;4.A.4.a.6.b.5:0.05467;4.A.4.b.1.e.1:0.05684;4.A.4.b.4.j.29:0.02986;4.A.4.c.1.a.10:0.05179;4.A.4.c.3.e.1:0.02986
39-7011.00	Tour Guides and Escorts	导游与随行向导	3	19	4.A.1.a.1.d.6:0.05518;4.A.1.a.2.f.2:0.05958;4.A.3.a.1.l.1:0.06171;4.A.3.a.4.a.9:0.05238;4.A.4.a.1.b.4:0.07777;4.A.4.a.1.c.1:0.01946;4.A.4.a.3.c.10:0.05358;4.A.4.a.3.c.3:0.05924;4.A.4.a.5.g.2:0.05544;4.A.4.a.5.j.2:0.04638;4.A.4.a.6.b.5:0.02073;4.A.4.a.6.c.12:0.02073;4.A.4.a.8.c.2:0.03239;4.A.4.b.1.e.1:0.04905;4.A.4.b.3.a.3:0.05571;4.A.4.b.3.d.20:0.05118;4.A.4.b.3.e.6:0.05038;4.A.4.c.1.a.10:0.04785;4.A.4.c.3.c.5:0.02692;4.A.4.c.3.d.2:0.04971;4.A.4.c.3.g.1:0.05464
39-7012.00	Travel Guides	旅行向导	2	17	4.A.2.a.1.b.1:0.02851;4.A.3.a.1.l.1:0.03283;4.A.3.a.2.c.11:0.05353;4.A.3.a.4.a.9:0.06483;4.A.3.b.6.j.3:0.02914;4.A.4.a.1.b.4:0.06608;4.A.4.a.2.c.10:0.02851;4.A.4.a.3.c.3:0.08609;4.A.4.a.5.g.2:0.05242;4.A.4.a.5.i.7:0.05827;4.A.4.a.5.j.9:0.11446;4.A.4.a.6.b.5:0.11892;4.A.4.a.8.c.5:0.06204;4.A.4.b.1.e.1:0.06343;4.A.4.b.3.e.6:0.05521;4.A.4.b.4.h.1:0.02914;4.A.4.c.3.g.1:0.05660
39-9011.00	Childcare Workers	儿童看护员	2	24	4.A.1.a.2.e.5:0.02127;4.A.1.a.2.f.6:0.04485;4.A.2.b.2.l.9:0.04103;4.A.3.a.1.c.15:0.08547;4.A.3.a.1.c.18:0.04082;4.A.3.a.1.l.6:0.03469;4.A.3.a.2.af.2:0.04696;4.A.3.a.2.c.11:0.04042;4.A.3.a.2.h.5:0.04203;4.A.3.b.6.h.6:0.04294;4.A.4.a.5.i.4:0.03841;4.A.4.a.5.i.7:0.04364;4.A.4.a.5.i.8:0.04334;4.A.4.a.5.l.1:0.04183;4.A.4.b.1.e.1:0.03821;4.A.4.b.1.f.6:0.01284;4.A.4.b.3.a.3:0.12227;4.A.4.b.3.d.20:0.01284;4.A.4.b.3.f.7:0.04213;4.A.4.b.6.g.3:0.06551;4.A.4.b.6.j.3:0.04374;4.A.4.c.1.a.10:0.04193;4.A.4.c.2.b.1:0.01284
39-9011.01	Nannies	保姆	2	19	4.A.1.a.2.e.5:0.01811;4.A.1.a.2.g.1:0.05865;4.A.3.a.1.c.18:0.04951;4.A.3.a.1.l.2:0.04903;4.A.3.a.2.c.11:0.05672;4.A.3.a.4.a.9:0.01811;4.A.3.b.6.h.6:0.04567;4.A.4.a.5.c.2:0.01811;4.A.4.a.5.g.2:0.05865;4.A.4.a.5.i.4:0.10059;4.A.4.a.5.i.8:0.01725;4.A.4.b.1.e.1:0.05480;4.A.4.b.3.a.3:0.27605;4.A.4.b.3.f.7:0.05817;4.A.4.b.6.g.3:0.10335;4.A.4.c.3.e.6:0.01725
39-9031.00	Exercise Trainers and Group Fitness Instructors	健身教练与团体健身指导员	3	20	4.A.2.a.1.d.5:0.06019;4.A.2.b.2.l.9:0.13764;4.A.3.a.1.k.10:0.02790;4.A.3.b.4.a.2:0.05236;4.A.3.b.6.h.6:0.01321;4.A.4.a.1.b.4:0.02790;4.A.4.a.5.g.2:0.04739;4.A.4.a.6.b.5:0.01321;4.A.4.a.6.c.12:0.01321;4.A.4.b.1.e.1:0.07885;4.A.4.b.3.e.6:0.04885;4.A.4.b.3.f.1:0.31357;4.A.4.b.3.f.7:0.04892;4.A.4.b.6.a.3:0.02764;4.A.4.b.6.b.3:0.04191;4.A.4.c.3.a.4:0.02363;4.A.4.c.3.c.5:0.02363
39-9032.00	Recreation Workers	休闲活动工作者	4	24	4.A.1.a.1.d.6:0.04517;4.A.1.a.2.b.8:0.12570;4.A.2.a.1.d.4:0.02000;4.A.2.b.2.a.1:0.04021;4.A.2.b.2.v.3:0.03778;4.A.2.b.5.a.1:0.04201;4.A.3.a.1.k.10:0.04580;4.A.3.a.1.l.6:0.03842;4.A.3.a.2.h.5:0.01842;4.A.3.b.6.f.2:0.04190;4.A.3.b.6.o.1:0.06317;4.A.4.a.1.b.4:0.08232;4.A.4.a.2.c.9:0.04274;4.A.4.a.5.g.2:0.04454;4.A.4.a.5.j.2:0.02095;4.A.4.a.6.c.12:0.02264;4.A.4.b.1.a.4:0.04106;4.A.4.b.1.e.1:0.08327;4.A.4.b.1.f.6:0.01400;4.A.4.b.2.a.2:0.04169;4.A.4.b.3.d.20:0.01400;4.A.4.b.3.e.6:0.02158;4.A.4.b.4.a.4:0.01400;4.A.4.b.6.j.3:0.03863
39-9041.00	Residential Advisors	住宿辅导员	3	30	4.A.1.a.1.l.4:0.03311;4.A.1.a.2.f.2:0.03868;4.A.1.a.2.f.5:0.03311;4.A.1.a.2.g.1:0.03720;4.A.1.b.2.e.7:0.01769;4.A.2.a.1.d.4:0.01263;4.A.2.b.2.l.9:0.05201;4.A.2.b.2.v.3:0.03511;4.A.3.a.1.j.5:0.02736;4.A.3.a.1.k.10:0.03607;4.A.3.a.1.l.2:0.03084;4.A.3.a.1.l.6:0.06194;4.A.3.a.2.ak.7:0.01198;4.A.3.a.2.ap.5:0.01198;4.A.3.b.6.h.6:0.03224;4.A.4.a.2.c.4:0.03241;4.A.4.a.3.c.6:0.03389;4.A.4.a.5.g.2:0.03781;4.A.4.a.7.a.3:0.03694;4.A.4.b.1.a.4:0.05750;4.A.4.b.1.e.1:0.03032;4.A.4.b.3.a.3:0.01742;4.A.4.b.3.d.20:0.01263;4.A.4.b.4.a.4:0.07710;4.A.4.b.4.h.1:0.03415;4.A.4.b.6.j.3:0.03285;4.A.4.c.1.a.10:0.03302;4.A.4.c.1.a.9:0.03250;4.A.4.c.3.c.4:0.03084;4.A.4.c.3.e.1:0.02866
41-1011.00	First-Line Supervisors of Retail Sales Workers	零售销售人员一线主管	2	21	4.A.1.a.2.c.3:0.04968;4.A.1.a.2.g.6:0.04570;4.A.1.a.2.h.1:0.04388;4.A.1.b.2.j.7:0.09571;4.A.2.b.1.c.2:0.02211;4.A.2.b.2.c.3:0.05760;4.A.2.b.2.l.5:0.14369;4.A.3.a.1.c.5:0.01584;4.A.3.a.2.h.2:0.03172;4.A.3.b.6.a.2:0.02370;4.A.3.b.6.j.2:0.04763;4.A.4.a.5.j.2:0.02671;4.A.4.a.6.b.5:0.01584;4.A.4.a.8.c.3:0.02671;4.A.4.b.1.f.6:0.09594;4.A.4.b.3.d.5:0.07281;4.A.4.b.4.a.16:0.07576;4.A.4.b.4.h.4:0.02211;4.A.4.b.4.j.5:0.01588;4.A.4.c.3.e.4:0.02364;4.A.4.c.3.g.4:0.04735
41-1012.00	First-Line Supervisors of Non-Retail Sales Workers	非零售销售人员一线主管	4	18	4.A.1.a.1.n.2:0.02915;4.A.1.a.2.c.3:0.05915;4.A.1.b.2.j.7:0.11213;4.A.2.a.4.b.4:0.05470;4.A.2.b.2.c.3:0.05441;4.A.2.b.2.l.5:0.05829;4.A.3.b.6.a.2:0.05772;4.A.3.b.6.j.2:0.05556;4.A.3.b.6.m.1:0.04695;4.A.4.a.1.a.5:0.02785;4.A.4.a.2.c.2:0.02915;4.A.4.a.2.c.20:0.02915;4.A.4.a.2.h.6:0.05212;4.A.4.a.6.c.5:0.02915;4.A.4.a.8.c.3:0.02785;4.A.4.b.1.f.6:0.05384;4.A.4.b.3.d.5:0.05542;4.A.4.b.4.a.16:0.05915;4.A.4.b.4.j.5:0.05384;4.A.4.c.3.e.4:0.02721;4.A.4.c.3.g.4:0.02721
41-2011.00	Cashiers	收银员	2	28	4.A.1.a.2.c.3:0.05389;4.A.1.b.3.a.8:0.03612;4.A.2.a.2.d.1:0.05692;4.A.2.a.2.d.3:0.03603;4.A.2.b.1.a.7:0.07350;4.A.3.a.1.c.5:0.03283;4.A.3.a.2.ak.1:0.03406;4.A.3.a.2.ap.6:0.01699;4.A.3.b.6.j.1:0.03620;4.A.3.b.6.j.2:0.08881;4.A.4.a.1.a.5:0.03649;4.A.4.a.2.c.1:0.03521;4.A.4.a.3.c.11:0.03603;4.A.4.a.3.c.8:0.06731;4.A.4.a.5.j.2:0.03858;4.A.4.a.5.j.3:0.01720;4.A.4.a.6.b.5:0.03431;4.A.4.a.8.c.3:0.03649;4.A.4.b.3.d.5:0.01740;4.A.4.b.4.a.16:0.01740;4.A.4.c.1.c.11:0.09074;4.A.4.c.1.c.5:0.09049;4.A.4.c.1.e.5:0.01699
41-2012.00	Gambling Change Persons and Booth Cashiers	博彩兑换与柜台收银员	2	13	4.A.1.a.1.q.3:0.08081;4.A.1.a.2.g.6:0.07947;4.A.1.b.3.c.2:0.08014;4.A.2.a.2.a.3:0.07428;4.A.2.a.2.a.4:0.03982;4.A.2.a.2.d.1:0.11912;4.A.2.a.2.e.1:0.03974;4.A.2.a.2.e.5:0.03974;4.A.3.a.1.c.5:0.03254;4.A.3.a.1.c.6:0.03254;4.A.3.b.6.j.2:0.08165;4.A.4.a.6.b.5:0.07194;4.A.4.c.1.c.11:0.03999;4.A.4.c.1.c.5:0.18822
41-2021.00	Counter and Rental Clerks	柜台与租赁服务员	2	16	4.A.1.a.1.n.2:0.03270;4.A.1.b.2.j.7:0.12528;4.A.2.b.1.a.7:0.03488;4.A.3.a.2.h.2:0.05673;4.A.3.b.6.j.2:0.09220;4.A.3.b.6.m.1:0.06346;4.A.4.a.1.a.5:0.03293;4.A.4.a.1.d.3:0.06586;4.A.4.a.5.j.2:0.03270;4.A.4.a.5.j.9:0.04939;4.A.4.a.6.b.5:0.03173;4.A.4.a.8.c.3:0.03233;4.A.4.b.6.b.3:0.12655;4.A.4.b.6.b.4:0.02791;4.A.4.c.1.c.10:0.12872;4.A.4.c.1.c.11:0.06661
41-2022.00	Parts Salespersons	零配件销售员	2	19	4.A.1.a.1.n.2:0.11075;4.A.1.b.2.j.7:0.02684;4.A.1.b.3.a.4:0.04590;4.A.2.a.4.g.15:0.02665;4.A.2.b.1.a.5:0.02665;4.A.3.a.1.c.5:0.05193;4.A.3.a.2.ak.1:0.05293;4.A.3.a.2.h.2:0.05130;4.A.3.b.4.b.4:0.04340;4.A.3.b.6.m.1:0.05619;4.A.4.a.1.a.5:0.08184;4.A.4.a.6.c.2:0.02364;4.A.4.b.4.j.29:0.04540;4.A.4.b.6.b.3:0.09883;4.A.4.c.1.c.10:0.02860;4.A.4.c.1.c.11:0.14330;4.A.4.c.3.e.1:0.02878;4.A.4.c.3.g.4:0.05707
41-2031.00	Retail Salespersons	零售销售员	2	24	4.A.1.a.1.n.2:0.02406;4.A.1.a.2.g.6:0.04056;4.A.2.a.2.d.1:0.04395;4.A.2.b.1.a.3:0.11096;4.A.2.b.1.a.7:0.02267;4.A.2.b.3.a.23:0.04454;4.A.3.a.1.c.5:0.03679;4.A.3.a.2.ap.5:0.04116;4.A.3.a.2.h.2:0.08779;4.A.3.b.6.j.2:0.04554;4.A.3.b.6.m.1:0.08033;4.A.4.a.1.a.5:0.02153;4.A.4.a.5.j.10:0.04116;4.A.4.a.5.j.2:0.02406;4.A.4.a.5.j.9:0.03241;4.A.4.a.6.b.5:0.01974;4.A.4.a.6.c.2:0.04305;4.A.4.a.8.c.3:0.04504;4.A.4.b.4.j.29:0.01974;4.A.4.b.6.b.3:0.02153;4.A.4.b.6.b.4:0.04653;4.A.4.c.1.c.11:0.06472;4.A.4.c.3.e.4:0.02108;4.A.4.c.3.g.4:0.02108
41-3011.00	Advertising Sales Agents	广告销售代理	3	20	4.A.1.a.1.n.2:0.02663;4.A.1.b.1.b.2:0.10091;4.A.2.b.1.a.3:0.05265;4.A.2.b.2.c.3:0.07544;4.A.2.b.2.j.3:0.21420;4.A.2.b.3.a.22:0.02663;4.A.2.b.3.a.4:0.02169;4.A.2.b.5.b.7:0.02474;4.A.3.a.1.l.4:0.02474;4.A.3.b.6.g.1:0.02444;4.A.3.b.6.m.1:0.05094;4.A.3.b.6.m.5:0.05131;4.A.4.a.1.a.1:0.05155;4.A.4.a.1.a.5:0.07861;4.A.4.a.4.a.5:0.04790;4.A.4.a.6.c.5:0.02608;4.A.4.a.6.c.7:0.02663;4.A.4.a.6.c.9:0.02462;4.A.4.a.7.b.1:0.02444;4.A.4.c.1.c.11:0.02584
41-3021.00	Insurance Sales Agents	保险销售代理	4	19	4.A.1.a.1.n.2:0.08128;4.A.1.b.1.b.2:0.02758;4.A.1.b.2.j.7:0.04890;4.A.2.a.2.a.4:0.05237;4.A.2.a.3.a.2:0.05276;4.A.2.b.1.a.7:0.02565;4.A.2.b.2.c.3:0.05197;4.A.2.b.3.a.22:0.02378;4.A.2.b.3.a.4:0.02378;4.A.3.b.1.c.1:0.02225;4.A.3.b.1.d.3:0.02225;4.A.3.b.6.j.2:0.02791;4.A.3.b.6.m.1:0.05396;4.A.4.a.1.d.3:0.15530;4.A.4.a.4.a.5:0.02758;4.A.4.a.6.b.3:0.13984;4.A.4.a.6.b.5:0.05823;4.A.4.b.4.e.7:0.05103;4.A.4.c.1.c.10:0.02791;4.A.4.c.1.c.11:0.02565
41-3031.00	Securities, Commodities, and Financial Services Sales Agents	证券商品与金融服务销售代理	4	30	4.A.1.a.1.d.6:0.03333;4.A.1.a.1.n.2:0.05165;4.A.1.a.2.c.3:0.01686;4.A.1.a.2.h.1:0.05423;4.A.1.b.1.b.3:0.05073;4.A.2.a.2.a.4:0.03395;4.A.2.a.4.b.4:0.01646;4.A.2.a.4.k.4:0.02902;4.A.2.b.1.a.3:0.04828;4.A.2.b.1.a.7:0.03053;4.A.3.b.6.a.2:0.06584;4.A.3.b.6.g.1:0.01650;4.A.3.b.6.j.2:0.03658;4.A.3.b.6.m.1:0.01777;4.A.4.a.1.a.5:0.01551;4.A.4.a.1.d.3:0.11315;4.A.4.a.2.e.4:0.03228;4.A.4.a.4.a.5:0.01710;4.A.4.a.6.b.3:0.03403;4.A.4.a.6.b.5:0.07917;4.A.4.a.6.c.5:0.01551;4.A.4.a.7.b.5:0.01667;4.A.4.a.7.b.7:0.09181;4.A.4.b.1.c.7:0.03173;4.A.4.b.4.a.16:0.01686;4.A.4.c.1.c.11:0.01777;4.A.4.c.3.e.6:0.01667
41-3041.00	Travel Agents	旅行代理人	3	8	4.A.1.a.1.d.5:0.12092;4.A.1.a.1.n.2:0.12852;4.A.2.b.1.a.7:0.12852;4.A.3.b.6.h.19:0.12627;4.A.3.b.6.m.1:0.12430;4.A.4.a.6.b.5:0.12852;4.A.4.a.6.c.9:0.11361;4.A.4.c.1.c.11:0.12936
41-3091.00	Sales Representatives of Services, Except Advertising, Insurance, Financial Services, and Travel	其他服务业销售代表	2	15	4.A.1.a.2.h.1:0.05994;4.A.1.b.1.b.2:0.06570;4.A.2.a.1.g.1:0.03211;4.A.2.b.1.a.3:0.06669;4.A.2.b.1.a.7:0.03211;4.A.2.b.2.j.3:0.07163;4.A.2.b.3.a.22:0.02931;4.A.2.b.3.a.4:0.03063;4.A.3.b.6.h.15:0.06619;4.A.3.b.6.m.1:0.06998;4.A.4.a.1.a.5:0.03269;4.A.4.a.6.c.5:0.06949;4.A.4.a.6.c.9:0.06208;4.A.4.a.7.b.7:0.06899;4.A.4.a.8.c.3:0.07196;4.A.4.b.6.b.3:0.07245;4.A.4.b.6.b.4:0.03269;4.A.4.b.6.e.10:0.06537
41-4011.00	Sales Representatives, Wholesale and Manufacturing, Technical and Scientific Products	批发制造业技术科学产品销售代表	4	33	4.A.1.a.1.n.2:0.01701;4.A.1.a.2.c.3:0.02588;4.A.1.a.2.h.1:0.01318;4.A.1.b.1.b.2:0.03055;4.A.2.a.2.a.1:0.02918;4.A.2.a.2.a.3:0.02886;4.A.2.b.1.a.3:0.06530;4.A.2.b.2.j.3:0.03112;4.A.2.b.3.a.22:0.02701;4.A.2.b.3.a.4:0.01318;4.A.3.a.2.ak.1:0.01342;4.A.3.b.6.a.2:0.01548;4.A.3.b.6.h.15:0.03386;4.A.3.b.6.j.2:0.01548;4.A.3.b.6.m.1:0.01709;4.A.4.a.1.a.5:0.07457;4.A.4.a.2.e.4:0.02983;4.A.4.a.2.h.6:0.05958;4.A.4.a.6.b.5:0.06216;4.A.4.a.6.c.2:0.03217;4.A.4.a.6.c.5:0.04982;4.A.4.a.6.c.7:0.01185;4.A.4.a.6.c.9:0.01342;4.A.4.a.7.b.7:0.03467;4.A.4.a.8.c.3:0.03346;4.A.4.b.4.j.29:0.06135;4.A.4.b.4.j.5:0.02983;4.A.4.b.6.b.3:0.08239;4.A.4.b.6.b.4:0.03120;4.A.4.c.1.c.11:0.01709
41-4011.07	Solar Sales Representatives and Assessors	太阳能销售代表与评估员	3	13	4.A.1.a.1.n.2:0.08077;4.A.1.b.1.b.2:0.07863;4.A.1.b.3.d.5:0.07792;4.A.2.a.1.g.3:0.08041;4.A.2.b.2.c.3:0.06671;4.A.2.b.2.j.3:0.02829;4.A.2.b.2.o.1:0.07543;4.A.3.b.6.g.1:0.02829;4.A.3.b.6.m.1:0.02829;4.A.4.a.1.a.5:0.11920;4.A.4.a.1.d.3:0.04074;4.A.4.a.6.b.6:0.15620;4.A.4.a.6.c.2:0.06316;4.A.4.c.1.c.10:0.07597
41-4012.00	Sales Representatives, Wholesale and Manufacturing, Except Technical and Scientific Products	批发制造业非技术产品销售代表	4	18	4.A.1.a.2.h.1:0.02736;4.A.1.b.1.b.2:0.05189;4.A.2.a.2.a.3:0.05323;4.A.2.b.1.a.3:0.04679;4.A.2.b.2.o.1:0.01801;4.A.2.b.3.a.22:0.02736;4.A.3.a.2.ak.1:0.01968;4.A.3.a.2.h.2:0.01968;4.A.3.b.6.a.2:0.02722;4.A.3.b.6.g.1:0.01801;4.A.3.b.6.j.2:0.02722;4.A.3.b.6.m.1:0.05606;4.A.4.a.1.a.5:0.04647;4.A.4.a.6.c.2:0.01770;4.A.4.a.6.c.5:0.01770;4.A.4.a.6.c.9:0.05580;4.A.4.a.7.b.7:0.11590;4.A.4.a.8.c.3:0.05889;4.A.4.b.4.j.29:0.04919;4.A.4.b.4.j.5:0.01968;4.A.4.b.6.b.3:0.05701;4.A.4.b.6.b.4:0.05782;4.A.4.c.1.e.3:0.02601;4.A.4.c.3.e.1:0.02601;4.A.4.c.3.e.4:0.02965;4.A.4.c.3.g.4:0.02965
41-9011.00	Demonstrators and Product Promoters	产品演示与促销员	2	21	4.A.1.a.1.n.2:0.02337;4.A.1.b.1.b.2:0.04932;4.A.2.b.2.j.3:0.04568;4.A.2.b.3.a.22:0.07421;4.A.3.a.1.c.5:0.05249;4.A.3.a.2.ak.1:0.04509;4.A.3.a.2.h.2:0.09688;4.A.3.b.6.j.1:0.05108;4.A.3.b.6.j.2:0.02654;4.A.4.a.1.a.5:0.02619;4.A.4.a.6.b.5:0.02654;4.A.4.a.6.c.11:0.03805;4.A.4.a.6.c.2:0.14167;4.A.4.a.6.c.7:0.04403;4.A.4.a.6.c.9:0.05319;4.A.4.a.8.c.3:0.02390;4.A.4.b.3.d.5:0.04357;4.A.4.b.6.b.3:0.04603;4.A.4.b.6.b.4:0.09218
41-9012.00	Models	模特	2	10	4.A.1.a.1.f.2:0.11397;4.A.1.b.1.b.8:0.05463;4.A.3.a.1.p.2:0.09018;4.A.3.a.2.h.1:0.05062;4.A.3.a.4.a.14:0.05062;4.A.3.b.6.a.2:0.12697;4.A.4.a.2.c.10:0.05463;4.A.4.a.6.c.11:0.45837
41-9021.00	Real Estate Brokers	房地产经纪人	4	19	4.A.1.a.1.d.1:0.10461;4.A.1.a.2.h.1:0.02331;4.A.1.b.3.d.5:0.02548;4.A.2.a.1.i.3:0.11164;4.A.2.a.2.a.4:0.10880;4.A.2.a.2.c.1:0.01000;4.A.2.a.3.b.1:0.04852;4.A.2.b.2.o.20:0.02291;4.A.2.b.3.a.15:0.01000;4.A.2.b.3.a.23:0.08238;4.A.2.b.3.a.5:0.01000;4.A.3.b.1.f.6:0.02291;4.A.3.b.6.m.1:0.06258;4.A.4.a.5.a.3:0.04920;4.A.4.a.6.b.4:0.11948;4.A.4.a.6.b.5:0.02548;4.A.4.a.7.b.7:0.05947;4.A.4.b.4.a.16:0.04920;4.A.4.b.4.j.8:0.05406
41-9022.00	Real Estate Sales Agents	房地产销售代理	2	33	4.A.1.a.1.d.1:0.08182;4.A.1.a.1.n.2:0.03400;4.A.1.b.1.b.2:0.01556;4.A.1.b.1.b.3:0.01366;4.A.1.b.2.j.7:0.02816;4.A.2.a.1.i.3:0.10550;4.A.2.a.2.a.3:0.02953;4.A.2.b.2.j.3:0.03378;4.A.2.b.3.a.4:0.03211;4.A.2.b.5.c.3:0.05799;4.A.3.b.6.g.1:0.01249;4.A.3.b.6.m.1:0.03545;4.A.4.a.1.a.5:0.01571;4.A.4.a.4.a.5:0.02998;4.A.4.a.6.b.4:0.02231;4.A.4.a.6.c.5:0.04698;4.A.4.a.6.c.7:0.01571;4.A.4.a.7.b.7:0.07188;4.A.4.b.1.c.7:0.03590;4.A.4.b.3.d.5:0.02596;4.A.4.b.4.h.3:0.02930;4.A.4.b.4.j.29:0.01943;4.A.4.b.4.l.3:0.03249;4.A.4.b.6.b.4:0.01249;4.A.4.b.6.k.1:0.16182
41-9031.00	Sales Engineers	销售工程师	4	25	4.A.1.a.1.n.2:0.02081;4.A.1.a.2.h.1:0.04236;4.A.1.b.1.b.2:0.08231;4.A.2.b.1.b.2:0.03723;4.A.2.b.1.i.6:0.04142;4.A.2.b.2.c.3:0.03964;4.A.2.b.2.j.3:0.01377;4.A.2.b.3.a.4:0.07541;4.A.3.b.6.a.2:0.04100;4.A.3.b.6.c.8:0.03378;4.A.3.b.6.g.1:0.04790;4.A.3.b.6.j.2:0.04090;4.A.3.b.6.m.1:0.04341;4.A.4.a.1.a.5:0.01377;4.A.4.a.1.d.3:0.02055;4.A.4.a.2.e.4:0.07332;4.A.4.a.2.h.6:0.05951;4.A.4.a.6.b.5:0.06861;4.A.4.a.6.c.2:0.02155;4.A.4.a.6.c.5:0.05679;4.A.4.a.6.c.7:0.01377;4.A.4.b.3.d.5:0.03305;4.A.4.b.4.j.29:0.02008;4.A.4.b.6.b.3:0.03849;4.A.4.b.6.b.4:0.02055
41-9041.00	Telemarketers	电话推销员	2	12	4.A.1.a.2.h.1:0.06412;4.A.1.b.1.b.2:0.07915;4.A.2.b.2.j.3:0.08569;4.A.2.b.5.c.3:0.07067;4.A.3.b.6.h.15:0.26593;4.A.4.a.1.a.5:0.04487;4.A.4.a.3.c.11:0.08531;4.A.4.a.6.c.5:0.17427;4.A.4.a.6.c.7:0.08511;4.A.4.a.8.c.3:0.04487
41-9091.00	Door-to-Door Sales Workers, News and Street Vendors, and Related Workers	上门推销与街头报贩等销售人员	2	12	4.A.1.b.1.b.2:0.09197;4.A.3.a.2.ak.1:0.05631;4.A.3.a.2.h.2:0.07779;4.A.4.a.1.a.5:0.04901;4.A.4.a.6.b.5:0.11981;4.A.4.a.6.c.2:0.04901;4.A.4.a.6.c.5:0.04400;4.A.4.a.6.c.9:0.08259;4.A.4.a.8.c.3:0.08697;4.A.4.b.4.j.29:0.08624;4.A.4.b.4.j.5:0.04400;4.A.4.c.1.c.10:0.09009;4.A.4.c.1.c.11:0.04505;4.A.4.c.3.e.4:0.07716
43-1011.00	First-Line Supervisors of Office and Administrative Support Workers	办公行政支持人员一线主管	3	28	4.A.1.b.3.c.1:0.03736;4.A.2.a.2.c.3:0.01882;4.A.2.a.3.a.2:0.03925;4.A.2.a.4.k.2:0.03717;4.A.2.b.3.a.5:0.03244;4.A.2.b.4.a.1:0.10696;4.A.3.b.2.b.1:0.02251;4.A.3.b.6.c.2:0.01882;4.A.3.b.6.h.26:0.01740;4.A.3.b.6.h.7:0.01740;4.A.4.a.1.b.4:0.05873;4.A.4.a.2.c.15:0.03433;4.A.4.a.2.c.2:0.03622;4.A.4.a.2.g.8:0.02799;4.A.4.a.8.c.1:0.02062;4.A.4.b.1.f.4:0.07632;4.A.4.b.3.d.4:0.07878;4.A.4.b.4.a.8:0.11840;4.A.4.b.4.j.37:0.09618;4.A.4.c.1.a.10:0.03641;4.A.4.c.2.a.8:0.03821;4.A.4.c.3.g.4:0.02970
43-2011.00	Switchboard Operators, Including Answering Service	总机接线员	2	19	4.A.1.a.2.g.8:0.08395;4.A.2.a.2.b.1:0.04894;4.A.2.a.2.d.3:0.02607;4.A.2.a.3.a.8:0.02435;4.A.2.b.5.c.1:0.02293;4.A.3.a.1.k.7:0.05621;4.A.3.a.3.e.6:0.05510;4.A.3.a.3.j.1:0.16506;4.A.3.b.6.h.25:0.04993;4.A.3.b.6.m.5:0.05387;4.A.4.a.2.c.11:0.05362;4.A.4.a.3.c.11:0.08555;4.A.4.a.5.a.1:0.02866;4.A.4.a.5.j.2:0.02866;4.A.4.a.8.c.3:0.05153;4.A.4.c.1.a.2:0.05091;4.A.4.c.1.a.7:0.02435;4.A.4.c.1.c.4:0.02293;4.A.4.c.3.d.1:0.02607;4.A.4.c.3.e.1:0.04130
43-2021.00	Telephone Operators	电话接线员	2	14	4.A.1.a.1.d.7:0.03678;4.A.2.a.2.b.1:0.03512;4.A.2.a.3.a.8:0.03512;4.A.3.a.3.j.1:0.33999;4.A.3.b.1.f.6:0.07181;4.A.3.b.6.h.25:0.06624;4.A.4.a.3.c.11:0.07556;4.A.4.a.3.c.4:0.06763;4.A.4.a.5.h.1:0.07181;4.A.4.a.5.i.6:0.13631;4.A.4.a.6.c.12:0.06362
43-3011.00	Bill and Account Collectors	账款催收员	2	15	4.A.1.a.1.n.3:0.03185;4.A.1.a.1.w.1:0.03185;4.A.1.a.2.c.1:0.07253;4.A.2.a.2.b.1:0.02070;4.A.3.b.6.j.3:0.13302;4.A.3.b.6.k.5:0.02070;4.A.4.a.2.c.2:0.06322;4.A.4.a.3.c.4:0.13960;4.A.4.a.3.c.7:0.07253;4.A.4.a.7.b.6:0.19657;4.A.4.a.8.c.1:0.06884;4.A.4.c.1.a.2:0.02070;4.A.4.c.3.d.1:0.12789
43-3021.00	Billing and Posting Clerks	账单与过账文员	2	26	4.A.1.a.1.d.7:0.04153;4.A.1.a.2.a.5:0.03634;4.A.1.b.3.a.13:0.03507;4.A.1.b.3.c.1:0.01679;4.A.2.a.2.a.9:0.07946;4.A.2.a.2.d.1:0.07363;4.A.2.a.4.k.2:0.04609;4.A.2.b.1.a.5:0.01854;4.A.2.b.1.a.7:0.05922;4.A.2.b.5.c.1:0.01264;4.A.3.a.3.a.1:0.08454;4.A.3.b.5.a.4:0.01261;4.A.3.b.6.a.1:0.03825;4.A.3.b.6.a.2:0.04005;4.A.3.b.6.h.5:0.04174;4.A.3.b.6.j.3:0.10319;4.A.3.b.6.l.7:0.03591;4.A.3.b.6.m.5:0.02246;4.A.4.a.1.b.4:0.04481;4.A.4.a.2.c.2:0.03168;4.A.4.a.2.g.8:0.01261;4.A.4.a.3.c.11:0.01264;4.A.4.a.3.c.4:0.03644;4.A.4.a.8.c.1:0.01679;4.A.4.c.1.e.4:0.03433;4.A.4.c.3.e.1:0.01264
43-3031.00	Bookkeeping, Accounting, and Auditing Clerks	记账会计与审计文员	3	28	4.A.1.a.1.d.7:0.03485;4.A.1.a.2.c.1:0.03659;4.A.1.a.2.k.4:0.03801;4.A.1.b.3.c.1:0.12471;4.A.2.a.2.a.9:0.12115;4.A.2.a.2.c.3:0.08181;4.A.2.a.2.d.1:0.07211;4.A.2.a.2.d.3:0.01278;4.A.2.b.1.a.7:0.03443;4.A.3.a.3.a.1:0.03718;4.A.3.b.1.e.1:0.03959;4.A.3.b.1.f.11:0.03493;4.A.3.b.1.f.8:0.03593;4.A.3.b.6.h.7:0.02969;4.A.3.b.6.j.3:0.08587;4.A.3.b.6.m.5:0.06886;4.A.4.a.3.c.11:0.01763;4.A.4.c.1.a.2:0.01763;4.A.4.c.1.c.4:0.03917;4.A.4.c.3.d.1:0.03709
43-3041.00	Gambling Cage Workers	博彩兑付柜台员	2	17	4.A.1.a.2.k.4:0.06217;4.A.2.a.2.a.9:0.05888;4.A.2.a.2.d.1:0.02982;4.A.2.a.2.d.3:0.09149;4.A.3.a.1.k.7:0.12397;4.A.3.a.2.ak.6:0.06091;4.A.3.b.1.f.6:0.05608;4.A.3.b.6.c.2:0.06091;4.A.3.b.6.j.3:0.06053;4.A.4.a.1.b.4:0.05164;4.A.4.a.6.b.5:0.05215;4.A.4.b.3.d.4:0.05532;4.A.4.c.1.c.4:0.17739;4.A.4.c.3.e.1:0.05875
43-3051.00	Payroll and Timekeeping Clerks	薪资与计时文员	3	21	4.A.1.b.3.c.1:0.02574;4.A.2.a.2.a.8:0.02240;4.A.2.a.2.c.3:0.09683;4.A.2.a.2.d.1:0.07333;4.A.2.a.2.e.2:0.14129;4.A.2.b.3.a.5:0.04699;4.A.3.b.1.f.6:0.05132;4.A.3.b.6.a.1:0.02574;4.A.3.b.6.c.2:0.02536;4.A.3.b.6.h.26:0.22066;4.A.3.b.6.m.5:0.02240;4.A.4.a.2.c.2:0.04402;4.A.4.b.3.d.3:0.04183;4.A.4.b.4.j.37:0.03392;4.A.4.c.1.a.2:0.02574;4.A.4.c.1.c.4:0.05182;4.A.4.c.3.c.3:0.05061
43-3061.00	Procurement Clerks	采购文员	2	19	4.A.1.a.1.g.1:0.05003;4.A.1.a.2.b.10:0.05156;4.A.1.b.2.j.3:0.05399;4.A.2.a.2.a.8:0.02648;4.A.2.a.2.a.9:0.10338;4.A.2.a.4.k.2:0.05526;4.A.2.b.1.a.7:0.05539;4.A.2.b.3.a.5:0.02706;4.A.3.b.6.h.5:0.05680;4.A.3.b.6.m.5:0.07817;4.A.4.a.2.c.2:0.02706;4.A.4.a.3.c.4:0.05258;4.A.4.b.3.d.4:0.02214;4.A.4.b.4.a.8:0.07026;4.A.4.b.4.j.16:0.05297;4.A.4.c.1.c.4:0.05475;4.A.4.c.1.e.3:0.05169;4.A.4.c.3.e.1:0.05641;4.A.4.c.3.g.4:0.05399
43-3071.00	Tellers	银行柜员	2	28	4.A.1.a.1.n.3:0.03358;4.A.1.b.3.c.1:0.07325;4.A.2.a.2.a.9:0.21245;4.A.2.a.2.d.3:0.09318;4.A.2.b.1.a.7:0.01303;4.A.3.b.1.f.6:0.03917;4.A.3.b.6.j.3:0.03132;4.A.4.a.1.b.4:0.01303;4.A.4.a.1.d.2:0.02765;4.A.4.a.3.c.11:0.01904;4.A.4.a.6.b.5:0.03366;4.A.4.a.8.c.1:0.03851;4.A.4.a.8.c.3:0.01904;4.A.4.c.1.a.2:0.03675;4.A.4.c.1.a.4:0.01044;4.A.4.c.1.a.7:0.03308;4.A.4.c.1.c.4:0.10512;4.A.4.c.1.d.2:0.01044;4.A.4.c.1.e.3:0.01044;4.A.4.c.3.d.1:0.07380;4.A.4.c.3.e.1:0.07300
43-4011.00	Brokerage Clerks	证券经纪文员	3	10	4.A.1.a.2.c.1:0.10113;4.A.1.b.3.c.1:0.09536;4.A.2.a.2.a.9:0.09686;4.A.2.b.5.b.7:0.05069;4.A.3.b.6.c.2:0.09159;4.A.3.b.6.m.5:0.19573;4.A.4.a.2.c.15:0.05772;4.A.4.a.3.c.11:0.05031;4.A.4.a.8.c.1:0.05772;4.A.4.b.4.j.37:0.05069;4.A.4.c.1.a.2:0.10188;4.A.4.c.3.c.7:0.05031
43-4021.00	Correspondence Clerks	函件处理文员	2	17	4.A.1.a.1.b.1:0.06299;4.A.2.a.2.a.8:0.03134;4.A.2.a.2.c.3:0.17635;4.A.2.a.2.d.3:0.06994;4.A.2.a.3.a.8:0.02897;4.A.2.b.1.a.7:0.05636;4.A.3.a.2.ap.6:0.06094;4.A.3.b.6.h.5:0.06489;4.A.3.b.6.m.5:0.03126;4.A.4.a.1.b.4:0.05857;4.A.4.a.2.c.15:0.05242;4.A.4.c.1.a.4:0.20003;4.A.4.c.1.e.2:0.05052;4.A.4.c.1.e.4:0.05542
43-4031.00	Court, Municipal, and License Clerks	法院市政与执照文员	2	29	4.A.1.a.1.d.7:0.07961;4.A.1.a.1.w.1:0.04997;4.A.2.a.2.a.9:0.03709;4.A.2.a.3.a.2:0.06836;4.A.2.a.3.a.8:0.01145;4.A.2.a.4.k.2:0.03175;4.A.2.b.5.c.1:0.01145;4.A.3.b.1.f.8:0.03596;4.A.3.b.5.a.4:0.01668;4.A.3.b.6.b.3:0.03572;4.A.3.b.6.h.29:0.01697;4.A.3.b.6.j.3:0.03572;4.A.3.b.6.l.7:0.03466;4.A.3.b.6.m.5:0.03604;4.A.3.b.6.n.9:0.11007;4.A.4.a.1.b.4:0.10286;4.A.4.a.3.b.8:0.01664;4.A.4.a.3.c.11:0.01668;4.A.4.b.1.c.1:0.01664;4.A.4.b.3.d.4:0.03385;4.A.4.b.4.j.28:0.03742;4.A.4.b.4.j.37:0.03199;4.A.4.b.4.l.3:0.03564;4.A.4.c.1.a.10:0.03215;4.A.4.c.1.d.2:0.01145;4.A.4.c.1.d.4:0.01810;4.A.4.c.3.c.3:0.01697;4.A.4.c.3.d.1:0.01810
43-4041.00	Credit Authorizers, Checkers, and Clerks	信用审核与文员	2	16	4.A.1.a.1.d.7:0.05358;4.A.1.a.1.n.3:0.18878;4.A.1.a.1.w.1:0.06353;4.A.2.a.2.c.3:0.03477;4.A.2.a.3.c.2:0.06250;4.A.2.a.4.k.2:0.10763;4.A.3.b.6.j.3:0.07175;4.A.3.b.6.m.5:0.06250;4.A.4.a.3.c.4:0.08388;4.A.4.a.8.c.6:0.06250;4.A.4.c.1.a.2:0.06954;4.A.4.c.1.c.4:0.04741;4.A.4.c.1.e.3:0.06037;4.A.4.c.3.d.1:0.03125
43-4051.00	Customer Service Representatives	客户服务代表	2	13	4.A.2.a.2.a.9:0.03454;4.A.2.a.3.c.4:0.07685;4.A.2.b.1.a.7:0.03966;4.A.3.b.6.j.3:0.08596;4.A.3.b.6.m.5:0.07780;4.A.4.a.1.a.3:0.08861;4.A.4.a.3.c.7:0.08008;4.A.4.a.5.a.1:0.07723;4.A.4.a.6.c.12:0.07343;4.A.4.a.8.c.1:0.19194;4.A.4.b.6.e.4:0.05996;4.A.4.c.1.c.4:0.03975;4.A.4.c.1.c.6:0.03454;4.A.4.c.3.d.1:0.03966
43-4061.00	Eligibility Interviewers, Government Programs	政府项目资格审核员	3	17	4.A.1.a.1.n.3:0.11260;4.A.1.a.1.o.2:0.05399;4.A.1.a.1.w.1:0.12519;4.A.1.a.2.c.1:0.05064;4.A.1.b.3.c.1:0.06588;4.A.2.a.2.c.3:0.06365;4.A.2.b.5.c.1:0.05637;4.A.3.b.6.b.3:0.06420;4.A.3.b.6.m.5:0.05469;4.A.4.a.1.b.4:0.12295;4.A.4.a.2.c.2:0.05679;4.A.4.a.5.a.1:0.06169;4.A.4.a.5.h.1:0.05497;4.A.4.c.2.a.8:0.05637
43-4071.00	File Clerks	档案文员	2	19	4.A.1.a.1.b.1:0.05295;4.A.1.a.1.d.7:0.02747;4.A.1.a.2.b.10:0.05507;4.A.1.b.1.a.6:0.05202;4.A.2.a.2.a.9:0.05533;4.A.2.a.2.b.1:0.01951;4.A.2.a.2.c.3:0.10921;4.A.2.a.3.a.2:0.04883;4.A.3.a.2.ak.3:0.05295;4.A.3.a.2.ak.7:0.05162;4.A.3.a.3.a.1:0.11478;4.A.3.b.1.f.6:0.05759;4.A.3.b.2.f.10:0.09130;4.A.3.b.6.h.7:0.05786;4.A.4.a.2.c.2:0.08015;4.A.4.c.1.a.2:0.05387;4.A.4.c.1.a.7:0.01951
43-4081.00	Hotel, Motel, and Resort Desk Clerks	酒店前台接待员	2	20	4.A.2.a.2.a.9:0.05433;4.A.2.a.2.b.1:0.04715;4.A.2.b.1.a.7:0.01721;4.A.3.a.1.c.6:0.04986;4.A.3.a.2.ak.7:0.04727;4.A.3.a.2.c.8:0.04480;4.A.3.a.3.j.1:0.05233;4.A.3.b.6.j.3:0.18321;4.A.4.a.1.a.3:0.04680;4.A.4.a.2.c.2:0.05268;4.A.4.a.2.g.8:0.05139;4.A.4.a.3.c.4:0.05162;4.A.4.a.5.a.1:0.02611;4.A.4.a.5.j.2:0.05680;4.A.4.a.5.j.5:0.08831;4.A.4.b.1.f.4:0.02146;4.A.4.b.4.a.8:0.02146;4.A.4.c.1.c.4:0.01721;4.A.4.c.3.c.3:0.05280;4.A.4.c.3.d.1:0.01721
43-4111.00	Interviewers, Except Eligibility and Loan	调查访问员	3	16	4.A.1.a.1.n.3:0.06833;4.A.1.a.1.w.1:0.19144;4.A.2.a.2.a.8:0.06602;4.A.2.a.2.a.9:0.03401;4.A.2.a.2.c.3:0.06048;4.A.2.a.4.g.2:0.02801;4.A.3.b.1.f.8:0.03247;4.A.3.b.6.c.2:0.05556;4.A.4.a.1.b.4:0.05540;4.A.4.a.2.c.15:0.05355;4.A.4.a.3.c.11:0.06340;4.A.4.a.5.h.1:0.06310;4.A.4.a.7.b.6:0.03401;4.A.4.a.7.c.2:0.06802;4.A.4.b.4.a.8:0.05940;4.A.4.c.3.d.1:0.06679
43-4121.00	Library Assistants, Clerical	图书馆文员助理	2	32	4.A.1.a.2.b.10:0.03467;4.A.1.b.2.f.11:0.01644;4.A.1.b.3.c.1:0.01644;4.A.2.a.2.b.1:0.01077;4.A.2.a.2.b.6:0.06974;4.A.2.b.2.b.4:0.02908;4.A.2.b.2.l.6:0.01523;4.A.2.b.6.a.1:0.01523;4.A.3.a.1.j.5:0.02697;4.A.3.a.1.k.7:0.06456;4.A.3.a.2.ak.3:0.01446;4.A.3.a.2.h.5:0.02519;4.A.3.a.3.a.1:0.01499;4.A.3.b.1.f.6:0.03459;4.A.3.b.4.b.5:0.01503;4.A.3.b.5.a.4:0.03030;4.A.3.b.5.c.4:0.01499;4.A.3.b.6.c.2:0.02754;4.A.3.b.6.h.7:0.07797;4.A.3.b.6.j.3:0.02997;4.A.3.b.6.m.5:0.01418;4.A.4.a.3.c.11:0.01077;4.A.4.a.3.c.5:0.02778;4.A.4.a.5.a.1:0.03443;4.A.4.b.1.f.4:0.01511;4.A.4.b.3.e.6:0.03289;4.A.4.b.4.a.8:0.01511;4.A.4.b.4.j.28:0.03216;4.A.4.c.1.a.7:0.01077;4.A.4.c.1.a.8:0.04686;4.A.4.c.1.d.2:0.03224;4.A.4.c.1.e.3:0.01547;4.A.4.c.3.a.5:0.03111;4.A.4.c.3.c.3:0.06731;4.A.4.c.3.d.1:0.01547;4.A.4.c.3.e.1:0.01418
43-4131.00	Loan Interviewers and Clerks	贷款审核员与文员	3	18	4.A.1.a.1.n.3:0.05092;4.A.1.a.1.w.1:0.05955;4.A.1.a.2.c.1:0.05406;4.A.1.b.3.c.1:0.02644;4.A.2.a.2.a.9:0.08416;4.A.2.a.2.c.3:0.05432;4.A.2.b.1.a.2:0.05681;4.A.2.b.5.c.1:0.05432;4.A.3.b.6.j.3:0.10942;4.A.3.b.6.m.5:0.07679;4.A.4.a.3.c.4:0.11440;4.A.4.a.3.c.7:0.05668;4.A.4.a.7.b.6:0.05301;4.A.4.c.1.a.4:0.01880;4.A.4.c.1.a.7:0.01880;4.A.4.c.1.c.8:0.05641;4.A.4.c.3.d.1:0.05510
43-4141.00	New Accounts Clerks	新开户文员	3	15	4.A.1.a.1.n.3:0.07152;4.A.1.a.1.w.1:0.07087;4.A.2.a.2.c.3:0.02487;4.A.2.b.5.c.1:0.05225;4.A.3.a.3.a.1:0.04393;4.A.3.b.1.f.6:0.02487;4.A.4.a.1.a.3:0.07299;4.A.4.a.1.b.4:0.07348;4.A.4.a.5.a.1:0.07038;4.A.4.a.6.b.5:0.02286;4.A.4.a.8.c.1:0.06695;4.A.4.c.1.a.7:0.02487;4.A.4.c.1.c.4:0.20191;4.A.4.c.1.c.5:0.03764;4.A.4.c.3.c.3:0.06630;4.A.4.c.3.d.1:0.07430
43-4151.00	Order Clerks	订单处理文员	2	19	4.A.1.a.1.n.3:0.05663;4.A.1.b.2.f.11:0.05434;4.A.1.b.2.j.3:0.05383;4.A.1.b.3.c.1:0.02602;4.A.2.a.2.a.9:0.05727;4.A.2.a.2.c.3:0.02602;4.A.2.b.1.a.5:0.02583;4.A.2.b.1.a.7:0.02583;4.A.3.b.6.h.7:0.05242;4.A.3.b.6.m.5:0.05485;4.A.4.a.1.a.3:0.05472;4.A.4.a.2.c.15:0.05281;4.A.4.a.2.c.2:0.04668;4.A.4.a.3.c.7:0.05000;4.A.4.a.6.c.12:0.04809;4.A.4.a.8.c.1:0.05408;4.A.4.b.4.j.28:0.05268;4.A.4.b.6.e.4:0.05179;4.A.4.c.1.a.2:0.05000;4.A.4.c.1.e.3:0.02608;4.A.4.c.3.d.1:0.02608;4.A.4.c.3.g.4:0.05395
43-4161.00	Human Resources Assistants, Except Payroll and Timekeeping	人力资源助理	3	19	4.A.1.a.1.d.7:0.10056;4.A.1.a.1.n.3:0.05282;4.A.1.a.1.w.1:0.05720;4.A.2.a.2.c.3:0.09845;4.A.3.a.2.af.1:0.05339;4.A.3.b.6.h.26:0.11540;4.A.4.a.1.b.4:0.11031;4.A.4.b.3.d.4:0.04153;4.A.4.c.1.d.2:0.04774;4.A.4.c.2.a.8:0.26780;4.A.4.c.2.b.2:0.05480
43-4171.00	Receptionists and Information Clerks	接待与信息咨询员	2	18	4.A.2.a.2.b.1:0.02723;4.A.2.a.3.a.8:0.02765;4.A.2.a.4.g.2:0.05878;4.A.2.b.1.a.7:0.05864;4.A.2.b.5.b.7:0.04945;4.A.2.b.5.c.1:0.09430;4.A.3.a.1.c.6:0.04722;4.A.3.b.1.e.1:0.02765;4.A.3.b.6.h.26:0.05433;4.A.4.a.1.a.3:0.05600;4.A.4.a.3.c.11:0.03301;4.A.4.a.3.c.7:0.04485;4.A.4.a.5.j.2:0.06533;4.A.4.a.8.c.1:0.05725;4.A.4.c.1.a.2:0.05697;4.A.4.c.1.a.4:0.04778;4.A.4.c.1.e.3:0.07954;4.A.4.c.3.c.7:0.02723;4.A.4.c.3.d.1:0.06463;4.A.4.c.3.e.1:0.02215
43-4181.00	Reservation and Transportation Ticket Agents and Travel Clerks	预订与客运票务文员	2	19	4.A.1.a.1.b.3:0.05570;4.A.1.a.1.g.1:0.04986;4.A.2.a.2.c.3:0.02539;4.A.2.b.1.a.7:0.02566;4.A.3.a.1.c.6:0.05755;4.A.3.a.1.k.7:0.05583;4.A.3.b.6.h.7:0.05105;4.A.4.a.1.a.3:0.05967;4.A.4.a.1.b.4:0.10728;4.A.4.a.3.c.12:0.03660;4.A.4.a.3.c.7:0.10343;4.A.4.a.5.h.1:0.04323;4.A.4.a.5.i.6:0.04137;4.A.4.a.5.j.5:0.16775;4.A.4.a.6.c.12:0.06007;4.A.4.c.3.d.1:0.05954
43-5011.00	Cargo and Freight Agents	货运代理	2	24	4.A.1.a.2.b.10:0.08749;4.A.1.b.1.a.6:0.03363;4.A.1.b.2.f.11:0.02076;4.A.1.b.2.j.3:0.02076;4.A.2.a.3.a.6:0.04309;4.A.2.a.4.g.15:0.04887;4.A.2.b.1.a.5:0.04480;4.A.3.a.1.f.11:0.01971;4.A.3.a.1.f.6:0.07002;4.A.3.a.2.aj.4:0.03889;4.A.3.a.2.ap.6:0.07935;4.A.3.a.4.a.6:0.04125;4.A.3.b.1.f.6:0.03994;4.A.3.b.6.h.20:0.04348;4.A.3.b.6.h.5:0.04611;4.A.4.a.3.c.7:0.04335;4.A.4.a.7.b.6:0.02535;4.A.4.b.4.a.8:0.04243;4.A.4.b.4.j.16:0.04230;4.A.4.b.4.j.28:0.01734;4.A.4.b.4.j.37:0.02535;4.A.4.b.6.e.4:0.04559;4.A.4.c.1.c.8:0.04532;4.A.4.c.3.a.5:0.03481
43-5011.01	Freight Forwarders	货运代理人	2	31	4.A.1.a.2.b.10:0.03222;4.A.1.b.1.b.6:0.03132;4.A.2.a.3.a.2:0.03042;4.A.2.a.3.a.6:0.03072;4.A.2.a.4.g.15:0.22827;4.A.2.b.1.a.5:0.03290;4.A.2.b.3.a.5:0.02960;4.A.3.b.6.h.20:0.03215;4.A.3.b.6.m.5:0.10103;4.A.3.b.6.n.7:0.03358;4.A.4.a.1.b.4:0.06497;4.A.4.a.2.c.18:0.03283;4.A.4.a.5.a.1:0.03343;4.A.4.a.5.h.1:0.02779;4.A.4.a.7.b.6:0.03478;4.A.4.b.4.j.16:0.06287;4.A.4.b.6.e.4:0.09690;4.A.4.c.1.c.4:0.03245;4.A.4.c.1.c.8:0.03177
43-5021.00	Couriers and Messengers	快递与信使	2	16	4.A.1.a.1.q.3:0.06433;4.A.2.a.2.b.1:0.08280;4.A.2.a.4.g.15:0.06194;4.A.3.a.1.f.1:0.02070;4.A.3.a.1.f.11:0.08312;4.A.3.a.1.f.3:0.02070;4.A.3.a.1.f.6:0.06560;4.A.3.a.1.j.5:0.13389;4.A.3.a.3.a.1:0.02732;4.A.3.a.4.a.6:0.06639;4.A.3.b.5.a.1:0.06067;4.A.3.b.6.h.20:0.06369;4.A.4.a.2.c.11:0.06480;4.A.4.a.2.c.15:0.06067;4.A.4.a.3.c.7:0.05496;4.A.4.c.1.a.2:0.02732;4.A.4.c.3.c.3:0.02054;4.A.4.c.3.c.7:0.02054
43-5031.00	Public Safety Telecommunicators	公共安全调度员	2	18	4.A.1.a.1.b.14:0.05637;4.A.1.a.1.d.7:0.02782;4.A.1.a.2.a.5:0.01628;4.A.1.a.2.g.8:0.10496;4.A.2.b.3.a.5:0.05345;4.A.3.a.1.k.7:0.05601;4.A.3.a.2.i.10:0.01628;4.A.3.a.3.j.1:0.08438;4.A.3.a.4.a.6:0.05601;4.A.3.b.1.f.6:0.02782;4.A.3.b.6.h.25:0.10836;4.A.4.a.1.a.3:0.05930;4.A.4.a.2.c.11:0.05759;4.A.4.a.2.c.15:0.02740;4.A.4.a.2.g.8:0.01628;4.A.4.a.3.c.11:0.08535;4.A.4.a.5.a.1:0.02727;4.A.4.a.5.c.5:0.06015;4.A.4.b.4.j.37:0.05893
43-5032.00	Dispatchers, Except Police, Fire, and Ambulance	调度员（非警消救护）	2	12	4.A.1.a.2.b.10:0.08360;4.A.2.b.1.j.11:0.07920;4.A.2.b.5.b.7:0.09164;4.A.3.a.3.j.1:0.08667;4.A.3.b.6.h.5:0.08399;4.A.3.b.6.m.5:0.08533;4.A.4.a.2.c.11:0.08839;4.A.4.a.2.c.2:0.07117;4.A.4.a.8.c.1:0.08896;4.A.4.b.1.f.4:0.08915;4.A.4.b.4.j.37:0.08380;4.A.4.c.3.c.3:0.03405;4.A.4.c.3.e.1:0.03405
43-5041.00	Meter Readers, Utilities	公用设施抄表员	2	15	4.A.1.a.2.a.5:0.07075;4.A.2.a.2.a.7:0.03596;4.A.3.a.1.c.5:0.02857;4.A.3.a.1.g.4:0.02857;4.A.3.a.2.d.8:0.01773;4.A.3.a.2.i.16:0.06344;4.A.3.a.2.t.6:0.01773;4.A.3.a.4.a.6:0.07241;4.A.3.b.1.f.6:0.14665;4.A.3.b.4.a.2:0.06942;4.A.3.b.4.c.1:0.01773;4.A.3.b.4.c.3:0.01773;4.A.3.b.6.h.22:0.03596;4.A.3.b.6.j.3:0.06311;4.A.4.a.2.g.2:0.05614;4.A.4.a.2.g.8:0.06660;4.A.4.a.3.c.4:0.09616;4.A.4.a.5.a.1:0.03405;4.A.4.c.1.c.6:0.03064;4.A.4.c.3.d.1:0.03064
43-5051.00	Postal Service Clerks	邮政柜台员	2	19	4.A.1.a.1.q.3:0.05314;4.A.1.b.3.a.13:0.02848;4.A.2.a.2.b.1:0.05425;4.A.2.a.3.a.6:0.05511;4.A.2.b.1.a.5:0.02848;4.A.3.a.1.f.6:0.04650;4.A.3.a.1.j.5:0.05167;4.A.3.a.2.ak.7:0.05339;4.A.3.b.6.j.3:0.05683;4.A.3.b.6.m.5:0.05462;4.A.4.a.1.b.4:0.05265;4.A.4.a.5.a.1:0.02657;4.A.4.a.5.h.1:0.10260;4.A.4.a.6.b.5:0.08021;4.A.4.a.8.c.1:0.02657;4.A.4.c.1.c.4:0.04613;4.A.4.c.1.c.8:0.02737;4.A.4.c.1.e.1:0.05339;4.A.4.c.1.e.2:0.02737;4.A.4.c.3.d.1:0.02866;4.A.4.c.3.e.1:0.04601
43-5052.00	Postal Service Mail Carriers	邮递员	2	21	4.A.1.a.1.q.3:0.02635;4.A.2.a.2.b.1:0.05191;4.A.3.a.1.j.5:0.07703;4.A.3.a.2.ap.6:0.04821;4.A.3.a.4.a.6:0.04631;4.A.3.b.1.f.6:0.05348;4.A.3.b.6.h.20:0.04866;4.A.3.b.6.j.3:0.02310;4.A.3.b.6.m.5:0.04059;4.A.4.a.1.b.4:0.04496;4.A.4.a.2.g.8:0.03644;4.A.4.a.3.c.7:0.08712;4.A.4.a.6.b.5:0.04305;4.A.4.c.1.a.10:0.05001;4.A.4.c.1.c.8:0.02545;4.A.4.c.1.e.2:0.02545;4.A.4.c.1.e.4:0.19632;4.A.4.c.3.d.1:0.07557
43-5053.00	Postal Service Mail Sorters, Processors, and Processing Machine Operators	邮件分拣与处理操作员	2	14	4.A.1.a.1.n.3:0.06741;4.A.1.b.1.a.6:0.07232;4.A.2.a.2.b.1:0.06944;4.A.2.a.3.a.6:0.07537;4.A.3.a.1.f.11:0.03582;4.A.3.a.1.f.6:0.03582;4.A.3.a.2.ap.6:0.10645;4.A.3.a.4.a.6:0.07249;4.A.3.b.1.e.1:0.07368;4.A.3.b.5.a.4:0.07520;4.A.4.b.3.d.4:0.06860;4.A.4.c.1.e.2:0.06352;4.A.4.c.1.e.4:0.11441;4.A.4.c.3.c.7:0.06944
43-5061.00	Production, Planning, and Expediting Clerks	生产计划与催料文员	2	17	4.A.1.a.1.b.16:0.06513;4.A.1.b.2.f.11:0.03014;4.A.2.a.2.c.3:0.08783;4.A.2.a.3.a.2:0.03014;4.A.2.b.1.a.7:0.05746;4.A.2.b.5.b.7:0.03358;4.A.3.b.6.h.26:0.02881;4.A.3.b.6.h.31:0.05402;4.A.3.b.6.h.5:0.09582;4.A.3.b.6.l.7:0.05245;4.A.4.a.2.c.15:0.12518;4.A.4.a.2.c.2:0.06811;4.A.4.b.4.j.16:0.08799;4.A.4.b.4.j.37:0.12165;4.A.4.c.3.e.1:0.06169
43-5071.00	Shipping, Receiving, and Inventory Clerks	收发货与库存文员	2	11	4.A.1.b.2.j.3:0.09789;4.A.2.a.4.g.15:0.17305;4.A.2.b.1.a.5:0.08652;4.A.3.a.1.j.5:0.09000;4.A.3.a.2.ak.7:0.04697;4.A.3.a.2.ap.6:0.09279;4.A.3.b.6.h.20:0.09186;4.A.3.b.6.m.5:0.09395;4.A.4.a.8.c.1:0.09163;4.A.4.b.4.j.16:0.08838;4.A.4.c.3.e.1:0.04697
43-5111.00	Weighers, Measurers, Checkers, and Samplers, Recordkeeping	计量检验与记录员	2	18	4.A.1.b.1.a.6:0.06001;4.A.1.b.2.f.11:0.11864;4.A.1.b.2.f.4:0.05477;4.A.1.b.2.j.3:0.06139;4.A.1.b.3.a.8:0.06084;4.A.2.a.2.b.6:0.05118;4.A.3.a.1.c.6:0.04870;4.A.3.a.1.f.11:0.04497;4.A.3.a.1.j.5:0.05063;4.A.3.a.2.ak.7:0.05877;4.A.3.a.2.ap.6:0.02711;4.A.3.a.2.au.5:0.02593;4.A.3.a.2.b.3:0.02593;4.A.3.b.1.e.1:0.05228;4.A.3.b.6.h.31:0.06111;4.A.4.a.1.a.3:0.05477;4.A.4.a.2.c.2:0.06001;4.A.4.b.1.b.2:0.02793;4.A.4.b.3.d.6:0.02793;4.A.4.c.1.e.3:0.02711
43-6011.00	Executive Secretaries and Executive Administrative Assistants	行政秘书与高级行政助理	3	22	4.A.1.a.1.b.1:0.04393;4.A.1.a.2.b.9:0.03863;4.A.2.a.2.b.1:0.02361;4.A.2.a.2.c.3:0.03690;4.A.2.b.4.a.1:0.02173;4.A.2.b.5.b.7:0.11094;4.A.3.b.6.c.2:0.03922;4.A.3.b.6.h.16:0.01405;4.A.3.b.6.h.29:0.05527;4.A.3.b.6.k.5:0.01637;4.A.3.b.6.m.5:0.01637;4.A.4.a.1.b.4:0.04475;4.A.4.a.2.c.15:0.04263;4.A.4.a.3.c.11:0.04782;4.A.4.a.5.j.2:0.04711;4.A.4.a.5.j.5:0.04982;4.A.4.b.3.d.4:0.01343;4.A.4.b.4.a.8:0.01343;4.A.4.b.4.j.28:0.04581;4.A.4.b.4.j.37:0.02408;4.A.4.c.1.a.10:0.04275;4.A.4.c.1.a.2:0.04452;4.A.4.c.1.a.4:0.04734;4.A.4.c.1.c.4:0.05017;4.A.4.c.3.c.7:0.02361;4.A.4.c.3.e.1:0.04570
43-6012.00	Legal Secretaries and Administrative Assistants	法律秘书与行政助理	3	14	4.A.1.a.1.d.7:0.05956;4.A.1.a.1.n.3:0.07432;4.A.2.a.3.a.8:0.03860;4.A.2.b.5.c.1:0.07198;4.A.3.a.3.a.1:0.07612;4.A.3.b.6.b.3:0.07828;4.A.3.b.6.h.29:0.06082;4.A.3.b.6.m.5:0.15134;4.A.3.b.6.n.9:0.03860;4.A.4.a.2.c.2:0.06928;4.A.4.a.3.c.11:0.07378;4.A.4.a.5.j.5:0.06856;4.A.4.c.1.a.4:0.03068;4.A.4.c.1.d.2:0.03068;4.A.4.c.1.e.3:0.07738
43-6013.00	Medical Secretaries and Administrative Assistants	医疗秘书与行政助理	2	15	4.A.1.a.1.w.1:0.06798;4.A.2.a.2.c.3:0.03483;4.A.2.b.5.c.1:0.13413;4.A.3.a.3.a.1:0.03376;4.A.3.b.1.e.1:0.03376;4.A.3.b.6.h.16:0.03522;4.A.3.b.6.j.3:0.02144;4.A.3.b.6.k.5:0.13834;4.A.3.b.6.m.5:0.06890;4.A.4.a.2.c.11:0.06829;4.A.4.a.3.c.11:0.07105;4.A.4.a.5.a.1:0.03430;4.A.4.a.5.j.2:0.03430;4.A.4.c.1.a.4:0.05727;4.A.4.c.1.e.3:0.08988;4.A.4.c.3.d.1:0.02144;4.A.4.c.3.e.1:0.05512
43-6014.00	Secretaries and Administrative Assistants, Except Legal, Medical, and Executive	秘书与行政助理	2	31	4.A.1.a.1.d.7:0.03144;4.A.2.a.2.c.3:0.03178;4.A.2.a.3.a.8:0.03127;4.A.2.b.1.j.11:0.01709;4.A.2.b.2.b.4:0.02648;4.A.2.b.3.a.5:0.02990;4.A.2.b.4.a.1:0.01610;4.A.2.b.5.b.7:0.01580;4.A.2.b.5.c.1:0.06638;4.A.3.a.3.a.1:0.04861;4.A.3.a.3.j.1:0.03374;4.A.3.b.1.e.1:0.03605;4.A.3.b.1.f.6:0.03605;4.A.3.b.6.h.26:0.01709;4.A.3.b.6.h.29:0.01091;4.A.3.b.6.l.7:0.02811;4.A.3.b.6.m.5:0.03229;4.A.4.a.2.g.8:0.01734;4.A.4.a.3.c.11:0.03699;4.A.4.a.3.c.4:0.01230;4.A.4.a.5.a.1:0.01230;4.A.4.a.5.j.2:0.01230;4.A.4.a.5.j.5:0.01580;4.A.4.b.1.f.4:0.01610;4.A.4.b.3.d.4:0.02879;4.A.4.b.4.a.8:0.03135;4.A.4.b.4.j.28:0.03110;4.A.4.b.4.j.37:0.03033;4.A.4.c.1.c.4:0.06971;4.A.4.c.1.d.2:0.01091;4.A.4.c.1.e.3:0.04515;4.A.4.c.1.e.4:0.01568;4.A.4.c.3.c.3:0.02504;4.A.4.c.3.c.7:0.01568;4.A.4.c.3.d.1:0.01773;4.A.4.c.3.e.1:0.04634
43-9021.00	Data Entry Keyers	数据录入员	2	9	4.A.2.a.2.a.8:0.06263;4.A.2.a.2.a.9:0.05899;4.A.2.a.2.c.3:0.12266;4.A.2.b.1.j.11:0.11383;4.A.3.a.2.ak.3:0.11409;4.A.3.a.3.a.1:0.09148;4.A.3.b.1.f.6:0.17646;4.A.3.b.6.h.5:0.10941;4.A.4.a.1.c.1:0.08784;4.A.4.a.2.c.2:0.06263
43-9022.00	Word Processors and Typists	文字处理员与打字员	2	19	4.A.1.a.1.d.7:0.05400;4.A.1.b.3.c.1:0.02771;4.A.2.a.2.a.9:0.02771;4.A.2.a.2.b.1:0.01843;4.A.2.a.2.c.3:0.14970;4.A.2.a.3.a.8:0.05490;4.A.2.b.5.c.1:0.05104;4.A.3.a.2.ak.3:0.05825;4.A.3.a.3.a.1:0.07901;4.A.3.b.1.e.1:0.05813;4.A.3.b.1.f.12:0.13101;4.A.3.b.1.f.6:0.05052;4.A.3.b.5.a.4:0.02423;4.A.3.b.6.c.2:0.02191;4.A.3.b.6.h.5:0.05142;4.A.4.a.3.c.11:0.01843;4.A.4.c.1.a.7:0.10517;4.A.4.c.3.c.7:0.01843
43-9031.00	Desktop Publishers	桌面排版员	3	18	4.A.1.a.1.b.16:0.05665;4.A.1.a.2.b.3:0.05964;4.A.2.a.3.a.8:0.05977;4.A.2.b.1.j.11:0.05449;4.A.3.a.1.j.5:0.02867;4.A.3.a.2.ak.3:0.04906;4.A.3.b.1.e.1:0.10274;4.A.3.b.1.f.12:0.36866;4.A.3.b.1.f.6:0.13513;4.A.4.a.2.c.15:0.05652;4.A.4.c.1.e.3:0.02867
43-9041.00	Insurance Claims and Policy Processing Clerks	保险理赔与保单处理文员	2	25	4.A.1.a.1.n.3:0.03532;4.A.1.a.1.w.1:0.01826;4.A.1.b.3.c.1:0.02000;4.A.2.a.2.a.8:0.02219;4.A.2.a.2.a.9:0.03943;4.A.2.a.2.c.3:0.04316;4.A.2.a.3.c.4:0.11921;4.A.2.b.1.a.7:0.06335;4.A.3.b.1.f.6:0.11932;4.A.3.b.6.h.5:0.04157;4.A.3.b.6.j.3:0.08000;4.A.3.b.6.m.5:0.06376;4.A.4.a.1.b.4:0.04083;4.A.4.a.2.c.2:0.03410;4.A.4.a.3.c.11:0.01826;4.A.4.a.3.c.4:0.04186;4.A.4.a.3.c.7:0.04008;4.A.4.c.1.a.4:0.03447;4.A.4.c.1.c.4:0.04382;4.A.4.c.1.e.3:0.04307;4.A.4.c.3.d.1:0.03793
43-9051.00	Mail Clerks and Mail Machine Operators, Except Postal Service	邮件文员与邮件机操作员	2	29	4.A.1.a.1.b.16:0.03901;4.A.1.a.1.q.3:0.03779;4.A.1.a.2.a.5:0.03693;4.A.1.b.1.a.6:0.01907;4.A.1.b.2.f.11:0.03155;4.A.1.b.3.a.13:0.03632;4.A.2.a.2.b.1:0.07290;4.A.2.a.3.a.6:0.03910;4.A.2.a.4.g.15:0.03693;4.A.3.a.1.f.11:0.11217;4.A.3.a.1.f.2:0.00709;4.A.3.a.2.ap.6:0.06709;4.A.3.a.2.at.1:0.00709;4.A.3.a.2.at.12:0.00709;4.A.3.a.2.i.10:0.03719;4.A.3.a.3.a.1:0.00988;4.A.3.a.3.c.7:0.01014;4.A.3.a.3.f.10:0.00709;4.A.3.a.3.h.1:0.01014;4.A.3.b.1.e.1:0.03502;4.A.3.b.5.a.4:0.07273;4.A.4.a.1.b.4:0.03363;4.A.4.a.6.b.5:0.01530;4.A.4.b.4.j.16:0.03268;4.A.4.c.1.a.10:0.00988;4.A.4.c.1.a.7:0.00988;4.A.4.c.1.e.1:0.03433;4.A.4.c.1.e.2:0.06909;4.A.4.c.1.e.3:0.02939;4.A.4.c.1.e.4:0.01820;4.A.4.c.3.d.1:0.01530
43-9061.00	Office Clerks, General	普通办公文员	2	20	4.A.1.a.1.d.7:0.05156;4.A.1.b.3.a.8:0.04246;4.A.2.a.2.a.8:0.02479;4.A.2.a.2.b.1:0.02578;4.A.2.a.2.c.3:0.02631;4.A.2.a.2.d.3:0.01820;4.A.2.a.3.a.8:0.07160;4.A.2.b.5.c.1:0.02459;4.A.3.a.3.a.1:0.06013;4.A.3.b.5.a.4:0.03890;4.A.3.b.6.h.16:0.02360;4.A.3.b.6.h.29:0.02360;4.A.3.b.6.h.7:0.05340;4.A.3.b.6.m.5:0.05037;4.A.4.a.2.c.15:0.02822;4.A.4.a.2.c.2:0.04575;4.A.4.a.3.c.11:0.05723;4.A.4.a.8.c.1:0.02822;4.A.4.b.1.f.4:0.02459;4.A.4.b.3.d.4:0.04338;4.A.4.b.4.a.8:0.04852;4.A.4.c.1.a.2:0.02631;4.A.4.c.1.c.4:0.01820;4.A.4.c.1.e.3:0.05419;4.A.4.c.3.c.7:0.02578;4.A.4.c.3.d.1:0.01820;4.A.4.c.3.g.4:0.04615
43-9071.00	Office Machine Operators, Except Computer	办公机器操作员	2	18	4.A.1.a.1.b.16:0.06247;4.A.1.a.2.a.5:0.02873;4.A.1.b.1.a.6:0.04883;4.A.2.a.2.b.6:0.02977;4.A.2.a.2.c.3:0.08319;4.A.2.b.1.a.7:0.01952;4.A.3.a.1.c.6:0.04419;4.A.3.a.1.j.5:0.06052;4.A.3.a.2.ak.3:0.05426;4.A.3.a.2.i.10:0.12319;4.A.3.a.3.a.1:0.23150;4.A.3.b.5.a.4:0.04419;4.A.3.b.6.h.31:0.05857;4.A.4.a.2.c.2:0.01952;4.A.4.a.2.g.8:0.01832;4.A.4.c.3.d.1:0.01952;4.A.4.c.3.e.1:0.05370
43-9081.00	Proofreaders and Copy Markers	校对员	4	11	4.A.1.a.1.d.3:0.04207;4.A.1.a.1.d.7:0.09372;4.A.2.a.2.a.9:0.09611;4.A.2.a.3.a.8:0.46641;4.A.4.a.2.h.1:0.08611;4.A.4.a.3.b.7:0.07893;4.A.4.b.4.j.37:0.09459;4.A.4.c.1.a.2:0.04207
43-9111.00	Statistical Assistants	统计助理	4	16	4.A.1.a.1.w.1:0.04202;4.A.2.a.2.a.8:0.13239;4.A.2.a.2.c.3:0.19930;4.A.2.a.4.g.2:0.07119;4.A.3.b.1.a.3:0.05803;4.A.3.b.1.f.6:0.09513;4.A.3.b.1.f.8:0.06025;4.A.3.b.2.f.10:0.05597;4.A.3.b.6.c.1:0.01768;4.A.3.b.6.c.2:0.06548;4.A.4.a.1.b.5:0.01768;4.A.4.a.2.a.3:0.01768;4.A.4.a.2.j.3:0.05993;4.A.4.a.3.b.3:0.01768;4.A.4.c.1.a.2:0.03504;4.A.4.c.1.e.3:0.05454
45-1011.00	First-Line Supervisors of Farming, Fishing, and Forestry Workers	农林渔业人员一线主管	3	30	4.A.1.a.2.b.20:0.03084;4.A.1.a.2.b.3:0.03333;4.A.1.a.2.c.2:0.02778;4.A.1.a.2.e.4:0.07365;4.A.1.a.2.k.2:0.03780;4.A.1.b.2.g.4:0.06210;4.A.2.a.1.e.2:0.03423;4.A.2.b.5.b.5:0.06663;4.A.3.a.1.j.3:0.03194;4.A.3.a.3.k.4:0.03296;4.A.3.b.5.a.6:0.01667;4.A.3.b.6.h.10:0.03007;4.A.3.b.6.h.8:0.03789;4.A.4.a.2.c.1:0.03432;4.A.4.a.2.c.13:0.06481;4.A.4.a.5.l.5:0.03602;4.A.4.b.1.f.6:0.03806;4.A.4.b.3.d.9:0.10661;4.A.4.b.4.c.1:0.06779;4.A.4.b.4.c.3:0.06142;4.A.4.b.4.e.2:0.01667;4.A.4.c.3.a.5:0.05844
45-2011.00	Agricultural Inspectors	农业检查员	2	22	4.A.1.a.2.b.9:0.01525;4.A.1.a.2.k.2:0.35423;4.A.1.a.2.k.6:0.01117;4.A.1.a.2.k.8:0.01525;4.A.1.b.1.a.2:0.02426;4.A.1.b.2.g.11:0.01525;4.A.1.b.2.i.2:0.02250;4.A.1.b.3.a.7:0.04307;4.A.2.b.2.e.2:0.01489;4.A.3.a.1.e.7:0.01117;4.A.3.a.2.al.2:0.02191;4.A.3.a.2.ap.1:0.02426;4.A.3.a.2.c.3:0.03685;4.A.3.b.2.f.17:0.03685;4.A.3.b.6.h.5:0.02218;4.A.4.a.2.g.9:0.04820;4.A.4.a.3.a.1:0.03933;4.A.4.a.5.d.1:0.01117;4.A.4.a.5.d.2:0.02228;4.A.4.a.5.d.4:0.02228;4.A.4.b.1.g.2:0.01117;4.A.4.b.6.d.4:0.01411;4.A.4.b.6.e.1:0.11227;4.A.4.b.6.e.6:0.01411;4.A.4.b.6.g.6:0.01411;4.A.4.c.1.e.3:0.02191
45-2021.00	Animal Breeders	动物繁育员	2	21	4.A.1.a.2.e.4:0.05375;4.A.1.b.1.a.2:0.04680;4.A.1.b.2.i.2:0.05147;4.A.3.a.1.a.6:0.05375;4.A.3.a.1.c.19:0.02849;4.A.3.a.2.a.9:0.04752;4.A.3.a.2.i.17:0.04788;4.A.3.b.6.h.5:0.09480;4.A.3.b.6.h.8:0.01843;4.A.4.a.2.c.1:0.02687;4.A.4.a.5.d.2:0.09732;4.A.4.a.5.d.3:0.21116;4.A.4.a.5.d.4:0.05147;4.A.4.a.5.l.5:0.02687;4.A.4.a.6.b.2:0.05375;4.A.4.a.6.c.8:0.03675;4.A.4.c.3.e.6:0.02645;4.A.4.c.3.e.7:0.02645
45-2041.00	Graders and Sorters, Agricultural Products	农产品分级分拣员	2	5	4.A.1.b.1.a.2:0.10352;4.A.1.b.3.a.7:0.20343;4.A.2.a.2.b.4:0.19982;4.A.3.a.2.ap.1:0.30379;4.A.3.b.6.h.8:0.18945
45-2091.00	Agricultural Equipment Operators	农业设备操作员	2	17	4.A.1.b.2.g.4:0.06106;4.A.1.b.3.a.7:0.02862;4.A.3.a.1.a.6:0.06276;4.A.3.a.1.f.2:0.06007;4.A.3.a.1.f.7:0.06417;4.A.3.a.1.q.6:0.02855;4.A.3.a.2.ag.5:0.06134;4.A.3.a.2.at.9:0.11163;4.A.3.a.3.f.9:0.05681;4.A.3.a.3.k.1:0.02798;4.A.3.a.3.k.4:0.23438;4.A.3.b.5.a.6:0.08613;4.A.3.b.6.h.8:0.02862;4.A.4.a.2.c.13:0.02869;4.A.4.b.4.c.3:0.05922
45-2092.00	Farmworkers and Laborers, Crop, Nursery, and Greenhouse	农田苗圃温室农工	2	27	4.A.1.a.1.p.6:0.03634;4.A.1.b.1.a.2:0.02069;4.A.2.a.1.e.2:0.07289;4.A.2.a.2.b.4:0.04137;4.A.3.a.1.c.19:0.03183;4.A.3.a.1.f.7:0.03378;4.A.3.a.1.j.3:0.05456;4.A.3.a.1.q.1:0.05949;4.A.3.a.1.q.2:0.03704;4.A.3.a.1.q.4:0.06642;4.A.3.a.1.q.6:0.01894;4.A.3.a.2.a.9:0.04917;4.A.3.a.2.ap.1:0.03285;4.A.3.a.2.n.1:0.01894;4.A.3.a.3.k.1:0.09825;4.A.3.a.3.k.4:0.03542;4.A.3.b.5.a.6:0.03911;4.A.3.b.6.h.5:0.07751;4.A.4.a.2.c.13:0.03788;4.A.4.a.6.b.2:0.02140;4.A.4.b.4.c.3:0.04199;4.A.4.b.6.e.1:0.03891;4.A.4.c.3.a.5:0.03521
45-2093.00	Farmworkers, Farm, Ranch, and Aquacultural Animals	农场牧场水产养殖工	2	19	4.A.1.a.1.p.5:0.05195;4.A.1.b.1.a.2:0.05324;4.A.1.b.2.i.2:0.05544;4.A.3.a.1.a.6:0.05402;4.A.3.a.1.c.19:0.04911;4.A.3.a.1.j.3:0.05156;4.A.3.a.3.k.4:0.10429;4.A.3.b.5.a.6:0.05195;4.A.3.b.6.h.5:0.05001;4.A.4.a.5.d.2:0.31882;4.A.4.a.5.d.3:0.05247;4.A.4.a.5.l.5:0.05428;4.A.4.c.3.a.5:0.05286
45-3031.00	Fishing and Hunting Workers	渔猎工作者	2	29	4.A.1.a.1.q.1:0.03555;4.A.1.a.1.q.3:0.01724;4.A.2.a.2.b.4:0.01724;4.A.2.b.2.m.3:0.02931;4.A.3.a.1.c.19:0.03333;4.A.3.a.1.f.7:0.02791;4.A.3.a.1.j.3:0.03349;4.A.3.a.2.ac.2:0.07265;4.A.3.a.2.ap.1:0.01724;4.A.3.a.2.ar.1:0.10902;4.A.3.a.2.ar.2:0.13743;4.A.3.a.2.at.9:0.06461;4.A.3.a.2.v.3:0.07085;4.A.3.a.4.a.12:0.03670;4.A.3.a.4.a.2:0.11132;4.A.3.b.5.a.6:0.07150;4.A.4.a.2.c.21:0.01724;4.A.4.b.3.d.9:0.03038;4.A.4.b.4.c.3:0.03752;4.A.4.b.4.j.36:0.02947
45-4011.00	Forest and Conservation Workers	森林与资源保护工	2	17	4.A.1.b.2.g.4:0.07800;4.A.2.a.1.e.2:0.02916;4.A.2.a.2.b.4:0.03811;4.A.2.b.1.d.7:0.02907;4.A.3.a.1.b.3:0.15210;4.A.3.a.1.c.19:0.05283;4.A.3.a.1.q.2:0.04751;4.A.3.a.1.q.6:0.05105;4.A.3.a.2.a.9:0.05141;4.A.3.a.2.ag.5:0.05903;4.A.3.a.2.n.1:0.05823;4.A.3.a.2.n.2:0.05602;4.A.3.a.3.k.2:0.11505;4.A.3.b.6.h.8:0.06151;4.A.4.a.2.c.1:0.06134;4.A.4.b.6.e.1:0.05956
45-4021.00	Fallers	伐木工	2	17	4.A.1.b.1.a.2:0.11776;4.A.1.b.3.a.7:0.03192;4.A.2.a.1.e.1:0.06285;4.A.2.a.1.e.2:0.06243;4.A.2.b.1.d.7:0.12457;4.A.3.a.1.q.2:0.05533;4.A.3.a.2.at.9:0.04597;4.A.3.a.2.n.1:0.22744;4.A.3.a.2.n.2:0.08073;4.A.3.a.3.k.2:0.13493;4.A.3.b.5.a.6:0.05604
45-4022.00	Logging Equipment Operators	伐木设备操作员	2	9	4.A.1.b.2.g.4:0.06355;4.A.1.b.3.a.7:0.09686;4.A.2.a.1.e.1:0.11954;4.A.3.a.2.n.1:0.05935;4.A.3.a.3.k.2:0.49692;4.A.3.b.5.a.6:0.06355;4.A.3.b.6.h.10:0.10022
45-4023.00	Log Graders and Scalers	原木检验分级员	2	12	4.A.1.b.1.a.2:0.12580;4.A.1.b.3.a.7:0.12736;4.A.2.a.1.e.1:0.25940;4.A.3.a.2.n.1:0.07640;4.A.3.a.4.a.14:0.07737;4.A.3.b.6.h.8:0.17170;4.A.4.a.2.c.1:0.07932;4.A.4.b.4.j.31:0.08263
47-1011.00	First-Line Supervisors of Construction Trades and Extraction Workers	建筑与采掘业一线主管	3	15	4.A.1.a.1.b.9:0.07239;4.A.1.a.2.b.6:0.02474;4.A.1.b.2.f.9:0.02474;4.A.1.b.2.g.1:0.02474;4.A.1.b.3.d.2:0.03247;4.A.2.b.1.h.12:0.03429;4.A.2.b.1.h.14:0.03429;4.A.3.a.1.g.7:0.06228;4.A.3.a.2.ao.5:0.03247;4.A.3.b.6.h.27:0.06029;4.A.4.a.2.c.8:0.06477;4.A.4.b.3.d.13:0.06642;4.A.4.b.4.i.2:0.23108;4.A.4.b.4.i.5:0.16830;4.A.4.c.3.e.5:0.06676
47-1011.03	Solar Energy Installation Managers	太阳能安装经理	3	15	4.A.1.b.1.b.6:0.06552;4.A.1.b.2.b.2:0.13345;4.A.1.b.3.b.2:0.06931;4.A.1.b.3.d.5:0.06500;4.A.2.a.4.e.8:0.06052;4.A.2.b.1.h.12:0.09655;4.A.2.b.1.h.14:0.03552;4.A.2.b.2.o.7:0.06552;4.A.2.b.6.b.1:0.03793;4.A.4.a.2.c.8:0.06914;4.A.4.b.4.i.2:0.13983;4.A.4.b.4.i.5:0.10621;4.A.4.c.3.e.5:0.05552
47-2011.00	Boilermakers	锅炉制造工	2	18	4.A.1.a.1.b.9:0.06245;4.A.1.b.2.c.2:0.03161;4.A.1.b.2.g.16:0.11892;4.A.1.b.2.l.2:0.03161;4.A.1.b.3.a.16:0.02808;4.A.3.a.1.c.19:0.05401;4.A.3.a.2.a.3:0.04695;4.A.3.a.2.a.6:0.02701;4.A.3.a.2.aa.2:0.16035;4.A.3.a.2.ai.2:0.10879;4.A.3.a.2.ao.3:0.02701;4.A.3.a.2.ao.5:0.08547;4.A.3.a.2.d.10:0.06046;4.A.3.a.2.d.13:0.05048;4.A.3.a.3.h.3:0.02670;4.A.3.b.5.a.1:0.05340;4.A.4.b.1.b.3:0.02670
47-2021.00	Brickmasons and Blockmasons	砖瓦与砌块工	2	14	4.A.1.a.1.b.9:0.03864;4.A.1.b.2.e.1:0.06385;4.A.1.b.3.a.16:0.04272;4.A.2.b.1.h.12:0.03864;4.A.2.b.6.b.1:0.07872;4.A.3.a.1.a.4:0.06385;4.A.3.a.1.c.20:0.06893;4.A.3.a.1.e.5:0.05714;4.A.3.a.1.e.8:0.03845;4.A.3.a.2.a.3:0.18529;4.A.3.a.2.ag.9:0.05278;4.A.3.a.2.am.1:0.11935;4.A.3.a.2.ao.5:0.04272;4.A.3.a.2.ao.7:0.03093;4.A.3.a.2.l.5:0.07800
47-2022.00	Stonemasons	石匠	2	16	4.A.3.a.1.a.4:0.02148;4.A.3.a.1.e.8:0.06713;4.A.3.a.1.g.1:0.05632;4.A.3.a.1.g.9:0.02148;4.A.3.a.2.a.3:0.18326;4.A.3.a.2.ad.2:0.05854;4.A.3.a.2.am.1:0.05512;4.A.3.a.2.ao.5:0.07111;4.A.3.a.2.ao.7:0.14365;4.A.3.a.2.as.1:0.05783;4.A.3.a.2.l.5:0.12329;4.A.3.a.2.o.6:0.05791;4.A.3.a.2.v.4:0.02418;4.A.3.a.3.h.3:0.05870
47-2031.00	Carpenters	木工	2	29	4.A.1.a.1.b.9:0.03337;4.A.1.b.2.e.1:0.05109;4.A.1.b.2.f.1:0.03672;4.A.1.b.3.a.16:0.01994;4.A.1.b.3.b.2:0.03367;4.A.2.b.1.j.7:0.01880;4.A.3.a.1.a.4:0.01619;4.A.3.a.1.c.13:0.03849;4.A.3.a.1.e.5:0.03514;4.A.3.a.1.g.1:0.01149;4.A.3.a.2.a.1:0.03386;4.A.3.a.2.a.10:0.01168;4.A.3.a.2.a.11:0.02796;4.A.3.a.2.a.13:0.02405;4.A.3.a.2.a.14:0.02405;4.A.3.a.2.a.17:0.06543;4.A.3.a.2.a.8:0.08373;4.A.3.a.2.ad.2:0.03337;4.A.3.a.2.ai.2:0.01619;4.A.3.a.2.aj.5:0.01551;4.A.3.a.2.am.4:0.03446;4.A.3.a.2.ao.5:0.01994;4.A.3.a.2.as.3:0.03416;4.A.3.a.2.d.10:0.03140;4.A.3.a.2.l.7:0.03770;4.A.3.a.2.m.4:0.03337;4.A.3.a.2.v.2:0.01149;4.A.3.a.2.v.4:0.03219;4.A.3.b.6.h.27:0.03485;4.A.3.b.6.o.4:0.03347;4.A.4.b.4.i.2:0.01149;4.A.4.b.4.i.5:0.03593;4.A.4.c.3.e.5:0.01880
47-2041.00	Carpet Installers	地毯安装工	2	17	4.A.1.a.1.b.9:0.01974;4.A.1.b.2.e.1:0.02982;4.A.1.b.3.a.16:0.04866;4.A.1.b.3.d.2:0.01974;4.A.2.b.1.h.12:0.01974;4.A.2.b.2.o.7:0.05658;4.A.2.b.6.b.1:0.06608;4.A.3.a.1.c.13:0.05775;4.A.3.a.1.e.5:0.05307;4.A.3.a.1.g.2:0.02982;4.A.3.a.2.a.1:0.37780;4.A.3.a.2.ao.5:0.02052;4.A.3.a.2.l.11:0.15095;4.A.3.a.2.l.5:0.01852;4.A.3.a.2.o.6:0.03121
47-2042.00	Floor Layers, Except Carpet, Wood, and Hard Tiles	地面铺设工	2	14	4.A.1.a.1.f.4:0.06999;4.A.1.b.2.e.1:0.07191;4.A.1.b.3.a.16:0.03611;4.A.3.a.1.c.20:0.03659;4.A.3.a.1.e.5:0.06330;4.A.3.a.1.e.8:0.06936;4.A.3.a.1.g.10:0.07398;4.A.3.a.1.g.2:0.07231;4.A.3.a.1.g.6:0.07015;4.A.3.a.2.am.4:0.10045;4.A.3.a.2.ao.5:0.03611;4.A.3.a.2.as.3:0.07366;4.A.3.a.2.l.11:0.15099;4.A.3.a.2.l.9:0.07510
47-2043.00	Floor Sanders and Finishers	地板打磨修整工	2	7	4.A.1.b.2.f.17:0.14724;4.A.3.a.1.c.11:0.07476;4.A.3.a.1.c.12:0.07476;4.A.3.a.1.e.8:0.11818;4.A.3.a.1.f.5:0.14724;4.A.3.a.2.ag.9:0.14430;4.A.3.a.2.o.6:0.29350
47-2044.00	Tile and Stone Setters	瓷砖与石材铺装工	2	25	4.A.1.a.1.b.9:0.02134;4.A.1.b.3.a.16:0.01987;4.A.1.b.3.b.2:0.01924;4.A.1.b.3.d.2:0.02105;4.A.2.b.1.d.8:0.04337;4.A.2.b.1.h.12:0.02134;4.A.2.b.1.h.14:0.01924;4.A.2.b.1.j.7:0.01713;4.A.3.a.1.a.4:0.03479;4.A.3.a.1.c.20:0.01890;4.A.3.a.1.e.5:0.05757;4.A.3.a.1.e.8:0.02198;4.A.3.a.1.g.6:0.11749;4.A.3.a.1.g.9:0.05447;4.A.3.a.2.a.13:0.03946;4.A.3.a.2.a.3:0.08655;4.A.3.a.2.ag.9:0.04063;4.A.3.a.2.am.1:0.07542;4.A.3.a.2.ao.5:0.02105;4.A.3.a.2.ao.7:0.06672;4.A.3.a.2.l.11:0.03808;4.A.3.a.2.l.5:0.05600;4.A.3.a.2.l.6:0.01987;4.A.3.a.2.o.6:0.01243;4.A.4.a.1.b.6:0.03887;4.A.4.c.3.e.5:0.01713
47-2051.00	Cement Masons and Concrete Finishers	水泥工与混凝土修整工	2	26	4.A.1.a.2.b.6:0.04377;4.A.1.b.2.f.17:0.04607;4.A.3.a.1.a.4:0.03817;4.A.3.a.1.c.20:0.06626;4.A.3.a.1.g.10:0.17623;4.A.3.a.1.g.2:0.01327;4.A.3.a.1.g.3:0.02117;4.A.3.a.1.g.8:0.04037;4.A.3.a.1.g.9:0.03757;4.A.3.a.2.a.13:0.01327;4.A.3.a.2.a.15:0.01525;4.A.3.a.2.a.3:0.03099;4.A.3.a.2.a.6:0.01327;4.A.3.a.2.aa.2:0.01772;4.A.3.a.2.ad.2:0.01196;4.A.3.a.2.ag.9:0.05946;4.A.3.a.2.aj.5:0.01739;4.A.3.a.2.am.4:0.01327;4.A.3.a.2.ao.3:0.01196;4.A.3.a.2.as.1:0.08622;4.A.3.a.2.l.6:0.01711;4.A.3.a.2.o.6:0.07141;4.A.3.a.2.v.4:0.06269;4.A.3.a.3.c.5:0.01196;4.A.4.b.1.b.3:0.02117;4.A.4.b.4.i.2:0.04201
47-2053.00	Terrazzo Workers and Finishers	水磨石工	2	26	4.A.1.b.3.a.16:0.01552;4.A.2.b.6.b.9:0.04373;4.A.3.a.1.a.4:0.07751;4.A.3.a.1.c.13:0.02029;4.A.3.a.1.c.19:0.02029;4.A.3.a.1.c.20:0.05625;4.A.3.a.1.f.5:0.01552;4.A.3.a.1.g.10:0.12250;4.A.3.a.1.g.2:0.01336;4.A.3.a.1.g.3:0.04738;4.A.3.a.1.g.9:0.03632;4.A.3.a.1.j.10:0.03896;4.A.3.a.2.a.15:0.01496;4.A.3.a.2.a.3:0.01336;4.A.3.a.2.ad.2:0.01231;4.A.3.a.2.ag.9:0.02125;4.A.3.a.2.aj.5:0.01613;4.A.3.a.2.am.4:0.05404;4.A.3.a.2.ao.3:0.01231;4.A.3.a.2.ao.7:0.04139;4.A.3.a.2.as.1:0.08491;4.A.3.a.2.l.6:0.02242;4.A.3.a.2.o.6:0.12752;4.A.3.a.2.s.5:0.02932;4.A.3.a.2.v.4:0.01613;4.A.3.a.3.c.5:0.01231;4.A.4.b.1.b.3:0.01400
47-2061.00	Construction Laborers	建筑工	2	27	4.A.1.a.1.b.9:0.03986;4.A.1.b.2.k.1:0.03996;4.A.1.b.3.d.2:0.01983;4.A.3.a.1.a.4:0.04126;4.A.3.a.1.c.13:0.03945;4.A.3.a.1.c.19:0.02157;4.A.3.a.1.c.20:0.02925;4.A.3.a.1.d.1:0.01615;4.A.3.a.1.e.5:0.03536;4.A.3.a.1.f.3:0.01952;4.A.3.a.1.g.1:0.01973;4.A.3.a.1.g.10:0.03986;4.A.3.a.1.g.3:0.01008;4.A.3.a.1.g.7:0.03812;4.A.3.a.1.g.8:0.01973;4.A.3.a.1.g.9:0.01008;4.A.3.a.1.j.10:0.01952;4.A.3.a.2.a.20:0.04099;4.A.3.a.2.a.3:0.01615;4.A.3.a.2.a.8:0.01978;4.A.3.a.2.ag.3:0.02925;4.A.3.a.2.ag.9:0.03993;4.A.3.a.2.ao.3:0.02059;4.A.3.a.2.ao.5:0.01983;4.A.3.a.2.aq.3:0.06086;4.A.3.a.2.o.6:0.03260;4.A.3.a.2.r.1:0.04037;4.A.3.a.2.s.5:0.01978;4.A.3.a.2.v.4:0.03363;4.A.3.a.3.b.2:0.07216;4.A.3.a.3.c.5:0.03015;4.A.3.b.5.a.14:0.02157;4.A.4.b.1.b.3:0.04303
47-2071.00	Paving, Surfacing, and Tamping Equipment Operators	铺路压实设备操作员	2	20	4.A.1.a.2.b.6:0.02695;4.A.1.b.2.g.1:0.01747;4.A.3.a.1.c.19:0.01747;4.A.3.a.1.f.5:0.07883;4.A.3.a.1.g.5:0.04808;4.A.3.a.1.g.8:0.04781;4.A.3.a.1.g.9:0.02614;4.A.3.a.2.a.8:0.02621;4.A.3.a.2.aj.5:0.02147;4.A.3.a.2.am.4:0.02424;4.A.3.a.2.ao.5:0.02147;4.A.3.a.2.at.1:0.04416;4.A.3.a.2.l.5:0.02316;4.A.3.a.2.r.1:0.04890;4.A.3.a.2.s.5:0.02621;4.A.3.a.3.c.2:0.02289;4.A.3.a.3.c.5:0.02289;4.A.3.a.3.c.6:0.28159;4.A.3.a.3.c.7:0.02357;4.A.3.a.4.a.10:0.05296;4.A.3.b.5.a.14:0.01747;4.A.4.b.4.i.2:0.02695;4.A.4.b.4.i.5:0.05309
47-2072.00	Pile Driver Operators	打桩机操作员	2	5	4.A.1.b.2.g.1:0.19796;4.A.3.a.1.c.19:0.09500;4.A.3.a.2.ao.3:0.10075;4.A.3.a.3.c.2:0.30359;4.A.3.a.3.h.3:0.20771;4.A.3.b.5.a.14:0.09500
47-2073.00	Operating Engineers and Other Construction Equipment Operators	工程机械与建筑设备操作员	2	26	4.A.1.a.1.b.9:0.01985;4.A.1.a.2.b.6:0.08325;4.A.1.b.2.g.13:0.04205;4.A.1.b.2.k.1:0.03022;4.A.2.b.1.j.9:0.01924;4.A.2.b.3.a.11:0.04561;4.A.3.a.1.e.6:0.03604;4.A.3.a.1.f.3:0.04064;4.A.3.a.1.g.7:0.03388;4.A.3.a.1.g.8:0.03125;4.A.3.a.1.j.10:0.02126;4.A.3.a.2.at.1:0.05781;4.A.3.a.2.v.5:0.10723;4.A.3.a.3.b.2:0.02872;4.A.3.a.3.c.2:0.03585;4.A.3.a.3.c.6:0.03229;4.A.3.a.3.c.7:0.16086;4.A.3.a.4.a.10:0.03576;4.A.3.b.5.a.14:0.04120;4.A.3.b.6.h.27:0.03585;4.A.4.a.1.b.6:0.01985;4.A.4.b.1.b.3:0.04130
47-2081.00	Drywall and Ceiling Tile Installers	石膏板与吊顶安装工	2	24	4.A.1.a.1.b.9:0.05007;4.A.1.b.2.f.1:0.03372;4.A.1.b.3.a.16:0.04854;4.A.3.a.1.e.5:0.03758;4.A.3.a.2.a.11:0.07868;4.A.3.a.2.a.13:0.10882;4.A.3.a.2.a.17:0.02231;4.A.3.a.2.a.2:0.04269;4.A.3.a.2.a.3:0.08413;4.A.3.a.2.a.6:0.12267;4.A.3.a.2.am.4:0.03644;4.A.3.a.2.ao.5:0.06324;4.A.3.a.2.l.1:0.02367;4.A.3.a.2.l.5:0.06347;4.A.3.a.2.l.6:0.04706;4.A.3.a.2.l.7:0.02322;4.A.3.a.2.l.9:0.04485;4.A.3.a.3.h.3:0.02379;4.A.4.b.4.i.5:0.04507
47-2082.00	Tapers	石膏板接缝工	2	16	4.A.2.a.1.e.3:0.05984;4.A.2.b.1.j.7:0.06107;4.A.3.a.1.a.4:0.06353;4.A.3.a.1.e.8:0.05892;4.A.3.a.1.g.2:0.05647;4.A.3.a.1.g.6:0.12644;4.A.3.a.1.n.2:0.06491;4.A.3.a.2.a.6:0.06076;4.A.3.a.2.ad.2:0.06429;4.A.3.a.2.ag.9:0.13258;4.A.3.a.2.am.4:0.12951;4.A.3.a.2.o.6:0.12168
47-2111.00	Electricians	电工	3	21	4.A.1.b.2.g.8:0.04625;4.A.1.b.2.l.3:0.16413;4.A.1.b.3.b.2:0.02156;4.A.2.b.2.o.7:0.07536;4.A.2.b.3.a.11:0.05009;4.A.2.b.6.b.1:0.04893;4.A.3.a.1.g.1:0.04184;4.A.3.a.1.g.7:0.04463;4.A.3.a.2.aa.2:0.04521;4.A.3.a.2.ah.5:0.05369;4.A.3.a.2.t.1:0.15634;4.A.3.b.5.b.2:0.11567;4.A.3.b.6.o.4:0.02150;4.A.4.a.2.c.8:0.04555;4.A.4.b.3.d.13:0.02388;4.A.4.b.4.i.2:0.02388;4.A.4.c.3.e.5:0.02150
47-2121.00	Glaziers	玻璃安装工	2	27	4.A.1.a.1.b.9:0.04174;4.A.1.b.2.f.1:0.04097;4.A.1.b.3.a.16:0.07283;4.A.2.b.1.j.7:0.03668;4.A.3.a.1.d.1:0.03085;4.A.3.a.1.e.5:0.01882;4.A.3.a.1.f.3:0.03892;4.A.3.a.1.g.6:0.03075;4.A.3.a.2.a.13:0.07326;4.A.3.a.2.a.14:0.07034;4.A.3.a.2.a.17:0.02020;4.A.3.a.2.a.6:0.04021;4.A.3.a.2.a.8:0.01896;4.A.3.a.2.aa.2:0.02001;4.A.3.a.2.am.4:0.03706;4.A.3.a.2.ao.5:0.01829;4.A.3.a.2.as.3:0.03056;4.A.3.a.2.l.10:0.12846;4.A.3.a.2.l.11:0.01585;4.A.3.a.2.l.6:0.01270;4.A.3.a.2.l.7:0.01270;4.A.3.a.2.l.9:0.01905;4.A.3.a.2.o.6:0.03629;4.A.3.a.2.s.5:0.01896;4.A.3.a.3.h.3:0.05903;4.A.3.a.4.a.10:0.01953;4.A.4.a.1.b.6:0.03696
47-2131.00	Insulation Workers, Floor, Ceiling, and Wall	地面天花墙体隔热工	2	10	4.A.1.a.1.b.9:0.04795;4.A.1.b.3.a.16:0.05328;4.A.2.b.1.j.7:0.04795;4.A.3.a.1.e.5:0.09137;4.A.3.a.1.f.5:0.10096;4.A.3.a.1.g.2:0.04475;4.A.3.a.1.g.6:0.04475;4.A.3.a.2.a.2:0.46697;4.A.3.a.2.ag.9:0.04875;4.A.3.a.2.l.11:0.05328
47-2132.00	Insulation Workers, Mechanical	机械设备隔热工	2	9	4.A.1.a.1.b.9:0.10751;4.A.1.b.3.a.16:0.06019;4.A.2.b.1.j.7:0.22299;4.A.3.a.1.g.2:0.05298;4.A.3.a.1.g.6:0.05298;4.A.3.a.2.a.2:0.28099;4.A.3.a.2.a.6:0.10802;4.A.3.a.2.ag.9:0.05414;4.A.3.a.2.l.11:0.06019
47-2141.00	Painters, Construction and Maintenance	建筑维修油漆工	2	17	4.A.1.a.1.b.9:0.07103;4.A.1.b.3.b.2:0.02859;4.A.2.b.1.h.12:0.02859;4.A.2.b.1.j.9:0.02457;4.A.3.a.1.a.4:0.04867;4.A.3.a.1.c.20:0.08679;4.A.3.a.1.d.1:0.12758;4.A.3.a.1.g.2:0.09214;4.A.3.a.2.a.8:0.06505;4.A.3.a.2.ag.3:0.07040;4.A.3.a.2.ag.9:0.05119;4.A.3.a.2.am.4:0.07009;4.A.3.a.2.as.3:0.07348;4.A.3.a.2.l.11:0.02134;4.A.3.a.2.o.6:0.11592;4.A.4.c.3.e.5:0.02457
47-2142.00	Paperhangers	墙纸裱贴工	2	19	4.A.1.a.1.b.9:0.02079;4.A.1.b.2.f.17:0.06237;4.A.1.b.3.a.16:0.02552;4.A.1.b.3.d.2:0.02079;4.A.2.b.1.h.12:0.02079;4.A.2.b.1.i.4:0.06926;4.A.3.a.1.a.4:0.02470;4.A.3.a.1.c.20:0.03381;4.A.3.a.1.e.5:0.04333;4.A.3.a.1.g.2:0.05416;4.A.3.a.1.g.6:0.09774;4.A.3.a.2.a.8:0.05219;4.A.3.a.2.ag.9:0.02413;4.A.3.a.2.am.4:0.04743;4.A.3.a.2.ao.5:0.04677;4.A.3.a.2.as.3:0.16954;4.A.3.a.2.l.11:0.02552;4.A.3.a.2.l.9:0.10455;4.A.3.a.2.o.6:0.05662
47-2151.00	Pipelayers	管道铺设工	2	14	4.A.1.b.2.f.9:0.07119;4.A.1.b.2.g.13:0.06703;4.A.3.a.1.g.1:0.07519;4.A.3.a.1.g.5:0.07171;4.A.3.a.1.g.6:0.03568;4.A.3.a.1.g.8:0.07640;4.A.3.a.2.ad.2:0.06998;4.A.3.a.2.ai.2:0.03568;4.A.3.a.2.ao.5:0.03499;4.A.3.a.2.aq.3:0.10644;4.A.3.a.2.l.6:0.07501;4.A.3.a.2.v.11:0.07345;4.A.3.a.3.c.7:0.03421;4.A.3.a.4.a.10:0.03421;4.A.3.b.4.a.3:0.03560;4.A.4.a.2.c.8:0.03499;4.A.4.b.3.d.13:0.03412;4.A.4.b.4.i.2:0.03412
47-2152.00	Plumbers, Pipefitters, and Steamfitters	管道工与暖气管装配工	3	30	4.A.1.a.1.b.9:0.03589;4.A.1.b.2.e.1:0.03244;4.A.1.b.2.e.2:0.03155;4.A.1.b.2.g.12:0.07099;4.A.1.b.3.a.16:0.01834;4.A.1.b.3.b.2:0.01653;4.A.2.b.1.h.14:0.01653;4.A.2.b.1.j.7:0.03571;4.A.2.b.2.o.7:0.03642;4.A.2.b.6.b.1:0.03607;4.A.3.a.1.c.19:0.01688;4.A.3.a.2.aa.2:0.01826;4.A.3.a.2.ai.2:0.06301;4.A.3.a.2.ao.5:0.01834;4.A.3.a.2.aq.1:0.05663;4.A.3.a.2.aq.3:0.17299;4.A.3.a.2.d.13:0.03306;4.A.3.a.2.l.1:0.03164;4.A.3.a.2.l.6:0.01826;4.A.3.a.2.s.6:0.01063;4.A.3.a.3.b.2:0.02535;4.A.3.b.4.a.3:0.08610;4.A.3.b.4.c.3:0.01063;4.A.3.b.4.c.5:0.03917;4.A.3.b.6.h.27:0.03306;4.A.4.b.4.i.2:0.03554
47-2152.04	Solar Thermal Installers and Technicians	太阳能热水安装技工	3	21	4.A.1.b.1.a.1:0.04685;4.A.1.b.2.g.12:0.04046;4.A.1.b.2.g.16:0.01686;4.A.1.b.2.l.3:0.01686;4.A.1.b.3.d.5:0.04583;4.A.2.b.1.d.2:0.04707;4.A.3.a.1.g.3:0.02359;4.A.3.a.1.g.6:0.01550;4.A.3.a.2.a.2:0.01550;4.A.3.a.2.ag.9:0.09494;4.A.3.a.2.aq.3:0.19045;4.A.3.a.2.d.13:0.04617;4.A.3.a.2.l.11:0.01550;4.A.3.a.2.p.2:0.28868;4.A.3.b.5.a.1:0.04696;4.A.4.a.1.b.6:0.04877
47-2161.00	Plasterers and Stucco Masons	抹灰工与装饰灰泥工	2	15	4.A.2.b.1.h.12:0.03301;4.A.3.a.1.a.4:0.06713;4.A.3.a.1.c.19:0.06650;4.A.3.a.1.c.20:0.03444;4.A.3.a.1.d.1:0.07061;4.A.3.a.1.g.2:0.10394;4.A.3.a.2.a.11:0.02969;4.A.3.a.2.a.2:0.06586;4.A.3.a.2.a.8:0.06903;4.A.3.a.2.aa.2:0.02969;4.A.3.a.2.ao.5:0.06032;4.A.3.a.2.as.3:0.33676;4.A.4.c.3.e.5:0.03301
47-2171.00	Reinforcing Iron and Rebar Workers	钢筋工	2	9	4.A.1.a.1.b.9:0.11974;4.A.3.a.1.f.11:0.03566;4.A.3.a.1.f.3:0.03566;4.A.3.a.1.j.10:0.02885;4.A.3.a.1.j.4:0.03566;4.A.3.a.2.a.5:0.05851;4.A.3.a.2.a.6:0.06055;4.A.3.a.2.ai.2:0.09802;4.A.3.a.2.ao.3:0.17065;4.A.3.a.2.l.6:0.16400;4.A.3.a.2.v.2:0.10616;4.A.3.a.3.c.7:0.02885;4.A.3.a.3.h.1:0.02885;4.A.3.a.3.h.3:0.02885
47-2181.00	Roofers	屋顶工	2	25	4.A.1.b.2.e.1:0.04580;4.A.2.b.1.h.12:0.02320;4.A.2.b.1.h.14:0.02320;4.A.3.a.1.e.6:0.04320;4.A.3.a.1.g.3:0.03800;4.A.3.a.1.g.5:0.05726;4.A.3.a.1.g.6:0.02055;4.A.3.a.2.a.14:0.03470;4.A.3.a.2.a.15:0.30393;4.A.3.a.2.a.2:0.04280;4.A.3.a.2.a.20:0.03960;4.A.3.a.2.a.8:0.04150;4.A.3.a.2.ad.2:0.03940;4.A.3.a.2.ag.3:0.02170;4.A.3.a.2.ag.9:0.12291;4.A.3.a.2.l.11:0.04310;4.A.3.a.2.o.6:0.03760;4.A.3.a.2.p.2:0.02150
47-2211.00	Sheet Metal Workers	钣金工	2	19	4.A.1.a.1.b.9:0.05332;4.A.1.a.2.k.9:0.04960;4.A.1.b.2.f.17:0.06062;4.A.1.b.2.g.16:0.04671;4.A.1.b.3.a.16:0.02756;4.A.2.b.1.j.7:0.05098;4.A.2.b.2.o.7:0.05153;4.A.3.a.1.j.10:0.05745;4.A.3.a.2.a.13:0.02859;4.A.3.a.2.a.15:0.02074;4.A.3.a.2.aa.2:0.20116;4.A.3.a.2.ai.2:0.04946;4.A.3.a.2.ao.3:0.05332;4.A.3.a.2.ao.5:0.02756;4.A.3.a.2.aq.3:0.02859;4.A.3.a.2.d.10:0.02873;4.A.3.a.2.o.6:0.04919;4.A.3.b.5.a.14:0.05924;4.A.4.b.3.d.13:0.02783;4.A.4.b.4.i.2:0.02783
47-2221.00	Structural Iron and Steel Workers	结构钢铁工	2	20	4.A.1.a.1.b.9:0.05947;4.A.1.b.2.f.1:0.05414;4.A.3.a.1.e.9:0.01117;4.A.3.a.1.f.3:0.02647;4.A.3.a.1.g.7:0.04057;4.A.3.a.2.a.2:0.01663;4.A.3.a.2.a.6:0.25742;4.A.3.a.2.a.8:0.05374;4.A.3.a.2.aa.2:0.05348;4.A.3.a.2.ad.2:0.01117;4.A.3.a.2.ai.2:0.02501;4.A.3.a.2.ai.6:0.01117;4.A.3.a.2.ao.3:0.12758;4.A.3.a.2.d.13:0.01663;4.A.3.a.2.l.6:0.02501;4.A.3.a.2.s.5:0.04616;4.A.3.a.2.t.1:0.01663;4.A.3.a.2.v.2:0.04284;4.A.3.a.3.h.3:0.07796;4.A.4.b.1.b.3:0.02674
47-2231.00	Solar Photovoltaic Installers	太阳能光伏安装工	2	26	4.A.1.a.1.b.9:0.03798;4.A.1.b.1.a.1:0.03962;4.A.1.b.2.b.2:0.13312;4.A.1.b.2.g.8:0.06060;4.A.1.b.2.l.3:0.03925;4.A.2.b.1.d.2:0.05997;4.A.2.b.1.d.8:0.14677;4.A.2.b.1.j.7:0.03925;4.A.2.b.1.j.9:0.01972;4.A.2.b.2.o.7:0.03952;4.A.3.a.2.ag.9:0.04025;4.A.3.a.2.p.2:0.23425;4.A.3.a.2.t.1:0.04025;4.A.3.b.5.a.1:0.03526;4.A.3.b.6.h.27:0.03418
47-3011.00	Helpers--Brickmasons, Blockmasons, Stonemasons, and Tile and Marble Setters	砌筑石材瓷砖工助理	2	15	4.A.2.b.1.d.4:0.06787;4.A.3.a.1.a.4:0.07721;4.A.3.a.1.c.20:0.09149;4.A.3.a.1.e.5:0.02239;4.A.3.a.1.e.8:0.06698;4.A.3.a.1.g.2:0.02239;4.A.3.a.1.g.7:0.13432;4.A.3.a.1.j.10:0.06187;4.A.3.a.2.a.8:0.07439;4.A.3.a.2.ag.9:0.05729;4.A.3.a.2.am.4:0.12498;4.A.3.a.2.l.5:0.07562;4.A.3.a.3.h.3:0.05940;4.A.3.b.5.a.14:0.06381
47-3012.00	Helpers--Carpenters	木工助理	2	19	4.A.1.b.3.a.16:0.02749;4.A.2.b.1.j.7:0.01904;4.A.2.b.1.j.9:0.01904;4.A.3.a.1.c.19:0.05976;4.A.3.a.1.d.2:0.05003;4.A.3.a.1.g.10:0.01874;4.A.3.a.1.g.6:0.06601;4.A.3.a.1.g.7:0.02834;4.A.3.a.1.g.8:0.01874;4.A.3.a.1.j.10:0.01904;4.A.3.a.2.a.13:0.04679;4.A.3.a.2.a.17:0.05605;4.A.3.a.2.a.2:0.02208;4.A.3.a.2.a.8:0.06038;4.A.3.a.2.ad.2:0.05065;4.A.3.a.2.ai.2:0.01745;4.A.3.a.2.ai.5:0.01745;4.A.3.a.2.aj.5:0.04707;4.A.3.a.2.ao.3:0.05574;4.A.3.a.2.ao.5:0.07983;4.A.3.a.2.l.11:0.03837;4.A.3.a.2.l.6:0.01745;4.A.3.a.2.l.7:0.05513;4.A.3.a.2.o.6:0.05049;4.A.3.a.2.v.4:0.05883
47-3013.00	Helpers--Electricians	电工助理	2	25	4.A.1.b.2.g.8:0.02267;4.A.1.b.2.l.3:0.04600;4.A.1.b.3.a.16:0.02295;4.A.3.a.1.c.13:0.04458;4.A.3.a.1.e.6:0.04032;4.A.3.a.1.g.1:0.04032;4.A.3.a.1.j.10:0.06102;4.A.3.a.2.a.8:0.01672;4.A.3.a.2.aa.2:0.05733;4.A.3.a.2.ad.2:0.02240;4.A.3.a.2.ag.3:0.03344;4.A.3.a.2.ah.5:0.07874;4.A.3.a.2.ai.2:0.02775;4.A.3.a.2.l.6:0.02295;4.A.3.a.2.t.1:0.21391;4.A.3.a.2.v.5:0.01874;4.A.3.a.3.c.2:0.01410;4.A.3.a.3.c.4:0.01410;4.A.3.a.3.c.5:0.03158;4.A.3.b.5.a.14:0.04502;4.A.3.b.5.b.2:0.08812;4.A.4.c.3.e.5:0.03726
47-3014.00	Helpers--Painters, Paperhangers, Plasterers, and Stucco Masons	油漆裱糊抹灰工助理	2	11	4.A.3.a.1.a.4:0.03719;4.A.3.a.1.c.19:0.12104;4.A.3.a.1.c.20:0.06505;4.A.3.a.1.d.1:0.10916;4.A.3.a.1.g.3:0.06533;4.A.3.a.1.g.7:0.20786;4.A.3.a.1.j.10:0.03719;4.A.3.a.1.j.11:0.06363;4.A.3.a.2.a.8:0.09700;4.A.3.a.2.am.4:0.08993;4.A.3.a.2.o.6:0.10662
47-3015.00	Helpers--Pipelayers, Plumbers, Pipefitters, and Steamfitters	管道工助理	2	15	4.A.1.b.3.a.16:0.02402;4.A.2.b.1.j.7:0.02367;4.A.3.a.1.c.19:0.16143;4.A.3.a.1.e.5:0.06897;4.A.3.a.1.g.1:0.03062;4.A.3.a.1.g.7:0.16452;4.A.3.a.1.j.10:0.05979;4.A.3.a.2.a.13:0.03809;4.A.3.a.2.ad.2:0.03440;4.A.3.a.2.aq.3:0.12927;4.A.3.a.2.d.10:0.04546;4.A.3.a.2.l.1:0.03440;4.A.3.a.2.l.6:0.06013;4.A.3.b.4.a.3:0.10156;4.A.4.c.3.e.5:0.02367
47-3016.00	Helpers--Roofers	屋顶工助理	2	18	4.A.1.b.2.f.17:0.06318;4.A.1.b.2.g.13:0.05912;4.A.3.a.1.a.4:0.04707;4.A.3.a.1.c.13:0.08490;4.A.3.a.1.c.19:0.03040;4.A.3.a.1.c.20:0.05800;4.A.3.a.1.e.5:0.05772;4.A.3.a.1.f.3:0.05576;4.A.3.a.1.g.5:0.02536;4.A.3.a.1.g.7:0.05940;4.A.3.a.1.j.10:0.05478;4.A.3.a.2.a.15:0.25841;4.A.3.a.2.a.8:0.06122;4.A.3.a.2.ag.9:0.02473;4.A.3.b.5.a.14:0.05996
47-4011.00	Construction and Building Inspectors	建筑施工检查员	3	19	4.A.1.a.1.b.9:0.03304;4.A.1.a.2.b.6:0.14427;4.A.1.a.2.k.9:0.11093;4.A.1.b.2.e.2:0.14152;4.A.1.b.2.f.1:0.01918;4.A.1.b.2.f.17:0.05473;4.A.1.b.2.f.9:0.01918;4.A.1.b.2.g.12:0.02100;4.A.1.b.2.g.16:0.04263;4.A.1.b.2.k.1:0.03378;4.A.1.b.2.l.3:0.02100;4.A.1.b.3.b.2:0.03983;4.A.1.b.3.d.2:0.01918;4.A.2.b.1.c.1:0.13040;4.A.3.b.6.h.27:0.05650;4.A.4.a.1.b.6:0.06019;4.A.4.b.3.d.13:0.02633;4.A.4.b.4.i.2:0.02633
47-4011.01	Energy Auditors	能源审计员	3	21	4.A.1.a.1.j.2:0.02444;4.A.1.b.1.b.6:0.10652;4.A.1.b.2.c.4:0.04672;4.A.1.b.2.e.8:0.09835;4.A.2.a.1.g.1:0.05056;4.A.2.a.1.i.1:0.05044;4.A.2.a.2.e.3:0.03531;4.A.2.a.4.c.2:0.05284;4.A.2.a.4.g.1:0.02630;4.A.2.a.4.g.17:0.27351;4.A.3.b.2.a.4:0.04660;4.A.3.b.6.a.2:0.05296;4.A.4.a.8.c.6:0.04672;4.A.4.b.4.j.8:0.03951;4.A.4.b.6.e.10:0.04924
47-4021.00	Elevator and Escalator Installers and Repairers	电梯与扶梯安装维修工	3	20	4.A.1.a.1.b.9:0.05106;4.A.1.a.2.k.9:0.02617;4.A.1.b.2.g.13:0.02593;4.A.1.b.2.g.16:0.10032;4.A.1.b.2.g.8:0.05557;4.A.1.b.2.l.3:0.02426;4.A.2.b.3.a.11:0.04944;4.A.3.a.2.a.6:0.06929;4.A.3.a.2.ah.5:0.02402;4.A.3.a.2.ai.2:0.02576;4.A.3.a.2.d.10:0.19914;4.A.3.a.2.l.6:0.04365;4.A.3.a.2.t.1:0.09841;4.A.3.b.5.a.1:0.10397;4.A.3.b.5.b.2:0.02622;4.A.3.b.6.h.27:0.05060;4.A.3.b.6.o.4:0.02617
47-4031.00	Fence Erectors	围栏安装工	2	20	4.A.1.b.2.f.1:0.02700;4.A.1.b.3.d.2:0.02712;4.A.2.b.1.d.2:0.05486;4.A.3.a.1.a.4:0.02545;4.A.3.a.1.g.1:0.05139;4.A.3.a.1.g.3:0.02545;4.A.3.a.2.a.17:0.14898;4.A.3.a.2.a.5:0.22136;4.A.3.a.2.a.6:0.12019;4.A.3.a.2.ai.2:0.04359;4.A.3.a.2.ao.3:0.08149;4.A.3.a.2.ao.5:0.02712;4.A.3.a.2.l.7:0.05065;4.A.3.a.3.c.8:0.04545;4.A.4.a.1.b.6:0.04991
47-4041.00	Hazardous Materials Removal Workers	危险品清除工	2	19	4.A.1.b.2.e.2:0.05854;4.A.2.b.1.i.3:0.03973;4.A.3.a.1.a.4:0.01478;4.A.3.a.1.c.17:0.11397;4.A.3.a.1.f.3:0.02715;4.A.3.a.1.g.3:0.01478;4.A.3.a.2.a.8:0.06307;4.A.3.a.2.m.4:0.49236;4.A.3.a.3.h.3:0.06717;4.A.3.a.4.a.10:0.05034;4.A.3.b.6.h.27:0.05812
47-4051.00	Highway Maintenance Workers	公路养护工	2	19	4.A.1.b.2.f.17:0.04525;4.A.1.b.2.g.16:0.01819;4.A.1.b.3.d.2:0.02499;4.A.3.a.1.a.4:0.03877;4.A.3.a.1.c.19:0.01819;4.A.3.a.1.e.6:0.15953;4.A.3.a.1.g.3:0.01810;4.A.3.a.1.g.5:0.02796;4.A.3.a.1.g.8:0.01810;4.A.3.a.1.g.9:0.01810;4.A.3.a.1.j.10:0.02796;4.A.3.a.2.a.5:0.07983;4.A.3.a.2.ag.3:0.04863;4.A.3.a.2.ag.7:0.05147;4.A.3.a.2.ao.5:0.02499;4.A.3.a.2.r.1:0.11982;4.A.3.a.2.s.5:0.02256;4.A.3.a.3.c.6:0.04741;4.A.3.a.3.c.7:0.05592;4.A.3.a.4.a.10:0.05768;4.A.3.b.4.a.3:0.01819;4.A.3.b.5.a.1:0.05835
47-4061.00	Rail-Track Laying and Maintenance Equipment Operators	铁路轨道铺设养护设备操作员	2	26	4.A.1.b.2.f.1:0.03779;4.A.1.b.2.g.13:0.04381;4.A.3.a.1.c.19:0.05801;4.A.3.a.1.g.5:0.03666;4.A.3.a.1.g.8:0.03666;4.A.3.a.2.ad.2:0.03952;4.A.3.a.2.ag.3:0.03717;4.A.3.a.2.ag.9:0.03554;4.A.3.a.2.ai.2:0.03656;4.A.3.a.2.l.6:0.04228;4.A.3.a.2.l.7:0.03319;4.A.3.a.2.o.6:0.03707;4.A.3.a.3.c.2:0.34355;4.A.3.a.3.h.3:0.03993;4.A.3.b.5.a.1:0.08374;4.A.3.b.5.a.14:0.05852
47-4071.00	Septic Tank Servicers and Sewer Pipe Cleaners	化粪池与污水管清理工	2	22	4.A.1.b.2.f.17:0.04594;4.A.1.b.2.g.12:0.09602;4.A.1.b.2.g.13:0.04632;4.A.1.b.3.d.2:0.04832;4.A.2.b.1.g.2:0.04244;4.A.3.a.1.c.17:0.02322;4.A.3.a.1.c.19:0.11142;4.A.3.a.1.e.5:0.01398;4.A.3.a.1.g.1:0.04394;4.A.3.a.1.g.5:0.02109;4.A.3.a.1.g.8:0.02109;4.A.3.a.2.ad.2:0.03655;4.A.3.a.2.at.1:0.05984;4.A.3.a.2.l.6:0.01398;4.A.3.a.3.c.2:0.01477;4.A.3.a.3.c.5:0.03943;4.A.3.a.4.a.10:0.05033;4.A.3.b.4.a.3:0.03820;4.A.3.b.5.a.1:0.04544;4.A.3.b.5.a.14:0.04657;4.A.3.b.6.h.27:0.04882;4.A.4.a.2.c.8:0.05058;4.A.4.c.3.e.5:0.04169
47-4091.00	Segmental Pavers	联锁铺路工	2	12	4.A.2.b.2.o.7:0.04146;4.A.3.a.1.c.13:0.08165;4.A.3.a.1.g.10:0.06633;4.A.3.a.1.g.5:0.08869;4.A.3.a.1.g.8:0.30395;4.A.3.a.1.j.10:0.04565;4.A.3.a.2.a.3:0.06822;4.A.3.a.2.ao.5:0.04146;4.A.3.a.2.ao.7:0.08816;4.A.3.a.2.l.5:0.08501;4.A.4.a.1.b.6:0.08942
47-4099.03	Weatherization Installers and Technicians	建筑节能改造技工	2	20	4.A.1.b.2.c.2:0.05719;4.A.1.b.2.c.4:0.02741;4.A.1.b.2.e.1:0.05209;4.A.1.b.2.f.17:0.02176;4.A.1.b.2.g.16:0.05333;4.A.1.b.2.g.18:0.02741;4.A.1.b.3.b.2:0.05035;4.A.3.a.1.c.19:0.02486;4.A.3.a.2.a.13:0.05085;4.A.3.a.2.a.14:0.02176;4.A.3.a.2.a.2:0.16951;4.A.3.a.2.a.20:0.02667;4.A.3.a.2.am.4:0.10157;4.A.3.b.5.a.14:0.02486;4.A.3.b.6.h.27:0.04811;4.A.3.b.6.o.4:0.04538;4.A.4.a.1.b.6:0.19692
47-5011.00	Derrick Operators, Oil and Gas	石油天然气井架操作员	2	15	4.A.1.a.2.b.4:0.07059;4.A.1.b.2.g.1:0.09245;4.A.1.b.3.a.16:0.03202;4.A.3.a.1.a.4:0.10262;4.A.3.a.1.c.19:0.02231;4.A.3.a.2.a.8:0.06648;4.A.3.a.2.t.2:0.12825;4.A.3.a.2.v.5:0.06724;4.A.3.a.3.b.2:0.07135;4.A.3.a.3.h.3:0.12399;4.A.3.b.5.a.8:0.08834;4.A.3.b.6.o.4:0.03377;4.A.4.b.3.d.13:0.06717;4.A.4.b.4.i.2:0.03339
47-5012.00	Rotary Drill Operators, Oil and Gas	石油天然气旋转钻机操作员	2	21	4.A.1.a.2.b.4:0.01612;4.A.1.b.2.g.1:0.02434;4.A.1.b.3.a.16:0.02462;4.A.1.b.3.d.2:0.05021;4.A.2.b.1.j.9:0.01612;4.A.3.a.1.a.4:0.02462;4.A.3.a.1.c.19:0.02423;4.A.3.a.2.al.4:0.04421;4.A.3.a.2.aq.3:0.04497;4.A.3.a.2.at.1:0.01612;4.A.3.a.2.d.10:0.04257;4.A.3.a.2.m.1:0.01015;4.A.3.a.2.m.3:0.05512;4.A.3.a.2.t.2:0.05054;4.A.3.a.2.v.5:0.05185;4.A.3.a.3.b.2:0.02434;4.A.3.a.3.c.1:0.09661;4.A.3.a.3.c.8:0.01015;4.A.3.a.3.h.3:0.09802;4.A.3.b.5.a.8:0.12193;4.A.3.b.6.h.27:0.05185;4.A.4.b.3.d.13:0.05196;4.A.4.b.4.i.2:0.04934
47-5013.00	Service Unit Operators, Oil and Gas	石油天然气作业车操作员	2	19	4.A.1.a.2.b.4:0.10241;4.A.1.b.2.g.1:0.11746;4.A.1.b.3.d.2:0.05377;4.A.2.b.1.i.3:0.05009;4.A.2.b.1.j.9:0.05140;4.A.3.a.2.aq.3:0.05718;4.A.3.a.2.m.3:0.04930;4.A.3.a.3.b.2:0.05495;4.A.3.a.3.c.8:0.09780;4.A.3.a.3.h.3:0.11161;4.A.3.a.4.a.10:0.05442;4.A.3.b.5.a.10:0.03004;4.A.3.b.6.o.4:0.05771;4.A.4.a.2.c.8:0.05508;4.A.4.b.4.i.2:0.05679
47-5022.00	Excavating and Loading Machine and Dragline Operators, Surface Mining	露天采矿挖掘装载机操作员	2	16	4.A.1.b.2.g.7:0.07091;4.A.1.b.3.a.4:0.03094;4.A.2.a.2.a.2:0.03094;4.A.2.b.3.a.16:0.06889;4.A.3.a.1.c.9:0.05738;4.A.3.a.1.g.4:0.05473;4.A.3.a.1.j.4:0.06204;4.A.3.a.2.a.8:0.03032;4.A.3.a.3.c.4:0.25190;4.A.3.b.4.e.6:0.05987;4.A.3.b.5.a.16:0.03032;4.A.4.a.2.c.19:0.06282;4.A.4.b.1.b.1:0.06826;4.A.4.b.4.j.31:0.12067
47-5023.00	Earth Drillers, Except Oil and Gas	地质钻探工	2	29	4.A.1.a.1.b.9:0.01682;4.A.1.a.2.b.4:0.03448;4.A.1.b.2.g.1:0.03242;4.A.1.b.3.d.2:0.03545;4.A.2.b.1.d.2:0.01682;4.A.2.b.1.j.9:0.05356;4.A.3.a.1.c.17:0.01066;4.A.3.a.1.c.19:0.01066;4.A.3.a.1.e.6:0.03640;4.A.3.a.1.g.3:0.01872;4.A.3.a.2.aa.2:0.03787;4.A.3.a.2.ad.1:0.03303;4.A.3.a.2.al.4:0.05965;4.A.3.a.2.d.10:0.01725;4.A.3.a.2.m.3:0.01066;4.A.3.a.2.t.2:0.01837;4.A.3.a.2.v.5:0.05304;4.A.3.a.3.b.2:0.01872;4.A.3.a.3.c.1:0.17654;4.A.3.a.3.h.3:0.03432;4.A.3.a.4.a.10:0.07124;4.A.3.b.2.c.2:0.03648;4.A.3.b.2.c.4:0.03164;4.A.3.b.5.a.8:0.03545;4.A.3.b.6.h.27:0.06951;4.A.4.b.1.b.3:0.03026
47-5032.00	Explosives Workers, Ordnance Handling Experts, and Blasters	爆破与军械处理工	2	27	4.A.1.a.2.b.4:0.03747;4.A.1.a.2.k.10:0.02116;4.A.1.b.3.d.2:0.03885;4.A.2.b.1.j.1:0.02116;4.A.3.a.1.c.19:0.01661;4.A.3.a.1.e.6:0.03704;4.A.3.a.1.f.5:0.01661;4.A.3.a.1.g.3:0.01982;4.A.3.a.1.j.4:0.01860;4.A.3.a.2.ad.1:0.03704;4.A.3.a.2.ak.6:0.01860;4.A.3.a.2.ao.5:0.03903;4.A.3.a.2.d.10:0.02918;4.A.3.a.2.l.11:0.01735;4.A.3.a.2.m.1:0.18759;4.A.3.a.2.v.2:0.02012;4.A.3.a.2.v.5:0.02866;4.A.3.a.3.c.8:0.05659;4.A.3.a.3.h.3:0.01609;4.A.3.a.3.j.1:0.03322;4.A.3.a.4.a.10:0.03573;4.A.3.b.2.c.2:0.03704;4.A.3.b.5.a.10:0.04887;4.A.3.b.6.h.27:0.07606;4.A.4.b.1.b.3:0.03704;4.A.4.b.4.i.2:0.02012;4.A.4.c.3.e.5:0.03434
47-5041.00	Continuous Mining Machine Operators	连续采煤机操作员	2	15	4.A.1.a.2.b.4:0.06544;4.A.1.b.2.f.17:0.07187;4.A.1.b.2.k.1:0.07248;4.A.2.b.1.d.2:0.06774;4.A.2.b.1.i.3:0.05765;4.A.3.a.1.c.19:0.06483;4.A.3.a.1.g.7:0.02791;4.A.3.a.2.a.10:0.06713;4.A.3.a.2.v.2:0.07294;4.A.3.a.2.v.5:0.06850;4.A.3.a.3.c.3:0.20765;4.A.3.a.3.h.3:0.06437;4.A.3.b.5.a.10:0.06361;4.A.4.b.4.i.2:0.02791
47-5043.00	Roof Bolters, Mining	矿用顶板锚固工	2	14	4.A.1.b.2.f.17:0.07161;4.A.1.b.2.g.1:0.07295;4.A.1.b.2.k.1:0.07280;4.A.3.a.2.a.10:0.21468;4.A.3.a.2.a.6:0.07221;4.A.3.a.2.a.8:0.06519;4.A.3.a.2.ad.1:0.07355;4.A.3.a.2.at.1:0.10495;4.A.3.a.2.v.2:0.06982;4.A.3.a.2.v.5:0.03663;4.A.3.a.3.c.3:0.07236;4.A.3.a.3.c.5:0.07325
47-5044.00	Loading and Moving Machine Operators, Underground Mining	地下矿装运机操作员	2	25	4.A.1.a.1.b.10:0.01920;4.A.1.a.2.b.12:0.03820;4.A.1.b.2.g.4:0.01373;4.A.1.b.3.a.14:0.01171;4.A.1.b.3.a.4:0.01171;4.A.2.a.2.a.2:0.01171;4.A.3.a.1.c.14:0.04038;4.A.3.a.1.c.4:0.01373;4.A.3.a.1.e.3:0.04237;4.A.3.a.1.e.9:0.02188;4.A.3.a.1.j.4:0.02188;4.A.3.a.2.ah.9:0.02267;4.A.3.a.2.t.1:0.02267;4.A.3.a.2.v.10:0.11580;4.A.3.a.3.c.4:0.08573;4.A.3.a.3.f.9:0.12542;4.A.3.a.4.a.13:0.03850;4.A.3.a.4.a.6:0.04425;4.A.3.b.4.e.6:0.07412;4.A.3.b.5.a.13:0.01373;4.A.3.b.6.h.3:0.07392;4.A.4.a.2.c.16:0.01920;4.A.4.b.1.b.1:0.08216;4.A.4.b.4.j.31:0.03532
47-5051.00	Rock Splitters, Quarry	采石场劈石工	2	9	4.A.1.b.2.j.10:0.11477;4.A.3.a.2.ad.1:0.05648;4.A.3.a.2.ao.5:0.10269;4.A.3.a.2.l.5:0.21746;4.A.3.a.3.c.5:0.33736;4.A.3.a.3.c.8:0.11477;4.A.4.b.4.i.2:0.05648
47-5071.00	Roustabouts, Oil and Gas	石油天然气杂工	2	13	4.A.1.b.2.g.13:0.04011;4.A.3.a.1.a.4:0.02613;4.A.3.a.1.c.13:0.07244;4.A.3.a.1.c.24:0.07495;4.A.3.a.1.e.6:0.06513;4.A.3.a.1.f.3:0.07655;4.A.3.a.1.g.1:0.09445;4.A.3.a.1.g.3:0.02613;4.A.3.a.1.g.7:0.03725;4.A.3.a.1.j.10:0.03725;4.A.3.a.2.aq.3:0.12843;4.A.3.a.2.d.10:0.07655;4.A.3.a.2.t.4:0.03953;4.A.3.a.3.h.3:0.08158;4.A.3.b.5.a.1:0.08341;4.A.3.b.5.a.10:0.04011
47-5081.00	Helpers--Extraction Workers	采掘工助理	2	14	4.A.1.a.2.b.4:0.07939;4.A.2.b.1.j.7:0.07216;4.A.3.a.1.c.13:0.10295;4.A.3.a.1.f.3:0.07420;4.A.3.a.1.f.5:0.06566;4.A.3.a.1.g.1:0.06270;4.A.3.a.1.g.7:0.07976;4.A.3.a.2.al.4:0.07123;4.A.3.a.2.m.3:0.03320;4.A.3.a.2.s.5:0.03432;4.A.3.a.3.c.3:0.07290;4.A.3.a.4.a.10:0.07550;4.A.3.b.5.a.8:0.10592;4.A.4.b.1.b.3:0.07012
49-1011.00	First-Line Supervisors of Mechanics, Installers, and Repairers	维修安装人员一线主管	3	22	4.A.1.a.1.b.14:0.04817;4.A.1.a.1.u.4:0.02246;4.A.1.a.2.g.9:0.02421;4.A.1.b.2.f.15:0.02427;4.A.1.b.2.g.3:0.04542;4.A.1.b.3.a.6:0.02427;4.A.1.b.3.b.7:0.04679;4.A.2.b.5.b.6:0.04592;4.A.2.b.6.b.2:0.04342;4.A.3.a.2.ai.5:0.02377;4.A.3.b.1.c.3:0.04193;4.A.3.b.2.c.2:0.03843;4.A.3.b.5.a.16:0.02377;4.A.3.b.6.h.11:0.02221;4.A.3.b.6.h.24:0.02221;4.A.3.b.6.o.3:0.02246;4.A.4.a.1.a.2:0.04230;4.A.4.a.2.c.15:0.09296;4.A.4.b.3.d.3:0.06826;4.A.4.b.4.a.13:0.13863;4.A.4.b.4.j.39:0.04492;4.A.4.c.3.a.5:0.04667;4.A.4.c.3.e.1:0.04654
49-2011.00	Computer, Automated Teller, and Office Machine Repairers	计算机自助柜员机及办公设备维修工	2	25	4.A.1.a.1.b.5:0.03624;4.A.1.b.2.l.5:0.04336;4.A.1.b.2.l.7:0.03911;4.A.1.b.2.l.9:0.03741;4.A.2.a.4.l.5:0.03954;4.A.3.a.1.c.16:0.01243;4.A.3.a.2.ah.4:0.01685;4.A.3.a.2.ah.7:0.01685;4.A.3.a.2.ao.1:0.01791;4.A.3.a.2.d.12:0.04156;4.A.3.a.2.d.3:0.04623;4.A.3.a.2.i.5:0.02692;4.A.3.a.2.i.6:0.05330;4.A.3.a.2.s.3:0.04485;4.A.3.a.2.t.1:0.03932;4.A.3.a.4.a.5:0.04751;4.A.3.b.1.c.3:0.08024;4.A.3.b.1.f.10:0.03284;4.A.3.b.4.c.3:0.01449;4.A.3.b.4.c.5:0.01449;4.A.3.b.5.a.16:0.03518;4.A.3.b.5.a.7:0.01243;4.A.3.b.6.h.11:0.03688;4.A.3.b.6.h.24:0.04411;4.A.4.a.2.j.4:0.04506;4.A.4.b.3.d.3:0.03369;4.A.4.b.3.e.7:0.04559;4.A.4.c.3.a.5:0.02280;4.A.4.c.3.e.1:0.02280
49-2021.00	Radio, Cellular, and Tower Equipment Installers and Repairers	无线通信铁塔设备安装维修工	3	30	4.A.1.a.1.b.13:0.01711;4.A.1.a.1.b.14:0.01711;4.A.1.a.1.f.2:0.03266;4.A.1.b.2.f.15:0.03677;4.A.1.b.2.g.2:0.03333;4.A.1.b.2.g.5:0.06596;4.A.1.b.2.l.1:0.06805;4.A.1.b.2.l.3:0.01105;4.A.1.b.2.l.9:0.01667;4.A.3.a.1.j.6:0.03037;4.A.3.a.1.n.2:0.07074;4.A.3.a.2.ah.4:0.03496;4.A.3.a.2.ah.7:0.03883;4.A.3.a.2.ai.3:0.01111;4.A.3.a.2.d.14:0.01105;4.A.3.a.2.d.9:0.03324;4.A.3.a.2.i.11:0.03333;4.A.3.a.2.i.16:0.01667;4.A.3.a.2.i.5:0.04930;4.A.3.a.2.i.6:0.03333;4.A.3.a.2.t.1:0.04965;4.A.3.a.2.t.3:0.01667;4.A.3.a.2.v.6:0.03333;4.A.3.a.3.h.3:0.03340;4.A.3.b.4.c.3:0.03348;4.A.3.b.5.a.16:0.03316;4.A.3.b.5.b.1:0.01111;4.A.3.b.5.b.3:0.01667;4.A.3.b.5.b.4:0.04868;4.A.3.b.6.e.1:0.02979;4.A.3.b.6.h.11:0.03242
49-2022.00	Telecommunications Equipment Installers and Repairers, Except Line Installers	电信设备安装维修工	3	40	4.A.1.a.1.b.14:0.02503;4.A.1.a.1.b.5:0.02406;4.A.1.a.1.c.4:0.02121;4.A.1.a.1.f.2:0.05553;4.A.1.b.2.g.5:0.05130;4.A.1.b.2.l.1:0.05241;4.A.1.b.2.l.9:0.02925;4.A.1.b.3.a.6:0.02357;4.A.2.a.2.a.2:0.02516;4.A.2.a.4.l.5:0.02399;4.A.2.b.1.b.2:0.02454;4.A.2.b.1.d.2:0.00617;4.A.2.b.1.h.11:0.02419;4.A.3.a.1.c.16:0.03374;4.A.3.a.1.c.5:0.02433;4.A.3.a.1.g.1:0.02177;4.A.3.a.1.n.2:0.02738;4.A.3.a.2.ag.2:0.00721;4.A.3.a.2.ah.2:0.02475;4.A.3.a.2.ah.6:0.02808;4.A.3.a.2.ah.7:0.03064;4.A.3.a.2.d.14:0.01432;4.A.3.a.2.i.5:0.02530;4.A.3.a.2.t.1:0.03525;4.A.3.a.4.a.12:0.02891;4.A.3.b.1.c.3:0.04693;4.A.3.b.1.f.10:0.02329;4.A.3.b.4.e.5:0.00850;4.A.3.b.5.a.16:0.01571;4.A.3.b.5.a.7:0.00721;4.A.3.b.5.b.1:0.00617;4.A.3.b.5.b.3:0.02655;4.A.3.b.5.b.4:0.02641;4.A.3.b.6.h.11:0.02641;4.A.4.a.1.a.2:0.02572;4.A.4.b.1.a.6:0.07653;4.A.4.b.6.e.6:0.02246
49-2091.00	Avionics Technicians	航空电子技师	3	13	4.A.1.b.2.l.3:0.11714;4.A.2.a.4.l.5:0.07267;4.A.2.b.1.b.2:0.04172;4.A.3.a.2.aa.2:0.07071;4.A.3.a.2.ao.6:0.08404;4.A.3.a.2.d.14:0.13771;4.A.3.a.2.d.8:0.02847;4.A.3.a.2.i.5:0.02847;4.A.3.a.2.t.1:0.16298;4.A.3.b.2.c.2:0.06503;4.A.3.b.4.c.5:0.02847;4.A.3.b.6.h.24:0.08345;4.A.4.a.2.c.15:0.07914
49-2092.00	Electric Motor, Power Tool, and Related Repairers	电动机与电动工具维修工	3	31	4.A.1.a.1.b.13:0.01901;4.A.1.a.1.b.5:0.03324;4.A.1.b.2.g.20:0.01901;4.A.1.b.2.g.8:0.03315;4.A.1.b.2.l.5:0.03315;4.A.1.b.2.l.6:0.03534;4.A.1.b.2.l.9:0.01200;4.A.3.a.1.c.16:0.09711;4.A.3.a.2.a.2:0.01645;4.A.3.a.2.aa.2:0.03055;4.A.3.a.2.ah.2:0.01578;4.A.3.a.2.ai.3:0.03198;4.A.3.a.2.ai.4:0.03047;4.A.3.a.2.am.2:0.02686;4.A.3.a.2.d.14:0.03231;4.A.3.a.2.d.3:0.03550;4.A.3.a.2.i.5:0.10324;4.A.3.a.2.l.3:0.01645;4.A.3.a.2.o.2:0.02820;4.A.3.a.2.o.3:0.03307;4.A.3.a.2.s.2:0.03425;4.A.3.a.2.s.6:0.01498;4.A.3.a.3.h.3:0.01758;4.A.3.b.4.c.3:0.01498;4.A.3.b.4.d.1:0.01763;4.A.3.b.4.d.5:0.01763;4.A.3.b.5.a.19:0.02661;4.A.3.b.5.a.7:0.03341;4.A.3.b.5.b.3:0.03878;4.A.3.b.5.b.4:0.01578;4.A.3.b.6.h.24:0.03492;4.A.4.a.2.c.12:0.01758;4.A.4.c.3.a.5:0.03299
49-2093.00	Electrical and Electronics Installers and Repairers, Transportation Equipment	交通设备电气电子安装维修工	3	15	4.A.1.a.1.b.5:0.06598;4.A.1.b.2.g.8:0.03683;4.A.1.b.2.l.3:0.03683;4.A.1.b.2.l.9:0.03573;4.A.1.b.3.a.6:0.01992;4.A.1.b.3.b.7:0.06105;4.A.3.a.2.ad.3:0.06178;4.A.3.a.2.ah.7:0.05410;4.A.3.a.2.ai.3:0.03418;4.A.3.a.2.d.3:0.03573;4.A.3.a.2.i.5:0.03455;4.A.3.a.2.l.3:0.01992;4.A.3.a.2.p.3:0.06891;4.A.3.a.2.t.1:0.13087;4.A.3.b.4.d.5:0.03135;4.A.3.b.5.b.1:0.10254;4.A.3.b.5.b.3:0.03135;4.A.3.b.6.h.24:0.06763;4.A.4.a.2.j.4:0.07074
49-2094.00	Electrical and Electronics Repairers, Commercial and Industrial Equipment	商用工业设备电气电子维修工	3	20	4.A.1.a.1.b.13:0.02469;4.A.1.a.1.b.14:0.04951;4.A.1.b.2.g.6:0.05309;4.A.1.b.2.l.3:0.05526;4.A.1.b.2.l.5:0.05424;4.A.2.b.1.b.3:0.02616;4.A.2.b.1.h.11:0.04413;4.A.3.a.2.i.5:0.01684;4.A.3.a.2.i.6:0.05104;4.A.3.a.2.t.1:0.05245;4.A.3.b.1.f.10:0.05168;4.A.3.b.2.c.2:0.04810;4.A.3.b.4.c.3:0.01684;4.A.3.b.4.c.5:0.01684;4.A.3.b.5.a.16:0.05104;4.A.3.b.6.h.11:0.04797;4.A.3.b.6.h.24:0.05450;4.A.4.a.2.c.12:0.04900;4.A.4.a.2.j.4:0.02507;4.A.4.b.1.a.6:0.04976;4.A.4.b.3.e.6:0.02616;4.A.4.b.6.e.6:0.04298;4.A.4.c.1.e.3:0.04298;4.A.4.c.3.a.5:0.04964
49-2095.00	Electrical and Electronics Repairers, Powerhouse, Substation, and Relay	发电站变电站继电设备维修工	3	15	4.A.1.a.1.b.5:0.07224;4.A.1.b.2.c.6:0.06385;4.A.1.b.2.g.6:0.03719;4.A.1.b.2.l.3:0.10194;4.A.1.b.2.l.9:0.06615;4.A.2.a.4.l.5:0.06977;4.A.2.b.5.b.6:0.06459;4.A.3.a.1.c.16:0.03291;4.A.3.a.2.ah.7:0.06138;4.A.3.a.2.i.16:0.03456;4.A.3.b.5.b.1:0.03456;4.A.3.b.5.b.3:0.03382;4.A.3.b.5.b.4:0.03291;4.A.3.b.6.h.11:0.03628;4.A.3.b.6.h.24:0.03628;4.A.3.b.6.i.6:0.03094;4.A.4.a.2.c.15:0.06911;4.A.4.b.4.a.13:0.06459;4.A.4.c.3.a.5:0.02847;4.A.4.c.3.e.1:0.02847
49-2096.00	Electronic Equipment Installers and Repairers, Motor Vehicles	汽车电子设备安装维修工	3	12	4.A.1.b.2.g.8:0.04575;4.A.1.b.2.l.3:0.04575;4.A.1.b.3.b.7:0.09519;4.A.3.a.1.c.16:0.04065;4.A.3.a.2.a.2:0.02732;4.A.3.a.2.aa.2:0.05833;4.A.3.a.2.ad.3:0.07741;4.A.3.a.2.ah.4:0.08304;4.A.3.a.2.ah.7:0.04163;4.A.3.a.2.ai.3:0.04163;4.A.3.a.2.d.7:0.02732;4.A.3.a.2.s.1:0.02732;4.A.3.a.2.t.3:0.09172;4.A.3.b.5.b.3:0.08695;4.A.3.b.5.b.4:0.04065;4.A.3.b.6.i.6:0.08435;4.A.4.a.2.j.4:0.08500
49-2097.00	Audiovisual Equipment Installers and Repairers	音视频设备安装维修工	3	11	4.A.1.a.1.b.14:0.04492;4.A.1.a.1.b.5:0.04492;4.A.1.b.2.l.9:0.04619;4.A.1.b.3.b.7:0.09467;4.A.3.a.2.i.5:0.08824;4.A.3.a.2.i.6:0.04619;4.A.3.a.2.s.2:0.04125;4.A.3.a.2.t.3:0.14258;4.A.3.a.4.a.5:0.09099;4.A.3.b.5.b.3:0.09168;4.A.3.b.6.h.24:0.08479;4.A.4.a.2.j.4:0.09237;4.A.4.b.3.e.7:0.09122
49-2098.00	Security and Fire Alarm Systems Installers	安防与火警系统安装工	3	16	4.A.1.b.2.g.2:0.06455;4.A.1.b.2.g.6:0.06545;4.A.1.b.2.l.9:0.03310;4.A.1.b.3.b.7:0.05869;4.A.2.b.1.h.11:0.03092;4.A.2.b.3.a.8:0.05689;4.A.2.b.6.b.2:0.03092;4.A.3.a.2.ad.3:0.06244;4.A.3.a.2.ah.4:0.06560;4.A.3.a.2.ah.6:0.06049;4.A.3.a.2.i.5:0.05989;4.A.3.a.2.t.1:0.06665;4.A.3.a.2.v.6:0.03332;4.A.3.b.5.b.1:0.03310;4.A.3.b.5.b.4:0.03332;4.A.3.b.6.h.11:0.06154;4.A.4.a.1.a.2:0.06650;4.A.4.a.2.j.4:0.06064;4.A.4.c.3.e.1:0.05599
49-3011.00	Aircraft Mechanics and Service Technicians	飞机机械维护技师	3	38	4.A.1.a.1.b.13:0.02735;4.A.1.a.1.b.14:0.04023;4.A.1.a.1.b.5:0.01529;4.A.1.a.2.a.6:0.02604;4.A.1.b.2.c.6:0.02666;4.A.1.b.2.d.2:0.10931;4.A.1.b.2.d.6:0.05799;4.A.1.b.2.f.15:0.03078;4.A.1.b.2.g.20:0.02742;4.A.1.b.2.l.5:0.02824;4.A.2.b.1.b.2:0.02453;4.A.3.a.1.c.16:0.06831;4.A.3.a.1.d.2:0.02336;4.A.3.a.1.j.6:0.02845;4.A.3.a.2.aa.2:0.02288;4.A.3.a.2.ad.3:0.01285;4.A.3.a.2.ag.2:0.02027;4.A.3.a.2.ao.1:0.01227;4.A.3.a.2.ao.6:0.02343;4.A.3.a.2.aq.2:0.00941;4.A.3.a.2.d.14:0.00941;4.A.3.a.2.d.3:0.02790;4.A.3.a.2.d.8:0.01227;4.A.3.a.2.l.3:0.02110;4.A.3.a.2.s.3:0.02487;4.A.3.a.2.s.6:0.02112;4.A.3.a.2.t.1:0.00941;4.A.3.a.3.f.7:0.02103;4.A.3.a.3.h.3:0.01330;4.A.3.b.2.a.6:0.02687;4.A.3.b.4.c.3:0.01453;4.A.3.b.4.c.5:0.05056;4.A.3.b.4.e.5:0.02214;4.A.3.b.5.a.7:0.00946;4.A.3.b.6.h.24:0.02989;4.A.4.a.2.c.12:0.02563;4.A.4.c.3.a.5:0.01271;4.A.4.c.3.e.1:0.01271
49-3021.00	Automotive Body and Related Repairers	汽车车身维修工	2	25	4.A.1.a.1.b.13:0.03861;4.A.1.b.2.f.15:0.04412;4.A.1.b.3.a.6:0.01679;4.A.2.b.6.b.2:0.02039;4.A.3.a.1.a.1:0.07525;4.A.3.a.1.c.5:0.03792;4.A.3.a.1.d.2:0.04181;4.A.3.a.2.ag.2:0.04334;4.A.3.a.2.ai.5:0.01461;4.A.3.a.2.d.7:0.05479;4.A.3.a.2.d.8:0.02034;4.A.3.a.2.f.3:0.04186;4.A.3.a.2.i.15:0.03890;4.A.3.a.2.l.3:0.09150;4.A.3.a.2.m.5:0.03831;4.A.3.a.2.o.2:0.12282;4.A.3.a.2.o.3:0.08001;4.A.3.a.2.s.1:0.05870;4.A.3.a.2.s.2:0.02034;4.A.3.b.4.d.2:0.03871;4.A.4.a.2.c.19:0.04265;4.A.4.a.2.j.4:0.01822
49-3022.00	Automotive Glass Installers and Repairers	汽车玻璃安装维修工	2	18	4.A.1.b.2.d.6:0.05968;4.A.2.b.1.h.11:0.06333;4.A.3.a.1.h.5:0.06038;4.A.3.a.2.ag.2:0.06172;4.A.3.a.2.d.3:0.05730;4.A.3.a.2.d.8:0.05280;4.A.3.a.2.i.15:0.01886;4.A.3.a.2.l.3:0.09310;4.A.3.a.2.m.9:0.03637;4.A.3.a.2.s.1:0.05449;4.A.3.b.4.c.3:0.01886;4.A.3.b.4.d.2:0.37467;4.A.3.b.4.d.4:0.04842
49-3023.00	Automotive Service Technicians and Mechanics	汽车维修技师	3	30	4.A.1.a.1.b.13:0.01713;4.A.1.b.2.d.2:0.03562;4.A.1.b.2.d.3:0.01745;4.A.1.b.2.g.10:0.03307;4.A.1.b.2.l.7:0.01773;4.A.1.b.2.l.9:0.03371;4.A.1.b.3.b.7:0.03347;4.A.2.b.1.b.2:0.03403;4.A.2.b.6.b.2:0.03220;4.A.3.a.1.c.5:0.03371;4.A.3.a.2.ah.2:0.03037;4.A.3.a.2.ao.1:0.06909;4.A.3.a.2.d.3:0.01100;4.A.3.a.2.d.7:0.04033;4.A.3.a.2.i.15:0.06625;4.A.3.a.2.i.5:0.01773;4.A.3.a.2.s.2:0.02706;4.A.3.a.2.s.3:0.01606;4.A.3.a.4.a.7:0.03395;4.A.3.b.4.a.6:0.01717;4.A.3.b.4.c.3:0.07251;4.A.3.b.4.c.5:0.05001;4.A.3.b.4.d.1:0.01150;4.A.3.b.4.d.4:0.04913;4.A.3.b.4.d.5:0.03180;4.A.3.b.4.e.1:0.06440;4.A.3.b.4.e.5:0.03522;4.A.3.b.6.h.13:0.01745;4.A.4.a.2.c.15:0.01713;4.A.4.a.2.j.4:0.03371
49-3031.00	Bus and Truck Mechanics and Diesel Engine Specialists	客货车与柴油发动机维修技师	3	26	4.A.1.a.2.a.6:0.01328;4.A.1.b.2.d.2:0.09411;4.A.1.b.2.l.5:0.05399;4.A.1.b.2.l.6:0.03759;4.A.1.b.3.a.6:0.01933;4.A.2.b.1.b.2:0.01972;4.A.2.b.1.j.1:0.04432;4.A.3.a.2.ah.2:0.03954;4.A.3.a.2.ao.1:0.03563;4.A.3.a.2.d.7:0.03632;4.A.3.a.2.i.15:0.07840;4.A.3.a.2.i.5:0.04032;4.A.3.a.2.o.1:0.03056;4.A.3.a.2.s.7:0.01923;4.A.3.a.3.h.3:0.04130;4.A.3.a.4.a.7:0.03954;4.A.3.b.4.c.3:0.01855;4.A.3.b.4.d.1:0.09519;4.A.3.b.4.d.3:0.01801;4.A.3.b.4.d.4:0.07566;4.A.3.b.4.d.5:0.01855;4.A.3.b.4.e.1:0.05277;4.A.3.b.4.e.5:0.02031;4.A.3.b.5.a.7:0.02031;4.A.4.c.3.g.5:0.03749
49-3041.00	Farm Equipment Mechanics and Service Technicians	农机维修技师	3	14	4.A.1.a.1.b.13:0.02604;4.A.1.b.2.g.20:0.02604;4.A.1.b.2.l.5:0.02661;4.A.1.b.2.l.9:0.03716;4.A.2.b.1.a.7:0.06882;4.A.3.a.1.c.16:0.03828;4.A.3.a.1.j.6:0.06796;4.A.3.a.2.aa.2:0.06228;4.A.3.a.2.aq.2:0.02977;4.A.3.a.2.d.3:0.02661;4.A.3.a.2.d.8:0.03716;4.A.3.a.2.i.15:0.06917;4.A.3.a.2.i.5:0.02661;4.A.3.a.2.s.2:0.07674;4.A.3.b.4.a.4:0.05523;4.A.3.b.4.a.5:0.02977;4.A.3.b.4.c.3:0.03802;4.A.3.b.4.c.5:0.03802;4.A.3.b.4.d.1:0.03906;4.A.3.b.4.e.5:0.03906;4.A.3.b.5.a.7:0.03828;4.A.3.b.6.h.24:0.07725;4.A.4.a.2.j.4:0.02604
49-3042.00	Mobile Heavy Equipment Mechanics, Except Engines	移动重型设备维修工	3	20	4.A.1.a.1.b.5:0.05291;4.A.1.b.2.d.2:0.04993;4.A.1.b.2.f.15:0.05490;4.A.1.b.2.g.20:0.02708;4.A.1.b.2.l.5:0.02615;4.A.2.b.1.b.2:0.05179;4.A.2.b.5.b.6:0.02459;4.A.3.a.1.c.16:0.07111;4.A.3.a.2.aa.2:0.04372;4.A.3.a.2.ah.2:0.02596;4.A.3.a.2.ai.3:0.02484;4.A.3.a.2.ai.5:0.02484;4.A.3.a.2.ao.1:0.02403;4.A.3.a.2.d.12:0.02403;4.A.3.a.2.d.3:0.02639;4.A.3.a.2.i.5:0.04024;4.A.3.a.2.s.7:0.02639;4.A.3.a.4.a.7:0.02708;4.A.3.b.4.c.3:0.02764;4.A.3.b.4.c.5:0.12036;4.A.3.b.5.a.16:0.04024;4.A.3.b.5.a.7:0.02428;4.A.3.b.5.b.4:0.02596;4.A.3.b.6.h.24:0.02459;4.A.4.b.4.a.13:0.04173;4.A.4.c.3.a.5:0.02459;4.A.4.c.3.e.1:0.02459
49-3043.00	Rail Car Repairers	铁路车辆维修工	2	20	4.A.1.b.2.d.2:0.05819;4.A.1.b.2.d.3:0.05612;4.A.1.b.2.d.6:0.02413;4.A.1.b.2.f.15:0.05433;4.A.1.b.2.l.3:0.04757;4.A.1.b.3.a.6:0.05006;4.A.3.a.1.c.16:0.02468;4.A.3.a.2.a.19:0.02282;4.A.3.a.2.aa.2:0.01669;4.A.3.a.2.ag.2:0.04564;4.A.3.a.2.ah.2:0.04564;4.A.3.a.2.am.2:0.01411;4.A.3.a.2.ao.1:0.04137;4.A.3.a.2.d.7:0.01669;4.A.3.a.2.i.5:0.05419;4.A.3.a.2.s.2:0.05392;4.A.3.a.2.s.6:0.05530;4.A.3.b.4.a.4:0.02282;4.A.3.b.4.c.3:0.02847;4.A.3.b.4.c.5:0.02847;4.A.3.b.4.d.2:0.01411;4.A.3.b.4.d.4:0.08747;4.A.3.b.4.e.5:0.02468;4.A.3.b.5.b.3:0.05405;4.A.3.b.6.h.24:0.05847
49-3051.00	Motorboat Mechanics and Service Technicians	摩托艇维修技师	3	13	4.A.1.a.2.a.6:0.15990;4.A.1.b.2.d.2:0.07614;4.A.3.a.2.ao.1:0.03788;4.A.3.a.2.i.15:0.07653;4.A.3.a.2.i.5:0.03670;4.A.3.a.2.s.2:0.03778;4.A.3.a.2.v.6:0.07966;4.A.3.b.4.c.3:0.07888;4.A.3.b.4.c.5:0.06501;4.A.3.b.4.d.1:0.11743;4.A.3.b.4.d.4:0.03788;4.A.3.b.4.e.5:0.07907;4.A.3.b.5.b.1:0.03670;4.A.3.b.6.i.6:0.08044
49-3052.00	Motorcycle Mechanics	摩托车维修工	3	13	4.A.1.a.2.a.6:0.03971;4.A.1.b.2.d.3:0.04173;4.A.1.b.2.l.5:0.03812;4.A.1.b.2.l.6:0.07994;4.A.3.a.2.ai.5:0.02633;4.A.3.a.2.d.1:0.03830;4.A.3.a.2.d.12:0.03812;4.A.3.a.2.d.3:0.03865;4.A.3.a.2.d.7:0.07695;4.A.3.a.2.i.15:0.08047;4.A.3.a.2.o.1:0.03830;4.A.3.a.2.o.2:0.02633;4.A.3.a.2.s.2:0.02706;4.A.3.a.2.s.3:0.07871;4.A.3.b.4.c.3:0.14557;4.A.3.b.4.d.1:0.02706;4.A.3.b.4.d.4:0.11895;4.A.4.a.2.j.4:0.03971
49-3053.00	Outdoor Power Equipment and Other Small Engine Mechanics	户外动力设备与小型发动机维修工	2	14	4.A.1.b.2.d.2:0.07462;4.A.1.b.2.l.5:0.03760;4.A.1.b.3.b.7:0.03504;4.A.3.a.1.c.16:0.02391;4.A.3.a.2.d.3:0.07091;4.A.3.a.2.d.9:0.02292;4.A.3.a.2.i.15:0.07355;4.A.3.a.2.o.1:0.06530;4.A.3.a.2.s.2:0.02292;4.A.3.a.2.s.3:0.03702;4.A.3.a.2.v.6:0.02292;4.A.3.b.4.c.3:0.10719;4.A.3.b.4.c.5:0.03661;4.A.3.b.4.d.1:0.03694;4.A.3.b.4.e.5:0.02391;4.A.3.b.5.a.16:0.03694;4.A.3.b.5.a.7:0.02391;4.A.3.b.6.h.24:0.07619;4.A.4.a.2.j.4:0.03504;4.A.4.a.6.b.5:0.06679;4.A.4.b.3.e.7:0.06976
49-3091.00	Bicycle Repairers	自行车维修工	2	18	4.A.1.b.3.b.3:0.02102;4.A.1.b.3.e.1:0.02921;4.A.2.b.1.h.13:0.02102;4.A.3.a.2.ag.2:0.01206;4.A.3.a.2.ag.3:0.01206;4.A.3.a.2.ai.2:0.01399;4.A.3.a.2.ai.5:0.01399;4.A.3.a.2.ao.1:0.05910;4.A.3.a.2.d.12:0.11070;4.A.3.a.2.d.7:0.18987;4.A.3.a.2.i.15:0.06375;4.A.3.a.2.i.5:0.02921;4.A.3.a.2.o.1:0.04655;4.A.3.a.2.s.2:0.05692;4.A.3.a.3.f.2:0.01206;4.A.3.b.4.a.2:0.06265;4.A.3.b.4.d.3:0.04900;4.A.3.b.6.a.1:0.02102;4.A.4.a.1.a.5:0.05556;4.A.4.a.6.b.5:0.05979;4.A.4.c.3.e.1:0.06047
49-3092.00	Recreational Vehicle Service Technicians	休闲车维修技师	2	17	4.A.1.a.1.b.13:0.02031;4.A.1.b.2.d.2:0.05990;4.A.1.b.2.d.3:0.05098;4.A.1.b.2.f.15:0.06265;4.A.1.b.2.g.3:0.03198;4.A.1.b.2.l.5:0.02807;4.A.1.b.3.b.7:0.01978;4.A.2.b.6.b.2:0.01978;4.A.3.a.2.ag.4:0.05310;4.A.3.a.2.ah.3:0.05962;4.A.3.a.2.ah.7:0.06280;4.A.3.a.2.am.2:0.04587;4.A.3.a.2.d.3:0.05701;4.A.3.a.2.l.3:0.02807;4.A.3.a.2.s.6:0.02901;4.A.3.b.4.a.5:0.12227;4.A.3.b.4.c.5:0.03198;4.A.3.b.4.d.1:0.03068;4.A.3.b.4.d.4:0.02901;4.A.3.b.5.b.1:0.06106;4.A.3.b.6.h.13:0.01978;4.A.4.a.1.a.2:0.05600;4.A.4.a.2.j.4:0.02031
49-3093.00	Tire Repairers and Changers	轮胎维修与更换工	2	25	4.A.1.b.2.d.2:0.11879;4.A.1.b.2.l.5:0.04550;4.A.3.a.1.c.16:0.03321;4.A.3.a.1.c.5:0.03398;4.A.3.a.1.f.4:0.00552;4.A.3.a.2.aj.6:0.00552;4.A.3.a.2.d.12:0.04182;4.A.3.a.2.d.3:0.04473;4.A.3.a.2.d.7:0.08491;4.A.3.a.2.o.3:0.08142;4.A.3.a.2.s.1:0.04589;4.A.3.a.2.s.2:0.03950;4.A.3.a.2.v.1:0.00552;4.A.3.a.3.h.3:0.04531;4.A.3.a.4.a.12:0.04211;4.A.3.b.4.d.3:0.21048;4.A.3.b.4.e.5:0.08132;4.A.4.c.3.e.1:0.03447
49-9011.00	Mechanical Door Repairers	机械门维修工	2	25	4.A.1.a.1.b.14:0.03670;4.A.1.a.1.f.2:0.04263;4.A.1.b.2.l.5:0.02760;4.A.3.a.1.c.16:0.03353;4.A.3.a.1.j.4:0.04406;4.A.3.a.1.j.6:0.03885;4.A.3.a.2.a.19:0.04375;4.A.3.a.2.a.4:0.04273;4.A.3.a.2.a.7:0.03742;4.A.3.a.2.aa.2:0.03118;4.A.3.a.2.ad.3:0.07463;4.A.3.a.2.ah.6:0.03966;4.A.3.a.2.ah.7:0.01666;4.A.3.a.2.d.12:0.09037;4.A.3.a.2.d.14:0.01666;4.A.3.a.2.i.5:0.04365;4.A.3.a.2.l.3:0.04079;4.A.3.a.2.s.2:0.01999;4.A.3.a.2.s.6:0.01999;4.A.3.a.2.v.6:0.04365;4.A.3.b.4.c.3:0.02229;4.A.3.b.4.c.5:0.02229;4.A.3.b.5.a.7:0.03956;4.A.3.b.6.h.11:0.04549;4.A.4.c.3.d.3:0.04181;4.A.4.c.3.e.1:0.04406
49-9012.00	Control and Valve Installers and Repairers, Except Mechanical Door	控制阀安装维修工	3	32	4.A.1.a.1.c.7:0.03181;4.A.1.b.2.g.20:0.03198;4.A.1.b.2.g.8:0.01108;4.A.1.b.2.l.5:0.03314;4.A.1.b.3.a.6:0.03089;4.A.3.a.1.c.16:0.05702;4.A.3.a.2.ah.3:0.05619;4.A.3.a.2.ah.7:0.04421;4.A.3.a.2.i.11:0.01590;4.A.3.a.2.i.16:0.04934;4.A.3.a.2.i.5:0.10439;4.A.3.a.2.i.6:0.03323;4.A.3.a.2.l.3:0.03231;4.A.3.a.2.s.2:0.02633;4.A.3.a.2.s.6:0.03064;4.A.3.a.2.t.1:0.01108;4.A.3.a.2.t.6:0.07544;4.A.3.b.1.f.10:0.01653;4.A.3.b.4.c.3:0.04144;4.A.3.b.4.c.5:0.01611;4.A.3.b.4.d.4:0.02905;4.A.3.b.5.a.7:0.03131;4.A.3.b.5.b.1:0.03164;4.A.3.b.5.b.4:0.03139;4.A.3.b.6.h.11:0.01653;4.A.3.b.6.h.24:0.03448;4.A.4.a.2.c.12:0.01636;4.A.4.a.2.c.15:0.03214;4.A.4.b.3.e.7:0.02805
49-9021.00	Heating, Air Conditioning, and Refrigeration Mechanics and Installers	暖通空调与制冷维修安装工	3	30	4.A.1.a.1.b.14:0.03243;4.A.1.a.2.k.10:0.03460;4.A.1.b.2.g.3:0.03326;4.A.1.b.2.l.7:0.03435;4.A.1.b.2.l.9:0.03602;4.A.1.b.3.a.6:0.01546;4.A.2.b.5.b.6:0.03501;4.A.3.a.2.ad.3:0.02976;4.A.3.a.2.ah.7:0.03535;4.A.3.a.2.ai.4:0.03418;4.A.3.a.2.ao.6:0.03168;4.A.3.a.2.d.8:0.03326;4.A.3.a.2.i.5:0.05106;4.A.3.a.2.l.3:0.01546;4.A.3.a.2.p.1:0.06236;4.A.3.a.2.p.3:0.11501;4.A.3.a.2.t.7:0.01164;4.A.3.a.3.h.3:0.03001;4.A.3.a.4.a.5:0.01164;4.A.3.b.4.a.6:0.06097;4.A.3.b.4.c.3:0.01178;4.A.3.b.4.c.5:0.06247;4.A.3.b.6.h.11:0.03393;4.A.3.b.6.h.24:0.03410;4.A.4.a.2.j.4:0.03668;4.A.4.b.3.d.3:0.01588;4.A.4.b.4.a.13:0.01588;4.A.4.b.6.e.6:0.03410;4.A.4.c.3.e.1:0.01164
49-9031.00	Home Appliance Repairers	家用电器维修工	2	29	4.A.1.a.1.b.13:0.01873;4.A.1.a.1.b.5:0.03728;4.A.1.a.2.a.6:0.05470;4.A.1.b.2.g.10:0.07059;4.A.1.b.2.g.3:0.01627;4.A.1.b.2.l.5:0.01699;4.A.1.b.2.l.9:0.03720;4.A.1.b.3.a.6:0.03076;4.A.1.b.3.b.7:0.01835;4.A.3.a.1.c.16:0.05782;4.A.3.a.1.e.2:0.03703;4.A.3.a.2.ah.3:0.03318;4.A.3.a.2.aq.2:0.04817;4.A.3.a.2.d.12:0.02729;4.A.3.a.2.d.3:0.01198;4.A.3.a.2.i.5:0.02825;4.A.3.a.2.l.3:0.01428;4.A.3.a.2.s.2:0.03644;4.A.3.a.2.t.7:0.03237;4.A.3.a.2.v.8:0.03318;4.A.3.a.4.a.5:0.03627;4.A.3.b.4.c.3:0.03712;4.A.3.b.4.c.5:0.03627;4.A.3.b.5.a.7:0.01517;4.A.3.b.6.h.24:0.03584;4.A.4.a.2.j.4:0.01873;4.A.4.b.1.a.6:0.03432;4.A.4.b.3.e.7:0.03474;4.A.4.b.6.e.6:0.01835;4.A.4.c.3.a.5:0.03432;4.A.4.c.3.d.3:0.03805
49-9041.00	Industrial Machinery Mechanics	工业机械维修工	3	16	4.A.1.a.1.b.14:0.06042;4.A.1.a.2.a.6:0.03109;4.A.1.b.2.g.20:0.06519;4.A.1.b.2.l.5:0.09548;4.A.2.a.4.l.5:0.06058;4.A.3.a.1.c.16:0.02210;4.A.3.a.2.ai.5:0.03005;4.A.3.a.2.d.3:0.06535;4.A.3.a.2.i.5:0.02210;4.A.3.a.2.l.3:0.03005;4.A.3.a.2.s.2:0.06583;4.A.3.b.1.f.10:0.05883;4.A.3.b.4.c.3:0.03371;4.A.3.b.4.c.5:0.03371;4.A.3.b.5.a.16:0.06821;4.A.3.b.5.a.7:0.02210;4.A.3.b.6.h.13:0.03196;4.A.3.b.6.h.24:0.06440;4.A.4.b.1.f.1:0.02433;4.A.4.b.1.f.6:0.02433;4.A.4.b.3.d.3:0.05820;4.A.4.c.3.e.1:0.03196
49-9043.00	Maintenance Workers, Machinery	机械维护工	3	18	4.A.1.a.1.b.13:0.05733;4.A.1.a.2.a.6:0.05633;4.A.1.b.2.c.6:0.02422;4.A.1.b.2.g.20:0.01901;4.A.1.b.2.l.5:0.01901;4.A.3.a.1.a.1:0.02422;4.A.3.a.1.c.16:0.10621;4.A.3.a.1.c.5:0.05489;4.A.3.a.2.d.3:0.05905;4.A.3.a.2.d.8:0.05776;4.A.3.a.2.i.5:0.05776;4.A.3.a.2.s.2:0.05934;4.A.3.a.2.v.9:0.05231;4.A.3.a.3.h.3:0.05504;4.A.3.b.4.c.3:0.02494;4.A.3.b.4.c.5:0.02494;4.A.3.b.5.a.7:0.05790;4.A.3.b.6.h.24:0.05876;4.A.4.a.2.c.12:0.01901;4.A.4.b.1.a.6:0.05747;4.A.4.c.3.a.5:0.02723;4.A.4.c.3.e.1:0.02723
49-9044.00	Millwrights	机械安装调试工	2	23	4.A.1.b.2.l.5:0.04044;4.A.2.b.1.b.2:0.04158;4.A.3.a.1.j.4:0.02292;4.A.3.a.2.aa.2:0.09044;4.A.3.a.2.ad.3:0.02131;4.A.3.a.2.ai.5:0.02945;4.A.3.a.2.ao.1:0.07328;4.A.3.a.2.ao.6:0.02131;4.A.3.a.2.d.12:0.10523;4.A.3.a.2.d.9:0.05845;4.A.3.a.2.i.11:0.02432;4.A.3.a.2.i.5:0.02500;4.A.3.a.2.o.1:0.03669;4.A.3.a.2.s.7:0.08514;4.A.3.a.2.v.6:0.06445;4.A.3.a.2.v.8:0.04491;4.A.3.a.3.f.7:0.04210;4.A.3.a.3.h.3:0.02292;4.A.3.b.1.c.3:0.03919;4.A.3.b.4.c.3:0.02500;4.A.3.b.4.c.5:0.01403;4.A.3.b.5.a.16:0.02386;4.A.3.b.5.a.7:0.02386;4.A.4.a.2.c.12:0.02412
49-9045.00	Refractory Materials Repairers, Except Brickmasons	耐火材料修补工	2	10	4.A.1.b.3.a.6:0.05753;4.A.3.a.1.a.1:0.09717;4.A.3.a.1.c.16:0.09984;4.A.3.a.1.f.4:0.08863;4.A.3.a.1.j.6:0.08569;4.A.3.a.1.n.2:0.09797;4.A.3.a.2.aa.2:0.10571;4.A.3.a.2.am.2:0.09477;4.A.3.a.2.l.3:0.05753;4.A.3.b.4.a.4:0.10304;4.A.3.b.4.c.5:0.11212
49-9051.00	Electrical Power-Line Installers and Repairers	电力线路安装维修工	2	23	4.A.1.a.2.g.9:0.04973;4.A.1.b.2.g.8:0.06756;4.A.1.b.2.l.3:0.02346;4.A.1.b.2.l.9:0.04317;4.A.3.a.1.g.1:0.05698;4.A.3.a.1.n.2:0.04744;4.A.3.a.2.a.2:0.04191;4.A.3.a.2.ah.4:0.07413;4.A.3.a.2.ah.6:0.04619;4.A.3.a.2.ah.7:0.06251;4.A.3.a.2.ai.3:0.04061;4.A.3.a.2.ao.1:0.04629;4.A.3.a.2.d.12:0.04556;4.A.3.a.2.d.14:0.02351;4.A.3.a.2.i.16:0.04900;4.A.3.a.2.l.3:0.07309;4.A.3.a.2.t.6:0.02190;4.A.3.a.3.h.3:0.02268;4.A.3.a.4.a.12:0.04953;4.A.3.a.4.a.5:0.04473;4.A.3.b.5.b.1:0.02351;4.A.4.a.2.c.15:0.04650
49-9052.00	Telecommunications Line Installers and Repairers	电信线路安装维修工	2	20	4.A.1.b.2.g.5:0.02980;4.A.1.b.2.l.1:0.01855;4.A.1.b.2.l.6:0.05457;4.A.2.a.4.l.5:0.02980;4.A.2.b.1.h.13:0.05198;4.A.3.a.1.c.16:0.02824;4.A.3.a.1.e.5:0.00840;4.A.3.a.1.g.1:0.06756;4.A.3.a.1.g.8:0.04844;4.A.3.a.1.j.6:0.04245;4.A.3.a.1.n.2:0.05470;4.A.3.a.2.a.12:0.00840;4.A.3.a.2.a.2:0.05320;4.A.3.a.2.a.8:0.00840;4.A.3.a.2.ah.4:0.19064;4.A.3.a.2.ah.7:0.05987;4.A.3.a.2.i.5:0.01855;4.A.3.a.2.s.5:0.00840;4.A.3.a.2.t.3:0.06577;4.A.3.a.3.h.3:0.01993;4.A.3.a.4.a.5:0.05525;4.A.3.b.5.a.16:0.02824;4.A.4.a.1.a.2:0.02443;4.A.4.c.3.d.3:0.02443
49-9061.00	Camera and Photographic Equipment Repairers	相机及摄影器材维修工	3	15	4.A.1.a.1.b.14:0.03450;4.A.1.a.1.b.5:0.03450;4.A.1.b.2.g.20:0.07004;4.A.1.b.2.l.5:0.07558;4.A.1.b.3.a.6:0.06866;4.A.3.a.1.c.16:0.03753;4.A.3.a.2.aa.2:0.06140;4.A.3.a.2.ao.6:0.04877;4.A.3.a.2.d.12:0.06330;4.A.3.a.2.i.5:0.07696;4.A.3.a.2.i.6:0.07091;4.A.3.a.2.s.2:0.07610;4.A.3.a.2.t.1:0.07454;4.A.3.b.5.a.7:0.03753;4.A.3.b.6.i.6:0.05777;4.A.4.b.6.e.6:0.04030;4.A.4.c.3.e.1:0.07160
49-9062.00	Medical Equipment Repairers	医疗设备维修工	3	20	4.A.1.a.1.b.14:0.02561;4.A.1.a.1.b.5:0.04996;4.A.1.a.2.g.9:0.05335;4.A.1.b.2.g.20:0.05725;4.A.1.b.2.l.5:0.05184;4.A.1.b.2.l.7:0.02907;4.A.2.b.1.h.11:0.04404;4.A.2.b.1.h.13:0.08808;4.A.2.b.6.b.2:0.02561;4.A.3.a.2.aa.2:0.04442;4.A.3.a.2.ai.3:0.04719;4.A.3.a.2.ai.5:0.02385;4.A.3.a.2.at.1:0.05210;4.A.3.a.2.d.8:0.01841;4.A.3.a.2.i.5:0.01908;4.A.3.a.2.i.6:0.02907;4.A.3.a.2.s.2:0.01841;4.A.3.b.4.c.5:0.02385;4.A.3.b.4.d.4:0.01841;4.A.3.b.5.a.16:0.01908;4.A.3.b.5.a.7:0.01908;4.A.3.b.6.h.24:0.05549;4.A.4.b.3.d.3:0.04983;4.A.4.b.4.a.13:0.04329;4.A.4.b.6.e.6:0.04517;4.A.4.c.3.e.1:0.04845
49-9063.00	Musical Instrument Repairers and Tuners	乐器维修与调音师	3	24	4.A.1.b.2.g.20:0.04499;4.A.1.b.2.l.5:0.09515;4.A.3.a.1.a.1:0.03909;4.A.3.a.1.c.16:0.02561;4.A.3.a.2.aa.2:0.03614;4.A.3.a.2.ag.4:0.04431;4.A.3.a.2.ai.3:0.05090;4.A.3.a.2.ao.1:0.05163;4.A.3.a.2.d.10:0.01465;4.A.3.a.2.d.3:0.02371;4.A.3.a.2.i.1:0.13042;4.A.3.a.2.i.5:0.11286;4.A.3.a.2.o.2:0.04563;4.A.3.a.2.o.3:0.08346;4.A.3.a.2.o.4:0.01196;4.A.3.a.2.s.2:0.04889;4.A.3.a.2.t.5:0.01465;4.A.3.a.4.a.5:0.02708;4.A.3.b.4.c.3:0.01630;4.A.3.b.4.c.5:0.05887;4.A.3.b.5.a.7:0.02371
49-9064.00	Watch and Clock Repairers	钟表维修工	3	15	4.A.1.b.2.g.20:0.03542;4.A.1.b.2.l.5:0.06669;4.A.1.b.2.l.9:0.03196;4.A.1.b.3.b.7:0.06991;4.A.3.a.1.c.16:0.07191;4.A.3.a.1.h.5:0.05885;4.A.3.a.2.aa.2:0.05762;4.A.3.a.2.d.3:0.07130;4.A.3.a.2.i.5:0.07145;4.A.3.a.2.s.3:0.03542;4.A.3.b.4.c.3:0.03488;4.A.3.b.4.c.5:0.03488;4.A.3.b.5.a.16:0.06623;4.A.3.b.5.a.7:0.06991;4.A.3.b.5.b.3:0.03196;4.A.3.b.6.h.13:0.06085;4.A.4.a.2.j.4:0.06530;4.A.4.c.3.e.1:0.06546
49-9071.00	Maintenance and Repair Workers, General	普通维修工	3	27	4.A.1.a.1.b.5:0.01934;4.A.1.b.2.d.2:0.02169;4.A.1.b.2.g.20:0.02062;4.A.1.b.2.l.5:0.02062;4.A.1.b.3.a.6:0.03675;4.A.1.b.3.b.7:0.03767;4.A.2.b.1.b.2:0.01934;4.A.2.b.6.b.2:0.01833;4.A.3.a.1.c.16:0.01899;4.A.3.a.1.c.23:0.01889;4.A.3.a.1.c.5:0.03421;4.A.3.a.1.q.2:0.01889;4.A.3.a.2.a.2:0.03095;4.A.3.a.2.a.4:0.03258;4.A.3.a.2.aa.2:0.03431;4.A.3.a.2.ag.2:0.03146;4.A.3.a.2.ai.5:0.03767;4.A.3.a.2.ao.1:0.03767;4.A.3.a.2.ao.6:0.01833;4.A.3.a.2.d.12:0.03513;4.A.3.a.2.d.14:0.01273;4.A.3.a.2.d.8:0.01945;4.A.3.a.2.i.5:0.03960;4.A.3.a.2.p.1:0.03604;4.A.3.a.2.s.2:0.01873;4.A.3.a.2.t.1:0.01273;4.A.3.a.3.h.3:0.01873;4.A.3.b.2.c.2:0.03849;4.A.3.b.4.a.2:0.01965;4.A.3.b.4.a.4:0.01965;4.A.3.b.4.c.3:0.02169;4.A.3.b.5.a.16:0.05712;4.A.3.b.5.a.7:0.01899;4.A.3.b.5.b.1:0.01273;4.A.3.b.6.h.13:0.03767;4.A.4.b.3.d.3:0.01680;4.A.4.b.4.a.13:0.01680;4.A.4.c.3.e.1:0.03899
49-9081.00	Wind Turbine Service Technicians	风力发电机维修技师	3	12	4.A.1.b.2.g.20:0.03475;4.A.1.b.2.l.3:0.04126;4.A.1.b.2.l.5:0.09013;4.A.1.b.2.l.6:0.07671;4.A.1.b.2.l.7:0.04126;4.A.1.b.2.l.9:0.09113;4.A.2.b.1.b.2:0.04747;4.A.3.a.1.n.2:0.08973;4.A.3.a.2.a.4:0.06229;4.A.3.b.4.c.2:0.17374;4.A.3.b.5.a.16:0.09213;4.A.4.b.3.d.3:0.03835;4.A.4.b.3.e.7:0.03835;4.A.4.c.3.a.5:0.08272
49-9091.00	Coin, Vending, and Amusement Machine Servicers and Repairers	投币自助与游艺机维修工	2	18	4.A.1.a.1.b.5:0.04945;4.A.1.b.2.g.20:0.06040;4.A.1.b.2.l.5:0.05900;4.A.3.a.1.c.16:0.02781;4.A.3.a.2.d.12:0.02585;4.A.3.a.2.i.5:0.08379;4.A.3.a.2.s.7:0.02585;4.A.3.a.2.t.7:0.04818;4.A.3.a.4.a.12:0.04987;4.A.3.a.4.a.5:0.05759;4.A.3.b.4.c.3:0.05731;4.A.3.b.4.c.5:0.02662;4.A.3.b.5.a.16:0.06209;4.A.3.b.5.a.7:0.02781;4.A.3.b.6.h.11:0.11561;4.A.3.b.6.h.24:0.05675;4.A.4.b.1.a.6:0.05141;4.A.4.c.3.d.3:0.06012;4.A.4.c.3.e.1:0.05450
49-9092.00	Commercial Divers	商业潜水员	3	24	4.A.1.a.1.f.2:0.04470;4.A.1.a.2.g.9:0.05035;4.A.1.b.2.g.3:0.06688;4.A.1.b.2.l.5:0.06460;4.A.1.b.3.d.4:0.01860;4.A.3.a.1.c.16:0.03915;4.A.3.a.1.c.17:0.03850;4.A.3.a.1.q.1:0.00732;4.A.3.a.1.q.2:0.00732;4.A.3.a.2.a.7:0.07993;4.A.3.a.2.ad.3:0.04046;4.A.3.a.2.ai.5:0.04252;4.A.3.a.2.aq.2:0.01349;4.A.3.a.2.at.3:0.02028;4.A.3.a.3.h.3:0.05922;4.A.3.a.3.k.4:0.00732;4.A.3.a.4.a.5:0.04535;4.A.3.b.4.a.4:0.03611;4.A.3.b.4.a.5:0.01349;4.A.3.b.4.c.4:0.01860;4.A.3.b.4.d.4:0.04263;4.A.3.b.5.a.16:0.02567;4.A.3.b.6.e.1:0.08483;4.A.4.a.2.c.12:0.05024;4.A.4.a.5.e.2:0.04111;4.A.4.b.3.d.3:0.02066;4.A.4.b.4.a.13:0.02066
49-9094.00	Locksmiths and Safe Repairers	锁匠与保险柜维修工	2	14	4.A.3.a.2.a.19:0.14034;4.A.3.a.2.aa.2:0.08449;4.A.3.a.2.ad.3:0.07898;4.A.3.a.2.ag.4:0.03113;4.A.3.a.2.at.5:0.07684;4.A.3.a.2.d.14:0.06919;4.A.3.a.2.l.3:0.08040;4.A.3.a.2.s.2:0.03664;4.A.3.a.2.s.8:0.13927;4.A.3.b.4.a.4:0.07044;4.A.3.b.4.c.3:0.08147;4.A.3.b.4.c.5:0.03664;4.A.3.b.6.h.11:0.07417
49-9095.00	Manufactured Building and Mobile Home Installers	预制房屋与活动房安装工	2	14	4.A.1.a.1.b.13:0.03453;4.A.1.b.2.g.3:0.03514;4.A.1.b.2.l.5:0.06855;4.A.1.b.3.b.7:0.02444;4.A.2.b.6.b.2:0.02444;4.A.3.a.1.j.6:0.04614;4.A.3.a.2.a.21:0.04614;4.A.3.a.2.ag.4:0.05724;4.A.3.a.2.ah.3:0.07782;4.A.3.a.2.ah.7:0.02872;4.A.3.a.2.am.2:0.10892;4.A.3.a.2.d.3:0.06111;4.A.3.a.2.i.16:0.02872;4.A.3.a.2.l.3:0.03341;4.A.3.a.2.s.6:0.02234;4.A.3.a.2.t.7:0.07211;4.A.3.b.4.a.4:0.02234;4.A.3.b.4.a.5:0.07782;4.A.3.b.5.b.1:0.07109;4.A.3.b.6.h.13:0.02444;4.A.4.a.2.j.4:0.03453
49-9096.00	Riggers	索具装配工	2	14	4.A.1.b.2.l.7:0.07992;4.A.2.b.1.h.11:0.07320;4.A.3.a.1.c.16:0.05994;4.A.3.a.1.f.6:0.06907;4.A.3.a.1.j.4:0.10903;4.A.3.a.2.ao.1:0.07148;4.A.3.a.2.at.3:0.27489;4.A.3.a.2.s.7:0.07268;4.A.3.a.3.h.3:0.11058;4.A.4.a.2.c.12:0.07923
49-9097.00	Signal and Track Switch Repairers	信号与道岔维修工	3	12	4.A.1.b.2.g.20:0.12468;4.A.1.b.2.g.6:0.09233;4.A.1.b.2.g.8:0.08052;4.A.1.b.2.l.5:0.04363;4.A.1.b.2.l.9:0.08906;4.A.3.a.1.c.16:0.07441;4.A.3.a.2.i.11:0.04174;4.A.3.a.4.a.12:0.08642;4.A.3.b.4.c.3:0.08221;4.A.3.b.4.c.5:0.04363;4.A.3.b.5.a.16:0.04247;4.A.3.b.5.a.7:0.07462;4.A.3.b.5.b.1:0.04500;4.A.3.b.6.h.13:0.07926
49-9098.00	Helpers--Installation, Maintenance, and Repair Workers	安装维修工助理	2	16	4.A.1.a.2.a.6:0.06595;4.A.1.b.2.g.20:0.03381;4.A.1.b.2.g.8:0.03172;4.A.1.b.2.l.5:0.03381;4.A.3.a.1.c.16:0.07675;4.A.3.a.1.c.5:0.02154;4.A.3.a.1.d.2:0.06041;4.A.3.a.1.g.7:0.03180;4.A.3.a.1.j.4:0.06226;4.A.3.a.2.a.4:0.06545;4.A.3.a.2.aa.2:0.02534;4.A.3.a.2.ah.3:0.03272;4.A.3.a.2.ah.7:0.03272;4.A.3.a.2.ai.5:0.02534;4.A.3.a.2.d.3:0.03155;4.A.3.a.2.d.8:0.06780;4.A.3.a.2.i.5:0.03054;4.A.3.a.2.s.2:0.03155;4.A.3.a.2.v.11:0.03180;4.A.3.a.2.v.6:0.06259;4.A.3.b.5.a.16:0.03054;4.A.3.b.5.a.7:0.02154;4.A.3.b.5.b.4:0.03172;4.A.4.c.3.e.1:0.06075
49-9099.01	Geothermal Technicians	地热技师	2	24	4.A.1.b.2.c.6:0.03984;4.A.1.b.2.l.5:0.04116;4.A.2.b.1.b.2:0.02332;4.A.2.b.1.h.11:0.11920;4.A.3.a.1.d.2:0.03446;4.A.3.a.1.g.1:0.01740;4.A.3.a.1.g.3:0.03424;4.A.3.a.1.j.6:0.03359;4.A.3.a.2.ai.5:0.03995;4.A.3.a.2.aq.2:0.01740;4.A.3.a.2.i.5:0.09692;4.A.3.a.2.i.6:0.02277;4.A.3.a.2.p.1:0.14812;4.A.3.b.2.c.2:0.04281;4.A.3.b.4.a.6:0.06031;4.A.3.b.4.c.2:0.02332;4.A.3.b.5.a.16:0.04281;4.A.3.b.5.b.3:0.06854;4.A.3.b.6.h.11:0.07019;4.A.3.b.6.h.24:0.02365
51-1011.00	First-Line Supervisors of Production and Operating Workers	生产操作人员一线主管	3	20	4.A.1.a.1.b.6:0.05335;4.A.1.a.2.a.5:0.05082;4.A.1.b.2.g.15:0.05348;4.A.2.a.1.d.4:0.05057;4.A.2.b.1.d.1:0.02415;4.A.2.b.1.h.4:0.04905;4.A.2.b.6.b.9:0.14172;4.A.3.a.1.k.10:0.05664;4.A.3.a.2.at.1:0.02295;4.A.3.a.2.i.5:0.02295;4.A.3.b.6.h.3:0.10177;4.A.4.a.2.c.20:0.05247;4.A.4.b.1.a.1:0.05044;4.A.4.b.3.e.1:0.10177;4.A.4.b.4.j.1:0.05082;4.A.4.b.6.e.11:0.02415;4.A.4.c.2.b.1:0.04589;4.A.4.c.3.e.1:0.04703
51-2011.00	Aircraft Structure, Surfaces, Rigging, and Systems Assemblers	飞机结构与系统装配工	2	26	4.A.1.a.1.b.11:0.04212;4.A.1.b.1.a.4:0.04019;4.A.1.b.2.f.18:0.04193;4.A.1.b.3.a.12:0.03781;4.A.2.a.2.b.3:0.04029;4.A.3.a.1.h.5:0.05736;4.A.3.a.2.a.12:0.13747;4.A.3.a.2.ah.7:0.01151;4.A.3.a.2.ah.8:0.03598;4.A.3.a.2.ah.9:0.01151;4.A.3.a.2.aj.8:0.13395;4.A.3.a.2.ao.4:0.05258;4.A.3.a.2.ao.8:0.03845;4.A.3.a.2.at.8:0.01276;4.A.3.a.2.d.11:0.01276;4.A.3.a.2.d.6:0.03552;4.A.3.a.2.g.1:0.01242;4.A.3.a.2.i.15:0.04193;4.A.3.a.2.l.2:0.01242;4.A.3.a.2.l.4:0.04932;4.A.3.a.3.f.12:0.03639;4.A.3.a.3.f.13:0.01151;4.A.3.a.3.l.2:0.01772;4.A.3.b.4.b.4:0.01987;4.A.3.b.4.c.1:0.01987;4.A.3.b.5.a.12:0.01854;4.A.4.b.1.b.2:0.01781
51-2021.00	Coil Winders, Tapers, and Finishers	线圈绕制与包覆工	2	11	4.A.1.a.1.b.4:0.09542;4.A.1.b.2.l.3:0.04750;4.A.2.b.1.j.5:0.04609;4.A.3.a.1.f.10:0.04609;4.A.3.a.2.ag.6:0.04207;4.A.3.a.2.aj.8:0.08827;4.A.3.a.2.an.3:0.08154;4.A.3.a.2.d.11:0.04771;4.A.3.a.2.l.2:0.09607;4.A.3.a.2.l.4:0.04771;4.A.3.a.2.s.2:0.02689;4.A.3.a.3.f.12:0.09933;4.A.3.a.3.f.7:0.04207;4.A.3.b.4.c.4:0.02689;4.A.3.b.5.a.2:0.02689;4.A.3.b.6.h.3:0.13945
51-2022.00	Electrical and Electronic Equipment Assemblers	电气电子设备装配工	2	17	4.A.1.a.1.b.11:0.03011;4.A.1.a.1.b.4:0.03011;4.A.1.b.1.a.4:0.05935;4.A.1.b.2.l.3:0.06212;4.A.3.a.1.h.5:0.06080;4.A.3.a.1.j.11:0.03048;4.A.3.a.2.ad.3:0.05803;4.A.3.a.2.ag.2:0.01594;4.A.3.a.2.ag.3:0.01594;4.A.3.a.2.ai.1:0.02139;4.A.3.a.2.ai.5:0.02139;4.A.3.a.2.ao.4:0.05774;4.A.3.a.2.ap.2:0.03048;4.A.3.a.2.d.11:0.10924;4.A.3.a.2.i.14:0.02960;4.A.3.a.3.f.2:0.01594;4.A.3.b.4.b.4:0.02836;4.A.3.b.6.h.3:0.09551;4.A.4.a.2.c.20:0.03099;4.A.4.b.1.a.1:0.03099;4.A.4.b.3.e.1:0.06343;4.A.4.b.6.e.6:0.04243;4.A.4.c.3.c.8:0.05964
51-2023.00	Electromechanical Equipment Assemblers	电机设备装配工	2	14	4.A.1.a.1.b.11:0.07545;4.A.1.b.1.a.4:0.07375;4.A.1.b.2.f.18:0.08222;4.A.1.b.3.a.12:0.07752;4.A.3.a.1.h.5:0.03330;4.A.3.a.2.ad.3:0.06491;4.A.3.a.2.ah.8:0.07789;4.A.3.a.2.ao.4:0.12164;4.A.3.a.2.d.11:0.03979;4.A.3.a.2.d.6:0.05400;4.A.3.a.2.g.1:0.06999;4.A.3.a.2.s.2:0.06830;4.A.3.a.3.f.13:0.06491;4.A.3.a.3.h.3:0.06303;4.A.3.b.5.a.12:0.03330
51-2031.00	Engine and Other Machine Assemblers	发动机与机械装配工	2	12	4.A.1.a.1.b.11:0.04581;4.A.1.b.2.f.18:0.08788;4.A.1.b.3.a.12:0.08650;4.A.2.b.6.b.9:0.04581;4.A.3.a.2.ad.3:0.02686;4.A.3.a.2.ao.2:0.02686;4.A.3.a.2.ao.4:0.08709;4.A.3.a.2.at.5:0.08670;4.A.3.a.2.d.6:0.16177;4.A.3.a.2.l.4:0.02686;4.A.3.a.2.o.5:0.08177;4.A.3.a.3.f.12:0.03901;4.A.3.a.3.l.1:0.03901;4.A.3.b.4.b.4:0.04020;4.A.3.b.4.c.1:0.04020;4.A.3.b.5.a.12:0.07764
51-2041.00	Structural Metal Fabricators and Fitters	结构金属制作与装配工	2	23	4.A.1.a.1.b.11:0.02477;4.A.1.a.1.b.4:0.02477;4.A.1.b.2.f.5:0.02399;4.A.1.b.3.a.12:0.05011;4.A.2.b.2.k.1:0.02123;4.A.3.a.2.a.8:0.03921;4.A.3.a.2.ai.5:0.07230;4.A.3.a.2.aj.7:0.02123;4.A.3.a.2.ao.2:0.02399;4.A.3.a.2.ao.4:0.06859;4.A.3.a.2.ao.8:0.08752;4.A.3.a.2.d.6:0.03033;4.A.3.a.2.f.2:0.04483;4.A.3.a.2.f.3:0.04561;4.A.3.a.2.g.1:0.03966;4.A.3.a.2.g.5:0.02185;4.A.3.a.2.m.5:0.07864;4.A.3.a.2.o.5:0.05949;4.A.3.a.3.h.2:0.09235;4.A.3.a.3.l.1:0.06511;4.A.3.a.3.l.2:0.02320;4.A.4.b.4.j.1:0.04123
51-2051.00	Fiberglass Laminators and Fabricators	玻璃纤维层压制作工	2	16	4.A.1.b.2.g.15:0.07940;4.A.1.b.3.a.12:0.06562;4.A.2.b.1.j.5:0.06322;4.A.3.a.1.a.8:0.03318;4.A.3.a.1.c.21:0.02142;4.A.3.a.1.f.12:0.06262;4.A.3.a.1.f.4:0.13124;4.A.3.a.1.g.6:0.12045;4.A.3.a.1.h.4:0.03318;4.A.3.a.2.aj.3:0.02142;4.A.3.a.2.an.1:0.12749;4.A.3.a.2.l.2:0.11236;4.A.3.a.2.o.3:0.06816;4.A.3.b.4.b.4:0.06022
51-2061.00	Timing Device Assemblers and Adjusters	计时装置装配调校工	2	17	4.A.1.a.1.b.11:0.05477;4.A.1.b.2.f.2:0.29222;4.A.1.b.3.a.2:0.05833;4.A.3.a.1.h.5:0.02916;4.A.3.a.2.aj.8:0.06431;4.A.3.a.2.ao.4:0.12377;4.A.3.a.2.g.4:0.11125;4.A.3.a.2.s.2:0.05876;4.A.3.b.4.b.3:0.17826;4.A.3.b.5.a.12:0.02916
51-2092.00	Team Assemblers	班组装配工	2	11	4.A.1.a.1.b.4:0.09919;4.A.2.a.1.e.3:0.10345;4.A.2.b.6.b.9:0.09046;4.A.3.a.1.c.5:0.08374;4.A.3.a.2.ap.2:0.08800;4.A.3.a.2.d.10:0.09292;4.A.3.a.2.d.11:0.09494;4.A.3.a.3.h.1:0.07434;4.A.3.b.5.a.2:0.09337;4.A.3.b.6.h.3:0.09136;4.A.4.b.3.e.1:0.04411;4.A.4.b.4.j.1:0.04411
51-3011.00	Bakers	烘焙师	2	18	4.A.1.a.2.a.5:0.01949;4.A.1.b.2.f.13:0.02864;4.A.1.b.3.a.10:0.06057;4.A.2.a.1.e.4:0.11536;4.A.2.b.1.d.6:0.05808;4.A.2.b.2.d.1:0.04339;4.A.3.a.1.c.21:0.01949;4.A.3.a.1.f.10:0.05716;4.A.3.a.2.ag.6:0.10409;4.A.3.a.2.g.2:0.05663;4.A.3.a.2.i.7:0.08724;4.A.3.a.3.f.6:0.11510;4.A.3.a.3.l.2:0.05113;4.A.3.b.5.a.2:0.01949;4.A.3.b.6.h.3:0.05585;4.A.4.b.4.j.1:0.05205;4.A.4.c.3.e.1:0.05624
51-3021.00	Butchers and Meat Cutters	屠夫与肉类切割工	2	11	4.A.1.b.1.a.4:0.03244;4.A.1.b.2.f.13:0.09435;4.A.1.b.3.a.11:0.03244;4.A.2.b.1.h.9:0.04527;4.A.3.a.1.f.12:0.08441;4.A.3.a.2.c.10:0.18479;4.A.3.a.2.c.3:0.22104;4.A.3.b.6.h.3:0.08927;4.A.4.a.2.j.5:0.08314;4.A.4.b.4.j.1:0.08758;4.A.4.c.3.e.1:0.04527
51-3022.00	Meat, Poultry, and Fish Cutters and Trimmers	肉禽鱼类切割修整工	2	12	4.A.1.b.1.a.4:0.04413;4.A.1.b.2.f.13:0.04265;4.A.1.b.3.a.11:0.04413;4.A.2.a.2.b.5:0.04186;4.A.3.a.2.ac.3:0.19848;4.A.3.a.2.c.10:0.34407;4.A.3.a.2.c.3:0.20528;4.A.4.c.3.c.8:0.07939
51-3023.00	Slaughterers and Meat Packers	屠宰与肉类包装工	2	14	4.A.3.a.1.h.7:0.05907;4.A.3.a.2.ac.1:0.22128;4.A.3.a.2.ac.3:0.41000;4.A.3.a.2.c.10:0.20855;4.A.3.a.2.c.3:0.10109
51-3091.00	Food and Tobacco Roasting, Baking, and Drying Machine Operators and Tenders	食品烟草烘烤干燥机操作员	2	19	4.A.1.a.1.b.4:0.05068;4.A.1.a.2.a.11:0.05455;4.A.1.a.2.a.7:0.02728;4.A.1.b.2.f.13:0.08308;4.A.1.b.3.a.11:0.02709;4.A.1.b.3.a.12:0.02709;4.A.2.a.1.e.4:0.02865;4.A.3.a.1.c.8:0.05005;4.A.3.a.1.j.11:0.04780;4.A.3.a.2.an.3:0.04905;4.A.3.a.2.b.3:0.05731;4.A.3.a.2.f.1:0.05143;4.A.3.a.2.f.2:0.04905;4.A.3.a.2.f.6:0.04992;4.A.3.a.2.i.3:0.05105;4.A.3.a.2.i.7:0.02859;4.A.3.a.3.b.1:0.02859;4.A.3.a.3.f.6:0.05218;4.A.3.b.5.a.9:0.05293;4.A.3.b.6.h.3:0.05430;4.A.4.a.2.g.2:0.02728;4.A.4.b.1.b.2:0.05205
51-3092.00	Food Batchmakers	食品配料制作工	2	25	4.A.1.a.2.a.11:0.01996;4.A.1.a.2.a.7:0.02009;4.A.1.b.2.f.13:0.07929;4.A.1.b.2.g.15:0.04116;4.A.1.b.3.a.10:0.02031;4.A.2.a.1.e.4:0.05777;4.A.2.b.1.d.6:0.11760;4.A.2.b.1.j.5:0.02031;4.A.3.a.1.c.5:0.02112;4.A.3.a.1.c.8:0.02112;4.A.3.a.1.f.10:0.02023;4.A.3.a.1.j.11:0.03884;4.A.3.a.2.ap.2:0.01857;4.A.3.a.2.g.2:0.04009;4.A.3.a.2.i.7:0.01996;4.A.3.a.3.b.1:0.02023;4.A.3.a.3.f.6:0.17926;4.A.3.a.3.f.8:0.14068;4.A.3.b.6.h.3:0.04259;4.A.4.a.2.g.2:0.02009;4.A.4.b.4.j.1:0.04072
51-3093.00	Food Cooking Machine Operators and Tenders	食品蒸煮机操作员	2	17	4.A.1.a.1.b.11:0.03089;4.A.1.a.1.b.4:0.03089;4.A.1.a.2.a.11:0.03056;4.A.1.a.2.a.7:0.01908;4.A.1.b.2.f.13:0.02915;4.A.1.b.3.a.10:0.06058;4.A.3.a.1.c.5:0.03116;4.A.3.a.1.c.8:0.03116;4.A.3.a.1.f.10:0.02895;4.A.3.a.1.j.11:0.05669;4.A.3.a.2.an.3:0.05857;4.A.3.a.2.b.3:0.02915;4.A.3.a.2.i.12:0.05643;4.A.3.a.2.i.3:0.08725;4.A.3.a.2.i.7:0.02955;4.A.3.a.3.b.1:0.02955;4.A.3.a.3.f.6:0.07912;4.A.3.a.3.f.8:0.05871;4.A.3.a.3.h.2:0.02895;4.A.3.a.3.l.1:0.05804;4.A.3.b.6.h.3:0.05964;4.A.4.a.2.g.2:0.01908;4.A.4.b.1.b.2:0.05683
51-4021.00	Extruding and Drawing Machine Setters, Operators, and Tenders, Metal and Plastic	金属塑料挤压拉伸机操作员	2	16	4.A.1.b.2.f.5:0.08976;4.A.1.b.3.a.10:0.03281;4.A.1.b.3.a.12:0.03309;4.A.2.b.1.b.3:0.02131;4.A.2.b.1.d.9:0.03197;4.A.2.b.1.j.6:0.09438;4.A.3.a.1.a.8:0.03281;4.A.3.a.1.c.5:0.06072;4.A.3.a.1.f.10:0.06352;4.A.3.a.2.ap.2:0.06632;4.A.3.a.2.f.2:0.12649;4.A.3.a.2.i.7:0.03288;4.A.3.a.3.f.12:0.09151;4.A.3.a.3.l.2:0.06142;4.A.3.b.4.c.1:0.05737;4.A.3.b.4.c.4:0.02131;4.A.3.b.5.a.2:0.02131;4.A.4.c.3.a.5:0.06100
51-4022.00	Forging Machine Setters, Operators, and Tenders, Metal and Plastic	金属塑料锻压机操作员	2	12	4.A.1.a.1.b.6:0.08463;4.A.1.b.2.l.8:0.04405;4.A.1.b.3.a.12:0.08247;4.A.2.b.1.j.6:0.02835;4.A.3.a.2.at.5:0.02835;4.A.3.a.2.f.2:0.07576;4.A.3.a.2.f.4:0.07835;4.A.3.a.2.l.2:0.07511;4.A.3.a.2.s.4:0.13485;4.A.3.a.3.f.12:0.16429;4.A.3.a.3.l.2:0.03842;4.A.3.b.4.c.1:0.02763;4.A.3.b.4.c.4:0.02763;4.A.3.b.5.a.2:0.02763;4.A.4.a.2.c.20:0.08247
51-4023.00	Rolling Machine Setters, Operators, and Tenders, Metal and Plastic	金属塑料轧制机操作员	2	19	4.A.1.a.1.b.11:0.01860;4.A.1.a.1.b.4:0.01860;4.A.1.a.1.b.6:0.01860;4.A.1.a.2.a.11:0.02488;4.A.1.a.2.a.5:0.02746;4.A.1.a.2.a.7:0.05877;4.A.1.b.2.f.5:0.02823;4.A.1.b.3.a.12:0.02823;4.A.2.a.2.b.5:0.02334;4.A.2.b.1.h.4:0.05285;4.A.2.b.1.j.6:0.05221;4.A.3.a.2.at.5:0.05324;4.A.3.a.2.at.8:0.05273;4.A.3.a.2.f.1:0.05504;4.A.3.a.2.f.2:0.05170;4.A.3.a.2.g.1:0.01650;4.A.3.a.2.i.12:0.02488;4.A.3.a.2.o.4:0.04823;4.A.3.a.2.s.2:0.02334;4.A.3.a.3.f.12:0.14358;4.A.3.a.3.l.1:0.01650;4.A.3.a.3.l.2:0.01650;4.A.3.b.6.h.3:0.04887;4.A.4.b.1.b.2:0.04951;4.A.4.b.3.e.1:0.02379;4.A.4.b.4.j.1:0.02379
51-4031.00	Cutting, Punching, and Press Machine Setters, Operators, and Tenders, Metal and Plastic	金属塑料切冲压机操作员	2	31	4.A.1.a.1.b.11:0.01809;4.A.1.a.1.b.4:0.01809;4.A.1.a.2.a.10:0.01203;4.A.1.b.1.a.4:0.03100;4.A.1.b.2.f.5:0.01846;4.A.1.b.2.g.15:0.01712;4.A.1.b.3.a.12:0.03780;4.A.2.a.2.b.5:0.01846;4.A.2.b.1.j.6:0.00961;4.A.2.b.6.b.9:0.03173;4.A.3.a.1.c.21:0.02628;4.A.3.a.1.c.5:0.03116;4.A.3.a.1.f.10:0.03424;4.A.3.a.2.ai.2:0.00909;4.A.3.a.2.ai.4:0.00909;4.A.3.a.2.ai.5:0.00909;4.A.3.a.2.ao.4:0.01732;4.A.3.a.2.ao.8:0.02874;4.A.3.a.2.at.5:0.06646;4.A.3.a.2.f.2:0.04579;4.A.3.a.2.f.3:0.04921;4.A.3.a.2.i.12:0.03100;4.A.3.a.2.i.8:0.05966;4.A.3.a.2.m.5:0.02590;4.A.3.a.2.o.5:0.01384;4.A.3.a.2.s.2:0.01506;4.A.3.a.2.s.4:0.01506;4.A.3.a.3.f.12:0.03529;4.A.3.a.3.h.1:0.02890;4.A.3.a.3.l.1:0.02878;4.A.3.a.3.l.2:0.06485;4.A.3.b.4.c.1:0.03181;4.A.3.b.5.a.12:0.03643;4.A.3.b.5.a.17:0.01667;4.A.3.b.5.a.19:0.04586;4.A.3.b.6.h.3:0.01203
51-4032.00	Drilling and Boring Machine Tool Setters, Operators, and Tenders, Metal and Plastic	金属塑料钻孔镗床操作员	2	17	4.A.1.a.1.b.11:0.02193;4.A.1.a.1.b.4:0.02193;4.A.1.a.1.b.6:0.02193;4.A.1.a.2.a.7:0.06060;4.A.1.b.3.a.12:0.06774;4.A.3.a.2.ad.3:0.11868;4.A.3.a.2.aj.8:0.05500;4.A.3.a.2.ao.4:0.06284;4.A.3.a.2.ao.8:0.15619;4.A.3.a.2.f.2:0.05794;4.A.3.a.2.f.3:0.06158;4.A.3.a.2.i.12:0.05808;4.A.3.a.2.i.8:0.06214;4.A.3.a.3.h.2:0.02974;4.A.3.a.3.l.1:0.02575;4.A.3.b.4.c.1:0.06242;4.A.3.b.5.a.19:0.02575;4.A.4.b.1.b.2:0.02974
51-4033.00	Grinding, Lapping, Polishing, and Buffing Machine Tool Setters, Operators, and Tenders, Metal and Plastic	金属塑料磨削抛光机操作员	2	18	4.A.1.a.1.b.11:0.02825;4.A.1.a.1.b.4:0.02825;4.A.1.a.2.a.7:0.05731;4.A.1.b.3.a.12:0.08763;4.A.1.b.3.a.2:0.05477;4.A.2.b.1.j.6:0.05584;4.A.3.a.2.ao.2:0.02979;4.A.3.a.2.at.5:0.10847;4.A.3.a.2.f.1:0.05090;4.A.3.a.2.f.2:0.05557;4.A.3.a.2.f.3:0.02819;4.A.3.a.2.g.1:0.01888;4.A.3.a.2.i.12:0.02571;4.A.3.a.3.h.2:0.02819;4.A.3.a.3.l.1:0.18786;4.A.3.a.3.l.2:0.01888;4.A.3.b.4.c.1:0.01781;4.A.3.b.4.c.4:0.01781;4.A.3.b.5.a.12:0.02571;4.A.4.a.2.g.2:0.01781;4.A.4.c.3.a.5:0.05637
51-4034.00	Lathe and Turning Machine Tool Setters, Operators, and Tenders, Metal and Plastic	金属塑料车床操作员	2	18	4.A.1.a.1.b.11:0.03009;4.A.1.a.1.b.4:0.03009;4.A.1.a.2.a.10:0.02834;4.A.1.b.2.l.8:0.05766;4.A.1.b.3.a.12:0.05934;4.A.1.b.3.a.2:0.05794;4.A.2.b.1.j.6:0.04927;4.A.3.a.1.c.5:0.05346;4.A.3.a.2.at.8:0.02526;4.A.3.a.2.f.1:0.05850;4.A.3.a.2.f.2:0.13093;4.A.3.a.2.f.3:0.02610;4.A.3.a.2.i.12:0.04871;4.A.3.a.2.i.8:0.06032;4.A.3.a.3.f.12:0.06074;4.A.3.a.3.h.2:0.02610;4.A.3.a.3.l.1:0.01969;4.A.3.a.3.l.2:0.02834;4.A.3.b.1.a.2:0.02750;4.A.3.b.1.a.4:0.02750;4.A.3.b.4.a.2:0.05472;4.A.3.b.4.c.1:0.01969;4.A.3.b.5.a.19:0.01969
51-4035.00	Milling and Planing Machine Setters, Operators, and Tenders, Metal and Plastic	金属塑料铣刨床操作员	2	15	4.A.1.a.1.b.11:0.03368;4.A.1.a.1.b.4:0.03368;4.A.1.a.2.a.10:0.06945;4.A.1.b.3.a.2:0.06656;4.A.2.b.1.d.9:0.03248;4.A.2.b.1.j.6:0.03464;4.A.3.a.2.aj.7:0.06191;4.A.3.a.2.an.3:0.07137;4.A.3.a.2.ao.4:0.07009;4.A.3.a.2.f.1:0.06544;4.A.3.a.2.f.2:0.10008;4.A.3.a.2.f.3:0.06881;4.A.3.a.2.i.12:0.05966;4.A.3.a.2.i.8:0.10225;4.A.3.a.3.l.1:0.02245;4.A.3.b.4.c.1:0.02245;4.A.3.b.5.a.19:0.02245;4.A.3.b.6.h.3:0.06255
51-4041.00	Machinists	机械加工工	3	29	4.A.1.a.1.b.11:0.03678;4.A.1.a.2.a.4:0.03218;4.A.1.a.2.a.5:0.03661;4.A.1.b.2.c.1:0.01625;4.A.1.b.2.l.8:0.03403;4.A.1.b.3.a.1:0.01650;4.A.1.b.3.a.12:0.05758;4.A.1.b.3.a.2:0.01966;4.A.2.a.2.b.3:0.03275;4.A.2.b.1.b.3:0.03349;4.A.2.b.1.d.1:0.01810;4.A.2.b.2.o.10:0.03185;4.A.2.b.6.b.9:0.03169;4.A.3.a.1.e.7:0.03308;4.A.3.a.2.ai.5:0.01617;4.A.3.a.2.ao.8:0.01650;4.A.3.a.2.at.8:0.01687;4.A.3.a.2.d.5:0.03620;4.A.3.a.2.d.6:0.02931;4.A.3.a.2.f.2:0.05250;4.A.3.a.2.m.7:0.01810;4.A.3.a.2.s.2:0.01654;4.A.3.a.3.f.12:0.05520;4.A.3.a.3.l.1:0.01958;4.A.3.a.3.l.2:0.03575;4.A.3.b.1.a.2:0.03727;4.A.3.b.2.c.5:0.03341;4.A.3.b.4.c.1:0.01654;4.A.3.b.5.a.2:0.03653;4.A.4.a.2.c.20:0.06854;4.A.4.b.6.e.11:0.06444
51-4051.00	Metal-Refining Furnace Operators and Tenders	金属精炼炉操作员	2	15	4.A.1.a.2.a.11:0.02288;4.A.1.a.2.a.7:0.06514;4.A.1.b.2.g.15:0.06728;4.A.1.b.3.a.10:0.06942;4.A.2.b.1.h.4:0.03517;4.A.3.a.1.c.21:0.05688;4.A.3.a.1.f.10:0.02176;4.A.3.a.1.f.4:0.06682;4.A.3.a.1.h.7:0.06957;4.A.3.a.2.b.3:0.03517;4.A.3.a.2.i.12:0.02355;4.A.3.a.2.i.14:0.02355;4.A.3.a.2.i.2:0.04643;4.A.3.a.2.i.7:0.02288;4.A.3.a.2.m.10:0.13135;4.A.3.a.2.m.11:0.02176;4.A.3.a.3.h.3:0.06850;4.A.3.b.6.h.3:0.06896;4.A.4.b.1.b.2:0.02176;4.A.4.b.4.j.1:0.06116
51-4052.00	Pourers and Casters, Metal	金属浇铸工	2	16	4.A.1.a.2.a.11:0.03305;4.A.1.b.2.g.15:0.06512;4.A.3.a.1.c.21:0.06568;4.A.3.a.1.f.10:0.06412;4.A.3.a.1.f.4:0.09143;4.A.3.a.1.j.11:0.02589;4.A.3.a.2.an.1:0.03227;4.A.3.a.2.an.2:0.06157;4.A.3.a.2.b.3:0.03242;4.A.3.a.2.d.12:0.06554;4.A.3.a.2.f.2:0.03156;4.A.3.a.2.i.12:0.03227;4.A.3.a.2.i.3:0.09711;4.A.3.a.2.i.7:0.03305;4.A.3.a.2.l.2:0.03142;4.A.3.a.2.m.10:0.03142;4.A.3.a.2.y.1:0.05533;4.A.3.a.3.h.1:0.02589;4.A.3.b.4.b.2:0.03043;4.A.3.b.5.a.2:0.03043;4.A.4.b.1.b.2:0.06398
51-4061.00	Model Makers, Metal and Plastic	金属塑料模型制作工	3	16	4.A.1.a.1.b.11:0.03658;4.A.1.a.1.b.4:0.03658;4.A.1.b.2.f.5:0.06811;4.A.3.a.2.ad.3:0.06599;4.A.3.a.2.ai.1:0.03731;4.A.3.a.2.aj.3:0.02140;4.A.3.a.2.aj.8:0.08098;4.A.3.a.2.ao.4:0.03177;4.A.3.a.2.ao.8:0.05703;4.A.3.a.2.d.5:0.02140;4.A.3.a.2.g.5:0.03406;4.A.3.a.2.l.4:0.03406;4.A.3.a.2.o.5:0.03218;4.A.3.a.3.f.12:0.03511;4.A.3.a.3.l.1:0.03218;4.A.3.a.3.l.2:0.03511;4.A.3.b.1.a.2:0.13166;4.A.3.b.2.c.5:0.02140;4.A.3.b.4.b.4:0.06632;4.A.3.b.6.h.3:0.06387;4.A.4.b.1.a.1:0.05687
51-4062.00	Patternmakers, Metal and Plastic	金属塑料制模工	3	15	4.A.1.a.1.b.11:0.02586;4.A.1.b.1.a.4:0.06763;4.A.1.b.3.a.12:0.07657;4.A.1.b.3.a.2:0.02586;4.A.2.b.1.j.5:0.06004;4.A.2.b.2.k.1:0.13274;4.A.2.b.6.b.9:0.02586;4.A.3.a.1.h.5:0.02288;4.A.3.a.2.ag.6:0.05600;4.A.3.a.2.ag.8:0.05363;4.A.3.a.2.ai.5:0.03618;4.A.3.a.2.aj.7:0.09943;4.A.3.a.2.ao.8:0.06747;4.A.3.a.2.o.5:0.02288;4.A.3.a.3.l.1:0.09068;4.A.3.b.1.a.2:0.06696;4.A.3.b.4.b.2:0.06932
51-4071.00	Foundry Mold and Coremakers	铸造造型制芯工	2	13	4.A.3.a.1.c.21:0.04008;4.A.3.a.1.f.4:0.19476;4.A.3.a.2.aj.3:0.27184;4.A.3.a.2.an.1:0.07760;4.A.3.a.2.an.2:0.07314;4.A.3.a.2.l.4:0.07297;4.A.3.a.2.o.5:0.04008;4.A.3.a.2.v.7:0.07948;4.A.3.a.3.f.7:0.07400;4.A.3.a.3.h.2:0.03803;4.A.4.b.1.b.2:0.03803
51-4072.00	Molding, Coremaking, and Casting Machine Setters, Operators, and Tenders, Metal and Plastic	金属塑料制模制芯铸造机操作员	2	29	4.A.1.a.1.b.11:0.01858;4.A.1.a.1.b.6:0.01858;4.A.1.a.2.a.10:0.03979;4.A.1.a.2.a.11:0.03643;4.A.1.b.1.a.4:0.01690;4.A.1.b.2.f.5:0.02040;4.A.1.b.3.a.12:0.02040;4.A.2.b.1.j.5:0.01672;4.A.2.b.1.j.6:0.01676;4.A.3.a.1.a.8:0.01644;4.A.3.a.1.c.21:0.02232;4.A.3.a.1.f.10:0.02674;4.A.3.a.1.f.12:0.01030;4.A.3.a.1.f.4:0.01030;4.A.3.a.1.j.11:0.01690;4.A.3.a.2.ag.6:0.01740;4.A.3.a.2.ah.8:0.03543;4.A.3.a.2.am.3:0.01099;4.A.3.a.2.an.1:0.03262;4.A.3.a.2.an.2:0.01690;4.A.3.a.2.an.3:0.01703;4.A.3.a.2.ap.2:0.01703;4.A.3.a.2.at.5:0.03334;4.A.3.a.2.f.2:0.05106;4.A.3.a.2.f.3:0.03316;4.A.3.a.2.i.7:0.03816;4.A.3.a.2.l.2:0.01653;4.A.3.a.2.m.10:0.02862;4.A.3.a.2.m.5:0.03234;4.A.3.a.2.o.5:0.01099;4.A.3.a.2.s.4:0.03525;4.A.3.a.3.f.12:0.05560;4.A.3.a.3.h.3:0.03525;4.A.3.a.3.l.1:0.01653;4.A.3.b.4.b.2:0.01676;4.A.3.b.4.c.1:0.01676;4.A.3.b.5.a.12:0.03525;4.A.3.b.5.a.17:0.01133;4.A.3.b.5.a.2:0.01133;4.A.3.b.6.h.3:0.01676;4.A.4.c.3.a.5:0.05001
51-4081.00	Multiple Machine Tool Setters, Operators, and Tenders, Metal and Plastic	金属塑料多机床操作员	2	21	4.A.1.a.1.b.11:0.02592;4.A.1.a.1.b.4:0.02592;4.A.1.a.2.a.7:0.05052;4.A.1.b.3.a.1:0.04944;4.A.1.b.3.a.12:0.05459;4.A.1.b.3.a.2:0.04645;4.A.2.b.1.j.5:0.02388;4.A.2.b.1.j.6:0.01728;4.A.3.a.1.c.21:0.01576;4.A.3.a.2.ao.4:0.04178;4.A.3.a.2.at.5:0.04849;4.A.3.a.2.f.2:0.04003;4.A.3.a.2.f.3:0.05232;4.A.3.a.2.i.12:0.01540;4.A.3.a.2.i.13:0.01540;4.A.3.a.2.i.3:0.01540;4.A.3.a.2.i.8:0.04003;4.A.3.a.2.o.5:0.02364;4.A.3.a.3.f.12:0.02388;4.A.3.a.3.l.1:0.04878;4.A.3.a.3.l.2:0.02514;4.A.3.b.1.a.2:0.02197;4.A.3.b.1.a.3:0.02197;4.A.3.b.4.c.1:0.04884;4.A.3.b.4.c.4:0.02334;4.A.3.b.5.a.17:0.01576;4.A.3.b.5.a.2:0.01576;4.A.3.b.5.a.9:0.04166;4.A.3.b.6.h.3:0.04322;4.A.4.a.2.g.2:0.02334;4.A.4.b.3.e.1:0.04406
51-4111.00	Tool and Die Makers	工具与模具制造工	3	17	4.A.1.a.1.b.11:0.06176;4.A.1.b.2.f.5:0.08955;4.A.1.b.2.l.8:0.02897;4.A.1.b.3.a.1:0.05808;4.A.1.b.3.a.12:0.06707;4.A.1.b.3.a.2:0.06206;4.A.2.b.1.j.5:0.05970;4.A.3.a.2.ad.3:0.05439;4.A.3.a.2.ai.5:0.02024;4.A.3.a.2.d.5:0.02024;4.A.3.a.2.f.1:0.02653;4.A.3.a.2.f.3:0.02941;4.A.3.a.2.g.5:0.02727;4.A.3.a.2.i.7:0.02653;4.A.3.a.2.l.4:0.02727;4.A.3.a.2.o.4:0.01941;4.A.3.a.2.o.5:0.04874;4.A.3.a.3.f.12:0.03221;4.A.3.a.3.h.2:0.02941;4.A.3.a.3.l.1:0.08095;4.A.3.b.2.c.5:0.10996;4.A.3.b.4.b.4:0.02024
51-4121.00	Welders, Cutters, Solderers, and Brazers	焊工与钎焊工	2	30	4.A.1.a.1.b.11:0.03333;4.A.1.a.2.a.10:0.03379;4.A.1.a.2.a.7:0.01762;4.A.1.b.1.a.4:0.03499;4.A.1.b.3.a.12:0.07212;4.A.2.b.1.d.1:0.01745;4.A.2.b.1.j.6:0.03499;4.A.2.b.2.k.1:0.03164;4.A.3.a.1.b.1:0.03182;4.A.3.a.1.c.21:0.01496;4.A.3.a.1.h.5:0.03482;4.A.3.a.1.k.13:0.03953;4.A.3.a.2.a.8:0.02976;4.A.3.a.2.ai.1:0.03417;4.A.3.a.2.ai.5:0.16903;4.A.3.a.2.ao.4:0.03473;4.A.3.a.2.f.3:0.03405;4.A.3.a.2.g.1:0.02133;4.A.3.a.2.g.5:0.02907;4.A.3.a.2.i.2:0.03430;4.A.3.a.2.l.2:0.01608;4.A.3.a.2.l.4:0.01112;4.A.3.a.2.m.11:0.01668;4.A.3.a.2.m.5:0.03036;4.A.3.a.2.m.6:0.03417;4.A.3.a.2.s.2:0.01021;4.A.3.a.3.f.12:0.02787;4.A.3.a.3.l.1:0.04216;4.A.3.b.4.b.4:0.01021;4.A.4.a.2.g.2:0.01762
51-4122.00	Welding, Soldering, and Brazing Machine Setters, Operators, and Tenders	焊接钎焊机操作员	2	29	4.A.1.a.1.b.11:0.01900;4.A.1.a.1.b.4:0.01900;4.A.1.a.2.a.5:0.03384;4.A.1.b.2.l.8:0.03528;4.A.1.b.3.a.12:0.03755;4.A.2.b.1.h.4:0.01719;4.A.2.b.1.j.6:0.05324;4.A.3.a.1.c.21:0.01155;4.A.3.a.1.f.10:0.03320;4.A.3.a.1.j.11:0.03257;4.A.3.a.2.ag.8:0.01832;4.A.3.a.2.ai.1:0.04533;4.A.3.a.2.ai.5:0.13951;4.A.3.a.2.aj.8:0.03560;4.A.3.a.2.an.3:0.03447;4.A.3.a.2.ao.2:0.01791;4.A.3.a.2.ao.4:0.01769;4.A.3.a.2.ao.8:0.03574;4.A.3.a.2.d.5:0.01574;4.A.3.a.2.f.1:0.01692;4.A.3.a.2.f.2:0.01733;4.A.3.a.2.g.1:0.01191;4.A.3.a.2.i.14:0.01778;4.A.3.a.2.i.2:0.01778;4.A.3.a.2.m.2:0.02678;4.A.3.a.2.m.5:0.03384;4.A.3.a.3.l.1:0.01191;4.A.3.a.3.l.2:0.01191;4.A.3.b.1.a.1:0.03538;4.A.3.b.2.c.5:0.01574;4.A.3.b.5.a.12:0.01832;4.A.3.b.5.a.17:0.01155;4.A.3.b.5.a.2:0.01155;4.A.3.b.6.h.3:0.05365;4.A.4.b.4.j.1:0.03492
51-4191.00	Heat Treating Equipment Setters, Operators, and Tenders, Metal and Plastic	金属塑料热处理设备操作员	2	23	4.A.1.a.1.b.11:0.02454;4.A.1.a.1.b.6:0.02454;4.A.1.b.1.a.4:0.03271;4.A.1.b.2.f.5:0.09133;4.A.2.b.1.d.1:0.09519;4.A.3.a.1.c.21:0.03647;4.A.3.a.1.f.12:0.06837;4.A.3.a.2.an.3:0.04460;4.A.3.a.2.f.2:0.04186;4.A.3.a.2.f.3:0.04196;4.A.3.a.2.f.6:0.04094;4.A.3.a.2.i.2:0.04379;4.A.3.a.2.i.7:0.08859;4.A.3.a.2.m.5:0.04135;4.A.3.a.3.f.7:0.09184;4.A.3.b.4.c.1:0.01304;4.A.3.b.4.c.4:0.01304;4.A.3.b.5.a.2:0.01304;4.A.3.b.6.h.3:0.04765;4.A.4.b.1.b.2:0.06502;4.A.4.b.3.e.1:0.04013
51-4192.00	Layout Workers, Metal and Plastic	金属塑料划线工	2	14	4.A.1.b.2.f.5:0.07066;4.A.1.b.3.a.2:0.03646;4.A.2.b.2.k.1:0.10755;4.A.2.b.2.o.10:0.06996;4.A.2.b.6.b.9:0.07676;4.A.3.a.2.a.12:0.07135;4.A.3.a.2.ab.1:0.07310;4.A.3.a.2.ag.6:0.05007;4.A.3.a.2.aj.7:0.03341;4.A.3.a.2.aj.8:0.03690;4.A.3.a.2.ao.2:0.03690;4.A.3.a.2.ao.4:0.15213;4.A.3.a.2.ao.8:0.11392;4.A.3.a.3.h.2:0.07083
51-4193.00	Plating Machine Setters, Operators, and Tenders, Metal and Plastic	金属塑料电镀机操作员	2	33	4.A.1.a.1.b.6:0.03127;4.A.1.a.2.a.5:0.01662;4.A.1.b.2.f.3:0.03377;4.A.1.b.2.l.8:0.03188;4.A.1.b.3.a.1:0.03157;4.A.1.b.3.a.10:0.03180;4.A.1.b.3.a.12:0.06155;4.A.2.b.1.d.1:0.03195;4.A.3.a.1.a.8:0.01370;4.A.3.a.1.c.21:0.02277;4.A.3.a.1.f.10:0.01340;4.A.3.a.1.f.12:0.02725;4.A.3.a.1.h.5:0.08660;4.A.3.a.2.ag.6:0.01567;4.A.3.a.2.an.3:0.03324;4.A.3.a.2.at.5:0.02694;4.A.3.a.2.f.1:0.02975;4.A.3.a.2.f.3:0.02960;4.A.3.a.2.i.14:0.03385;4.A.3.a.2.i.3:0.01370;4.A.3.a.2.l.2:0.01609;4.A.3.a.2.m.2:0.11289;4.A.3.a.2.m.5:0.02216;4.A.3.a.2.v.9:0.01340;4.A.3.a.3.f.2:0.08075;4.A.3.a.3.h.3:0.02983;4.A.3.a.3.l.1:0.01609;4.A.3.b.4.c.1:0.02732;4.A.3.b.5.a.17:0.00858;4.A.3.b.5.a.2:0.02277;4.A.3.b.6.h.3:0.03324
51-4194.00	Tool Grinders, Filers, and Sharpeners	工具刃磨工	2	18	4.A.1.a.1.b.11:0.02925;4.A.1.a.1.b.6:0.02925;4.A.1.a.2.a.7:0.03165;4.A.1.b.2.f.3:0.03101;4.A.1.b.3.a.12:0.08305;4.A.2.b.1.h.4:0.02553;4.A.2.b.1.j.6:0.03150;4.A.3.a.1.c.21:0.02016;4.A.3.a.2.ag.6:0.02447;4.A.3.a.2.ag.8:0.05837;4.A.3.a.2.ai.5:0.02496;4.A.3.a.2.an.3:0.02968;4.A.3.a.2.ao.8:0.03586;4.A.3.a.2.ap.2:0.02968;4.A.3.a.2.d.5:0.05584;4.A.3.a.2.f.2:0.03150;4.A.3.a.2.f.3:0.02496;4.A.3.a.2.g.5:0.04937;4.A.3.a.2.i.12:0.05879;4.A.3.a.2.i.8:0.02553;4.A.3.a.2.m.2:0.02447;4.A.3.a.2.o.5:0.05359;4.A.3.a.2.s.4:0.02834;4.A.3.a.3.l.1:0.09451;4.A.3.b.4.c.1:0.02834;4.A.3.b.5.a.17:0.02016;4.A.3.b.5.a.2:0.02016
51-5111.00	Prepress Technicians and Workers	印前技师	3	15	4.A.1.a.2.a.10:0.03464;4.A.1.b.2.f.16:0.19497;4.A.1.b.2.j.7:0.06536;4.A.1.b.3.a.12:0.06709;4.A.2.b.1.j.6:0.06881;4.A.3.a.1.c.21:0.02100;4.A.3.a.3.f.10:0.27502;4.A.3.b.1.a.1:0.10573;4.A.3.b.1.a.2:0.03598;4.A.3.b.1.f.2:0.05436;4.A.3.b.4.c.4:0.02100;4.A.3.b.5.a.2:0.05604
51-5112.00	Printing Press Operators	印刷机操作员	2	23	4.A.1.a.1.b.11:0.02336;4.A.1.a.1.b.4:0.02336;4.A.1.a.1.j.4:0.01988;4.A.1.a.2.a.5:0.04530;4.A.1.b.2.f.16:0.04646;4.A.2.a.1.e.3:0.04601;4.A.3.a.1.a.2:0.02195;4.A.3.a.1.c.21:0.06544;4.A.3.a.1.f.10:0.06725;4.A.3.a.2.at.8:0.04420;4.A.3.a.2.b.3:0.02295;4.A.3.a.2.f.1:0.04561;4.A.3.a.2.f.3:0.04530;4.A.3.a.2.i.3:0.06629;4.A.3.a.3.f.10:0.02351;4.A.3.a.3.l.2:0.03675;4.A.3.b.1.a.1:0.04329;4.A.3.b.1.a.2:0.04359;4.A.3.b.1.f.9:0.08567;4.A.3.b.5.a.17:0.02114;4.A.3.b.6.h.3:0.04067;4.A.4.b.4.j.1:0.08215;4.A.4.c.3.a.5:0.01993;4.A.4.c.3.e.1:0.01993
51-5113.00	Print Binding and Finishing Workers	印刷装订加工工	2	25	4.A.1.a.1.b.6:0.04279;4.A.1.a.2.a.7:0.04156;4.A.1.b.2.f.16:0.04316;4.A.3.a.1.c.21:0.01379;4.A.3.a.1.f.10:0.01914;4.A.3.a.1.f.8:0.01956;4.A.3.a.2.ad.3:0.03573;4.A.3.a.2.ap.2:0.01956;4.A.3.a.2.e.1:0.06051;4.A.3.a.2.e.4:0.02102;4.A.3.a.2.f.2:0.04213;4.A.3.a.2.f.3:0.04156;4.A.3.a.2.i.3:0.01914;4.A.3.a.2.l.2:0.04203;4.A.3.a.2.l.4:0.08031;4.A.3.a.2.y.1:0.03987;4.A.3.a.3.f.11:0.27168;4.A.3.b.4.c.4:0.01379;4.A.3.b.5.a.17:0.01379;4.A.3.b.6.h.3:0.04138;4.A.4.a.2.j.5:0.03950;4.A.4.b.3.e.1:0.03799
51-6011.00	Laundry and Dry-Cleaning Workers	洗衣与干洗工	2	32	4.A.1.b.1.a.4:0.03512;4.A.1.b.2.c.1:0.00864;4.A.1.b.2.c.5:0.02070;4.A.1.b.2.f.4:0.02090;4.A.1.b.2.j.1:0.02941;4.A.1.b.2.j.4:0.05330;4.A.2.a.2.b.5:0.03966;4.A.2.b.1.j.4:0.03502;4.A.3.a.1.a.8:0.05611;4.A.3.a.1.c.21:0.01795;4.A.3.a.1.h.1:0.07328;4.A.3.a.1.h.2:0.06282;4.A.3.a.1.h.4:0.23006;4.A.3.a.2.an.3:0.02114;4.A.3.a.2.e.1:0.00884;4.A.3.a.2.e.3:0.03605;4.A.3.a.2.e.4:0.00884;4.A.3.a.2.f.3:0.04924;4.A.3.a.2.m.2:0.03147;4.A.3.a.3.b.1:0.02477;4.A.3.a.3.b.2:0.01190;4.A.3.a.3.f.13:0.01456;4.A.3.a.3.f.5:0.02864;4.A.3.b.5.a.17:0.01795;4.A.4.b.4.j.1:0.06365
51-6021.00	Pressers, Textile, Garment, and Related Materials	纺织服装熨烫工	2	28	4.A.1.b.1.a.4:0.01930;4.A.1.b.2.j.4:0.01753;4.A.1.b.3.a.1:0.01157;4.A.1.b.3.a.12:0.01753;4.A.2.b.1.j.6:0.05140;4.A.3.a.1.c.21:0.01719;4.A.3.a.1.f.8:0.01896;4.A.3.a.1.h.2:0.07120;4.A.3.a.2.an.3:0.01896;4.A.3.a.2.ap.2:0.01930;4.A.3.a.2.at.5:0.01757;4.A.3.a.2.at.8:0.01508;4.A.3.a.2.e.4:0.03337;4.A.3.a.2.f.5:0.12694;4.A.3.a.2.i.7:0.03421;4.A.3.a.2.l.8:0.01157;4.A.3.a.2.m.7:0.10592;4.A.3.a.3.f.5:0.37524;4.A.3.b.5.a.2:0.01719
51-6031.00	Sewing Machine Operators	缝纫机操作员	2	26	4.A.1.a.2.a.7:0.04180;4.A.1.b.1.a.4:0.01942;4.A.1.b.2.j.1:0.03970;4.A.1.b.2.j.4:0.01942;4.A.1.b.3.a.12:0.03923;4.A.2.b.1.j.5:0.03942;4.A.3.a.1.c.21:0.01228;4.A.3.a.1.f.10:0.02057;4.A.3.a.2.ab.1:0.07598;4.A.3.a.2.an.3:0.01985;4.A.3.a.2.ao.4:0.03561;4.A.3.a.2.ao.8:0.05432;4.A.3.a.2.e.3:0.07379;4.A.3.a.2.e.4:0.12987;4.A.3.a.2.f.1:0.02057;4.A.3.a.2.f.2:0.01771;4.A.3.a.2.f.3:0.07855;4.A.3.a.2.f.4:0.04056;4.A.3.a.2.f.5:0.03961;4.A.3.a.2.l.2:0.03951;4.A.3.a.2.l.8:0.04161;4.A.3.a.2.s.4:0.01985;4.A.3.a.2.v.7:0.01776;4.A.3.b.4.c.1:0.01228;4.A.3.b.5.a.2:0.01228;4.A.3.b.6.h.3:0.03847
51-6041.00	Shoe and Leather Workers and Repairers	鞋类皮革制作维修工	2	26	4.A.1.a.1.b.4:0.01769;4.A.1.b.2.j.4:0.03797;4.A.1.b.3.e.1:0.01769;4.A.2.a.1.e.3:0.03959;4.A.2.b.1.a.1:0.03896;4.A.2.b.1.j.5:0.01620;4.A.2.b.2.k.1:0.01935;4.A.3.a.1.h.4:0.02006;4.A.3.a.2.ab.1:0.09202;4.A.3.a.2.ad.3:0.01795;4.A.3.a.2.aj.2:0.16276;4.A.3.a.2.ao.4:0.01903;4.A.3.a.2.ao.8:0.01620;4.A.3.a.2.e.1:0.05737;4.A.3.a.2.e.3:0.11356;4.A.3.a.2.e.4:0.01966;4.A.3.a.2.f.3:0.03941;4.A.3.a.2.f.5:0.03941;4.A.3.a.2.l.2:0.04318;4.A.3.a.2.l.8:0.07819;4.A.3.a.2.m.7:0.01975;4.A.3.a.2.o.4:0.02006;4.A.3.a.2.q.4:0.03456;4.A.3.a.2.v.7:0.01935
51-6042.00	Shoe Machine Operators and Tenders	制鞋机操作员	2	19	4.A.1.a.1.b.4:0.05371;4.A.1.a.2.k.2:0.02896;4.A.1.b.2.f.3:0.02896;4.A.1.b.2.l.8:0.05223;4.A.2.b.1.j.5:0.02587;4.A.3.a.1.c.21:0.01762;4.A.3.a.1.f.10:0.02692;4.A.3.a.2.aj.2:0.09901;4.A.3.a.2.an.3:0.05520;4.A.3.a.2.ao.4:0.05780;4.A.3.a.2.e.4:0.31052;4.A.3.a.2.f.1:0.02692;4.A.3.a.2.f.2:0.05235;4.A.3.a.2.f.3:0.07760;4.A.3.a.2.l.2:0.05111;4.A.3.b.4.c.1:0.01762;4.A.3.b.5.a.2:0.01762
51-6051.00	Sewers, Hand	手工缝制工	2	11	4.A.1.b.3.a.1:0.03333;4.A.1.b.3.a.12:0.04867;4.A.1.b.3.e.1:0.03333;4.A.2.b.1.j.5:0.09775;4.A.2.b.2.k.1:0.04453;4.A.3.a.2.aj.2:0.06820;4.A.3.a.2.ao.4:0.04867;4.A.3.a.2.e.1:0.26918;4.A.3.a.2.f.5:0.08784;4.A.3.a.2.l.2:0.09553;4.A.3.a.2.l.3:0.03333;4.A.3.a.2.l.4:0.04453;4.A.3.a.2.o.3:0.09512
51-6052.00	Tailors, Dressmakers, and Custom Sewers	裁缝与定制缝纫师	2	22	4.A.1.a.1.b.4:0.04371;4.A.1.b.1.a.4:0.04416;4.A.1.b.3.a.1:0.04838;4.A.1.b.3.e.1:0.07090;4.A.2.b.1.a.1:0.04493;4.A.2.b.2.k.1:0.04360;4.A.3.a.2.e.1:0.24880;4.A.3.a.2.e.3:0.11673;4.A.3.a.2.e.4:0.04710;4.A.3.a.2.f.5:0.08720;4.A.3.a.2.l.2:0.04694;4.A.3.a.2.l.8:0.02224;4.A.3.a.2.v.7:0.02224;4.A.3.a.3.f.5:0.04549;4.A.3.b.6.h.3:0.02363;4.A.4.a.2.j.5:0.04393
51-6061.00	Textile Bleaching and Dyeing Machine Operators and Tenders	纺织漂染机操作员	2	23	4.A.1.a.1.b.6:0.02202;4.A.1.a.2.a.10:0.04555;4.A.1.a.2.a.5:0.04575;4.A.1.b.2.c.5:0.04394;4.A.1.b.2.f.7:0.04474;4.A.1.b.2.g.15:0.04082;4.A.1.b.2.l.8:0.04394;4.A.1.b.3.a.10:0.04665;4.A.3.a.1.c.21:0.01243;4.A.3.a.1.f.10:0.01971;4.A.3.a.1.h.1:0.06842;4.A.3.a.2.ag.8:0.04545;4.A.3.a.2.an.3:0.04484;4.A.3.a.2.at.8:0.01920;4.A.3.a.2.e.1:0.04555;4.A.3.a.2.e.2:0.04494;4.A.3.a.2.f.1:0.04162;4.A.3.a.2.f.2:0.01920;4.A.3.a.2.i.7:0.02237;4.A.3.a.2.m.2:0.04414;4.A.3.a.3.h.2:0.01971;4.A.3.b.1.a.1:0.04394;4.A.3.b.4.c.4:0.01243;4.A.3.b.5.a.2:0.01243;4.A.3.b.6.h.3:0.04183;4.A.4.a.2.c.20:0.06284;4.A.4.a.2.g.2:0.04555
51-6062.00	Textile Cutting Machine Setters, Operators, and Tenders	纺织裁剪机操作员	2	18	4.A.1.a.1.b.6:0.02817;4.A.1.a.2.k.2:0.01986;4.A.1.b.2.f.6:0.01986;4.A.1.b.2.f.7:0.01986;4.A.1.b.2.g.15:0.05418;4.A.1.b.2.l.8:0.02682;4.A.3.a.1.c.21:0.02372;4.A.3.a.2.at.8:0.01743;4.A.3.a.2.f.1:0.06065;4.A.3.a.2.f.2:0.01743;4.A.3.a.2.i.8:0.07700;4.A.3.a.2.l.8:0.02891;4.A.3.a.2.v.7:0.02891;4.A.3.a.3.l.4:0.25377;4.A.3.b.1.a.2:0.05674;4.A.3.b.4.c.1:0.02574;4.A.3.b.4.c.4:0.02574;4.A.3.b.5.a.17:0.02372;4.A.3.b.6.h.3:0.05512;4.A.4.a.2.c.20:0.08154;4.A.4.a.2.g.2:0.05485
51-6063.00	Textile Knitting and Weaving Machine Setters, Operators, and Tenders	纺织针织编织机操作员	2	19	4.A.1.a.1.b.6:0.02587;4.A.1.b.2.f.7:0.11233;4.A.1.b.2.g.15:0.10679;4.A.1.b.2.l.8:0.02365;4.A.3.a.1.c.21:0.02488;4.A.3.a.2.at.8:0.01770;4.A.3.a.2.f.1:0.05641;4.A.3.a.2.f.2:0.01770;4.A.3.a.2.i.8:0.01770;4.A.3.a.2.l.8:0.05543;4.A.3.a.3.l.4:0.22934;4.A.3.b.1.a.2:0.05395;4.A.3.b.4.c.1:0.02537;4.A.3.b.4.c.4:0.02537;4.A.3.b.5.a.17:0.02488;4.A.3.b.6.h.3:0.05284;4.A.4.a.2.c.20:0.07501;4.A.4.a.2.g.2:0.05481
51-6064.00	Textile Winding, Twisting, and Drawing Out Machine Setters, Operators, and Tenders	纺织络纱并线牵伸机操作员	2	23	4.A.1.a.1.b.6:0.02187;4.A.1.a.2.a.5:0.02408;4.A.1.a.2.a.7:0.04321;4.A.1.b.2.f.7:0.04384;4.A.1.b.2.g.15:0.04490;4.A.1.b.2.l.8:0.04090;4.A.1.b.3.a.12:0.04048;4.A.3.a.1.c.21:0.01845;4.A.3.a.1.f.10:0.04511;4.A.3.a.2.an.3:0.02166;4.A.3.a.2.at.8:0.01423;4.A.3.a.2.f.1:0.04511;4.A.3.a.2.f.2:0.01423;4.A.3.a.2.f.3:0.04195;4.A.3.a.2.i.8:0.01423;4.A.3.a.2.l.8:0.02408;4.A.3.a.2.s.4:0.02166;4.A.3.a.3.l.4:0.26201;4.A.3.b.4.c.1:0.02066;4.A.3.b.4.c.4:0.02066;4.A.3.b.5.a.17:0.01845;4.A.3.b.6.h.3:0.04469;4.A.4.a.2.c.20:0.02187;4.A.4.a.2.g.2:0.04721;4.A.4.c.3.a.5:0.04447
51-6091.00	Extruding and Forming Machine Setters, Operators, and Tenders, Synthetic and Glass Fibers	合成玻璃纤维挤出成型机操作员	2	17	4.A.1.a.2.a.5:0.06188;4.A.1.a.2.a.7:0.02915;4.A.1.b.1.a.4:0.02937;4.A.3.a.1.c.21:0.20210;4.A.3.a.1.f.10:0.03004;4.A.3.a.2.i.3:0.15215;4.A.3.a.2.l.4:0.04890;4.A.3.a.2.v.9:0.05412;4.A.3.a.3.b.1:0.02915;4.A.3.a.3.f.12:0.18563;4.A.3.b.5.a.2:0.02751;4.A.3.b.6.h.3:0.08663;4.A.4.a.2.g.2:0.03168;4.A.4.b.1.b.2:0.03168
51-6092.00	Fabric and Apparel Patternmakers	服装纸样设计师	3	16	4.A.1.b.1.a.4:0.06459;4.A.1.b.2.f.16:0.06008;4.A.1.b.3.a.2:0.06474;4.A.2.b.2.k.1:0.25255;4.A.3.a.2.aj.2:0.06357;4.A.3.a.2.aj.7:0.02859;4.A.3.a.2.ao.8:0.21305;4.A.3.a.2.f.5:0.06517;4.A.3.a.2.l.8:0.02728;4.A.3.a.2.v.7:0.06328;4.A.3.b.1.a.2:0.06663;4.A.4.a.2.j.5:0.03048
51-6093.00	Upholsterers	室内装潢工	2	22	4.A.1.a.1.b.4:0.04841;4.A.1.b.2.j.7:0.04674;4.A.1.b.3.a.1:0.02498;4.A.2.b.1.a.1:0.02237;4.A.2.b.2.k.1:0.04552;4.A.3.a.1.j.8:0.04396;4.A.3.a.2.ab.1:0.04507;4.A.3.a.2.aj.2:0.04952;4.A.3.a.2.ao.4:0.02509;4.A.3.a.2.ao.8:0.04752;4.A.3.a.2.e.1:0.04624;4.A.3.a.2.e.3:0.02281;4.A.3.a.2.e.4:0.02343;4.A.3.a.2.f.3:0.02509;4.A.3.a.2.f.5:0.04707;4.A.3.a.2.g.6:0.02142;4.A.3.a.2.l.8:0.02498;4.A.3.a.2.m.7:0.04273;4.A.3.b.4.b.1:0.23754;4.A.3.b.6.h.3:0.04540;4.A.4.a.2.c.20:0.04173;4.A.4.a.2.j.5:0.02237
51-7011.00	Cabinetmakers and Bench Carpenters	橱柜制作与细木工	2	20	4.A.1.a.1.b.11:0.02552;4.A.1.a.1.b.4:0.02552;4.A.1.b.2.j.1:0.05225;4.A.1.b.3.a.1:0.05225;4.A.1.b.3.a.12:0.05310;4.A.2.b.1.a.1:0.02262;4.A.2.b.1.h.9:0.02262;4.A.3.a.2.ab.1:0.05044;4.A.3.a.2.ad.3:0.05068;4.A.3.a.2.ag.6:0.08745;4.A.3.a.2.aj.4:0.15373;4.A.3.a.2.g.6:0.04923;4.A.3.a.2.l.2:0.07850;4.A.3.a.2.l.4:0.02612;4.A.3.a.3.l.3:0.05177;4.A.3.b.1.a.2:0.05273;4.A.3.b.1.e.1:0.02643;4.A.3.b.2.b.5:0.02643;4.A.3.b.4.b.1:0.04693;4.A.4.a.2.j.5:0.04572
51-7021.00	Furniture Finishers	家具修饰工	2	22	4.A.1.a.1.b.4:0.04531;4.A.1.b.2.j.7:0.04440;4.A.2.b.1.j.5:0.04599;4.A.3.a.1.a.2:0.04576;4.A.3.a.1.h.5:0.09107;4.A.3.a.2.ag.6:0.19818;4.A.3.a.2.am.3:0.02413;4.A.3.a.2.g.6:0.11509;4.A.3.a.2.s.2:0.04361;4.A.3.a.2.s.4:0.04758;4.A.3.a.3.f.2:0.02237;4.A.3.a.3.l.1:0.02401;4.A.3.b.2.b.5:0.04304;4.A.3.b.4.b.1:0.11373;4.A.4.a.2.j.5:0.04916;4.A.4.b.6.e.11:0.04656
51-7031.00	Model Makers, Wood	木模型制作工	3	14	4.A.1.a.1.b.6:0.04048;4.A.1.b.1.a.4:0.07356;4.A.1.b.3.a.1:0.03687;4.A.1.b.3.a.12:0.07519;4.A.2.b.1.j.5:0.03687;4.A.3.a.2.ag.6:0.06055;4.A.3.a.2.aj.3:0.07446;4.A.3.a.2.aj.4:0.07627;4.A.3.a.2.aj.7:0.06344;4.A.3.a.2.ao.8:0.07446;4.A.3.a.2.d.5:0.06723;4.A.3.a.2.g.6:0.03741;4.A.3.a.2.i.8:0.03533;4.A.3.a.2.l.2:0.03741;4.A.3.a.3.l.2:0.03533;4.A.3.b.6.h.3:0.06904;4.A.4.a.2.c.20:0.04048;4.A.4.c.3.c.8:0.06561
51-7032.00	Patternmakers, Wood	木制模具工	3	20	4.A.1.a.1.b.6:0.05730;4.A.1.b.1.a.4:0.04987;4.A.1.b.3.a.12:0.05365;4.A.1.b.3.a.2:0.04755;4.A.2.b.1.a.1:0.04987;4.A.2.b.1.j.5:0.04670;4.A.2.b.2.k.1:0.05328;4.A.2.b.6.b.9:0.05365;4.A.3.a.2.ag.6:0.05072;4.A.3.a.2.aj.3:0.04865;4.A.3.a.2.aj.4:0.05547;4.A.3.a.2.aj.7:0.04926;4.A.3.a.2.ao.8:0.05486;4.A.3.a.2.g.6:0.02701;4.A.3.a.2.i.8:0.02634;4.A.3.a.2.l.2:0.02701;4.A.3.a.3.l.3:0.02634;4.A.3.b.4.b.2:0.04962;4.A.3.b.6.h.3:0.04950;4.A.4.c.3.a.5:0.06279;4.A.4.c.3.c.8:0.04011;4.A.4.c.3.e.1:0.02048
51-7041.00	Sawing Machine Setters, Operators, and Tenders, Wood	木材锯切机操作员	2	22	4.A.1.a.1.b.11:0.01454;4.A.1.a.1.b.4:0.01454;4.A.1.a.1.b.6:0.01454;4.A.1.a.2.a.5:0.02338;4.A.1.b.2.f.4:0.01544;4.A.1.b.2.j.2:0.09481;4.A.1.b.3.a.1:0.04395;4.A.1.b.3.a.12:0.04999;4.A.2.a.2.b.5:0.01544;4.A.2.b.1.j.5:0.02176;4.A.2.b.1.j.6:0.02176;4.A.3.a.1.c.21:0.02057;4.A.3.a.1.e.7:0.03822;4.A.3.a.1.f.8:0.01544;4.A.3.a.2.an.3:0.04211;4.A.3.a.2.at.5:0.04837;4.A.3.a.2.f.2:0.04891;4.A.3.a.2.f.3:0.02251;4.A.3.a.2.f.4:0.02300;4.A.3.a.2.f.6:0.02251;4.A.3.a.2.g.5:0.02160;4.A.3.a.2.i.8:0.09707;4.A.3.a.2.l.2:0.04697;4.A.3.a.2.l.4:0.02160;4.A.3.a.3.l.2:0.02300;4.A.3.a.3.l.3:0.04384;4.A.3.b.4.c.1:0.02327;4.A.3.b.5.a.17:0.02057;4.A.3.b.5.a.19:0.02327;4.A.3.b.5.a.9:0.06700
51-7042.00	Woodworking Machine Setters, Operators, and Tenders, Except Sawing	木工机床操作员	2	25	4.A.1.a.2.a.10:0.04246;4.A.1.b.1.a.4:0.02020;4.A.1.b.2.g.15:0.03982;4.A.1.b.2.j.2:0.04216;4.A.1.b.2.l.8:0.02133;4.A.1.b.3.a.12:0.04285;4.A.2.b.1.d.9:0.02069;4.A.2.b.1.j.5:0.02069;4.A.2.b.1.j.6:0.04099;4.A.3.a.1.c.21:0.01317;4.A.3.a.1.c.5:0.01317;4.A.3.a.1.f.10:0.02030;4.A.3.a.1.f.8:0.02020;4.A.3.a.2.an.3:0.03874;4.A.3.a.2.at.5:0.01971;4.A.3.a.2.f.1:0.04128;4.A.3.a.2.f.2:0.04055;4.A.3.a.2.f.3:0.02030;4.A.3.a.2.f.4:0.04099;4.A.3.a.2.i.8:0.10438;4.A.3.a.2.l.2:0.03903;4.A.3.a.2.s.4:0.02035;4.A.3.a.3.h.3:0.03189;4.A.3.a.3.l.3:0.13970;4.A.3.b.1.a.2:0.03669;4.A.3.b.4.c.1:0.02035;4.A.3.b.5.a.17:0.03483;4.A.3.b.5.a.2:0.01317
51-8011.00	Nuclear Power Reactor Operators	核反应堆操作员	3	19	4.A.1.a.2.a.5:0.08390;4.A.1.a.2.a.7:0.02687;4.A.1.b.2.e.7:0.04648;4.A.2.b.1.b.3:0.01879;4.A.2.b.6.b.9:0.05697;4.A.3.a.1.j.11:0.05256;4.A.3.a.3.g.1:0.14063;4.A.3.a.3.g.5:0.05792;4.A.3.b.5.a.5:0.01879;4.A.3.b.6.h.3:0.05399;4.A.3.b.6.h.30:0.04839;4.A.4.a.2.c.20:0.05065;4.A.4.a.2.g.2:0.02687;4.A.4.b.4.j.1:0.29841;4.A.4.b.6.e.11:0.01879
51-8012.00	Power Distributors and Dispatchers	电力调度员	3	14	4.A.1.a.2.a.5:0.03640;4.A.1.a.2.h.4:0.03319;4.A.1.b.2.g.15:0.06735;4.A.2.b.1.h.4:0.06895;4.A.2.b.6.b.9:0.14400;4.A.3.a.2.i.5:0.03319;4.A.3.a.3.g.5:0.36690;4.A.3.b.6.h.3:0.09878;4.A.4.a.2.c.20:0.07617;4.A.4.b.4.j.1:0.07505
51-8013.00	Power Plant Operators	发电厂操作员	2	30	4.A.1.a.2.a.4:0.01512;4.A.1.a.2.a.5:0.01512;4.A.1.a.2.a.7:0.03521;4.A.1.a.2.b.16:0.03333;4.A.1.a.2.b.18:0.03333;4.A.1.b.2.g.11:0.03333;4.A.1.b.2.l.3:0.03032;4.A.2.a.1.g.7:0.03333;4.A.2.b.1.b.2:0.03333;4.A.3.a.1.c.21:0.01119;4.A.3.a.2.b.3:0.03039;4.A.3.a.2.i.13:0.03428;4.A.3.a.2.i.5:0.03552;4.A.3.a.3.b.1:0.06914;4.A.3.a.3.g.1:0.20766;4.A.3.a.3.g.2:0.03333;4.A.3.a.3.g.5:0.05193;4.A.3.b.4.c.1:0.03333;4.A.3.b.4.c.4:0.02736;4.A.3.b.5.a.17:0.01119;4.A.3.b.5.a.2:0.01119;4.A.3.b.5.a.5:0.01749;4.A.3.b.6.h.3:0.06551;4.A.4.a.2.c.20:0.06755;4.A.4.a.2.g.2:0.03047
51-8013.03	Biomass Plant Technicians	生物质电厂技师	2	18	4.A.1.a.1.b.6:0.04949;4.A.1.b.2.c.1:0.03081;4.A.1.b.2.c.6:0.03081;4.A.1.b.2.g.17:0.01970;4.A.1.b.3.a.10:0.01921;4.A.1.b.3.a.15:0.05242;4.A.2.a.1.e.3:0.04962;4.A.2.b.1.h.4:0.01921;4.A.3.a.1.c.5:0.05536;4.A.3.a.1.f.10:0.01921;4.A.3.a.2.i.13:0.05175;4.A.3.a.2.m.8:0.05149;4.A.3.a.3.b.1:0.02914;4.A.3.a.3.c.2:0.04802;4.A.3.a.3.g.3:0.27444;4.A.3.b.5.a.5:0.05482;4.A.3.b.6.h.3:0.07879;4.A.4.a.2.g.2:0.01970;4.A.4.c.3.a.5:0.04602
51-8013.04	Hydroelectric Plant Technicians	水电站技师	3	21	4.A.1.a.2.a.10:0.05133;4.A.1.b.2.g.17:0.09664;4.A.1.b.2.l.3:0.02294;4.A.2.b.1.b.3:0.05075;4.A.3.a.1.c.5:0.05029;4.A.3.a.2.a.8:0.04044;4.A.3.a.2.ah.8:0.04600;4.A.3.a.2.ai.1:0.01560;4.A.3.a.2.ai.5:0.01560;4.A.3.a.2.at.8:0.02422;4.A.3.a.2.d.6:0.03982;4.A.3.a.2.l.4:0.03743;4.A.3.a.3.b.1:0.02503;4.A.3.a.3.g.1:0.17497;4.A.3.a.3.h.2:0.04670;4.A.3.b.4.c.4:0.02294;4.A.3.b.5.a.17:0.02358;4.A.3.b.5.a.5:0.07294;4.A.3.b.6.h.3:0.09258;4.A.4.a.2.c.20:0.05017
51-8021.00	Stationary Engineers and Boiler Operators	固定设备工程师与锅炉操作员	3	25	4.A.1.a.1.u.1:0.01951;4.A.1.a.2.a.14:0.04318;4.A.1.a.2.a.5:0.07855;4.A.1.a.2.a.7:0.02060;4.A.1.b.2.c.5:0.04199;4.A.1.b.2.g.15:0.02060;4.A.1.b.2.l.3:0.03883;4.A.1.b.3.a.10:0.01917;4.A.2.b.1.b.2:0.04268;4.A.2.b.6.b.9:0.03992;4.A.3.a.1.c.21:0.02011;4.A.3.a.2.d.6:0.03774;4.A.3.a.2.i.13:0.02174;4.A.3.a.2.i.14:0.02035;4.A.3.a.2.i.2:0.02174;4.A.3.a.2.i.5:0.01872;4.A.3.a.2.m.11:0.07608;4.A.3.a.3.b.1:0.02179;4.A.3.a.3.f.13:0.01872;4.A.3.a.3.g.1:0.02179;4.A.3.a.3.g.5:0.06146;4.A.3.b.4.c.4:0.05839;4.A.3.b.5.a.17:0.02011;4.A.3.b.5.a.2:0.01749;4.A.3.b.6.h.3:0.06136;4.A.4.a.2.c.20:0.03774;4.A.4.a.2.g.7:0.01951;4.A.4.b.1.a.1:0.03843;4.A.4.b.4.j.1:0.04170
51-8031.00	Water and Wastewater Treatment Plant and System Operators	水处理与污水处理厂操作员	2	8	4.A.1.b.2.c.5:0.06924;4.A.1.b.2.g.15:0.12287;4.A.3.a.1.c.21:0.03746;4.A.3.a.1.c.5:0.03746;4.A.3.a.2.b.3:0.06924;4.A.3.a.3.f.1:0.26816;4.A.3.b.4.c.4:0.03575;4.A.3.b.5.a.17:0.03575;4.A.3.b.5.a.2:0.07321;4.A.3.b.6.h.3:0.13479;4.A.4.b.4.j.1:0.11606
51-8091.00	Chemical Plant and System Operators	化工厂操作员	2	19	4.A.1.a.2.a.11:0.05719;4.A.1.a.2.a.14:0.10552;4.A.1.b.2.c.3:0.05270;4.A.1.b.2.c.5:0.02789;4.A.1.b.2.g.15:0.05294;4.A.2.b.1.h.9:0.05069;4.A.3.a.2.b.3:0.02789;4.A.3.a.2.i.3:0.05365;4.A.3.a.3.b.1:0.05459;4.A.3.a.3.f.1:0.16637;4.A.3.b.4.c.1:0.02470;4.A.3.b.4.c.4:0.06723;4.A.3.b.6.h.3:0.05577;4.A.4.a.2.g.2:0.05305;4.A.4.b.1.a.1:0.05412;4.A.4.b.4.j.1:0.09571
51-8092.00	Gas Plant Operators	燃气厂操作员	2	19	4.A.1.a.1.b.4:0.05284;4.A.1.a.2.a.5:0.08369;4.A.1.b.2.c.3:0.04741;4.A.1.b.2.c.5:0.05107;4.A.1.b.2.g.15:0.02946;4.A.2.b.1.b.3:0.02788;4.A.3.a.1.c.21:0.01698;4.A.3.a.2.i.2:0.05499;4.A.3.a.3.g.2:0.10708;4.A.3.a.3.g.6:0.21479;4.A.3.b.4.c.4:0.01698;4.A.3.b.5.a.2:0.05832;4.A.3.b.6.h.3:0.05588;4.A.4.a.2.g.2:0.05107;4.A.4.b.1.a.1:0.05461;4.A.4.b.1.b.2:0.02453;4.A.4.b.4.j.1:0.02453;4.A.4.b.6.e.11:0.02788
51-8093.00	Petroleum Pump System Operators, Refinery Operators, and Gaugers	石油泵站与炼油厂操作员	2	24	4.A.1.a.1.b.6:0.04266;4.A.1.a.2.a.14:0.04438;4.A.1.a.2.a.5:0.08864;4.A.1.a.2.a.7:0.04513;4.A.1.b.2.c.3:0.03771;4.A.1.b.2.c.5:0.04244;4.A.1.b.2.g.15:0.01956;4.A.1.b.3.a.8:0.03019;4.A.2.b.1.a.7:0.03513;4.A.2.b.6.b.9:0.04427;4.A.3.a.1.c.21:0.03761;4.A.3.a.1.c.5:0.04158;4.A.3.a.2.am.2:0.03621;4.A.3.a.2.b.3:0.04362;4.A.3.a.2.i.13:0.04545;4.A.3.a.3.b.1:0.08778;4.A.3.a.3.g.5:0.04545;4.A.3.b.4.c.4:0.01536;4.A.3.b.5.a.17:0.01956;4.A.3.b.5.a.2:0.01536;4.A.3.b.6.h.3:0.04244;4.A.4.a.2.g.2:0.01536;4.A.4.b.1.b.2:0.04620;4.A.4.b.4.j.1:0.07790
51-8099.01	Biofuels Processing Technicians	生物燃料加工技师	2	19	4.A.1.a.2.b.13:0.16435;4.A.1.b.2.g.17:0.01788;4.A.1.b.3.a.10:0.01703;4.A.1.b.3.a.15:0.05243;4.A.2.a.1.e.3:0.07827;4.A.2.b.1.h.4:0.01703;4.A.3.a.1.c.5:0.04901;4.A.3.a.1.f.10:0.01703;4.A.3.a.2.b.3:0.02865;4.A.3.a.2.i.13:0.04792;4.A.3.a.2.m.8:0.10644;4.A.3.a.3.b.1:0.02877;4.A.3.a.3.g.3:0.13789;4.A.3.b.4.c.1:0.02377;4.A.3.b.5.a.5:0.07218;4.A.3.b.6.h.3:0.07348;4.A.4.a.2.g.2:0.01788;4.A.4.b.4.j.1:0.04999
51-9011.00	Chemical Equipment Operators and Tenders	化工设备操作员	2	24	4.A.1.a.1.b.11:0.02062;4.A.1.a.1.b.4:0.02062;4.A.1.a.2.a.11:0.04509;4.A.1.a.2.a.7:0.04520;4.A.1.b.2.c.5:0.04398;4.A.1.b.2.g.15:0.02245;4.A.1.b.2.j.1:0.04052;4.A.1.b.3.a.10:0.02224;4.A.2.b.1.h.9:0.04184;4.A.3.a.1.a.8:0.02224;4.A.3.a.1.c.21:0.11710;4.A.3.a.1.f.1:0.01432;4.A.3.a.1.f.10:0.04164;4.A.3.a.1.f.2:0.01432;4.A.3.a.1.f.6:0.01432;4.A.3.a.1.k.13:0.04692;4.A.3.a.2.b.3:0.04459;4.A.3.a.2.i.2:0.02173;4.A.3.a.2.i.7:0.02173;4.A.3.a.3.b.1:0.04449;4.A.3.a.3.f.1:0.06571;4.A.3.b.4.c.4:0.01293;4.A.3.b.5.a.17:0.01293;4.A.3.b.5.a.2:0.01293;4.A.3.b.6.h.3:0.04459;4.A.4.a.2.g.2:0.04083;4.A.4.b.4.j.1:0.07231;4.A.4.c.3.a.5:0.03179
51-9012.00	Separating, Filtering, Clarifying, Precipitating, and Still Machine Setters, Operators, and Tenders	分离过滤澄清蒸馏设备操作员	2	20	4.A.1.a.2.a.11:0.05342;4.A.1.b.2.c.5:0.10111;4.A.1.b.2.g.15:0.05263;4.A.1.b.3.a.10:0.05016;4.A.2.a.3.b.1:0.02581;4.A.3.a.1.c.21:0.02519;4.A.3.a.1.c.5:0.02519;4.A.3.a.1.f.10:0.04983;4.A.3.a.1.k.13:0.02581;4.A.3.a.2.ah.8:0.04713;4.A.3.a.2.at.8:0.01605;4.A.3.a.2.b.3:0.05229;4.A.3.a.2.d.5:0.04960;4.A.3.a.2.i.13:0.04949;4.A.3.a.2.i.3:0.04277;4.A.3.a.2.i.7:0.02632;4.A.3.a.2.v.9:0.04388;4.A.3.a.3.b.1:0.04070;4.A.3.a.3.f.8:0.04070;4.A.3.b.4.c.4:0.01605;4.A.3.b.5.a.2:0.01605;4.A.3.b.5.a.9:0.04870;4.A.3.b.6.h.3:0.05072;4.A.4.a.2.c.20:0.05039
51-9021.00	Crushing, Grinding, and Polishing Machine Setters, Operators, and Tenders	破碎研磨抛光机操作员	2	21	4.A.1.a.1.b.4:0.04399;4.A.1.a.2.a.5:0.05406;4.A.1.b.1.a.4:0.04797;4.A.1.b.2.c.5:0.09395;4.A.1.b.2.g.15:0.04648;4.A.1.b.3.a.10:0.01669;4.A.1.b.3.a.11:0.01669;4.A.1.b.3.a.12:0.01669;4.A.2.a.1.e.3:0.04673;4.A.3.a.1.a.8:0.04697;4.A.3.a.1.c.21:0.02560;4.A.3.a.1.c.5:0.04648;4.A.3.a.1.f.10:0.04586;4.A.3.a.1.j.11:0.04772;4.A.3.a.2.b.3:0.04685;4.A.3.a.2.i.13:0.04586;4.A.3.a.3.b.1:0.05083;4.A.3.a.3.l.1:0.09519;4.A.3.b.5.a.2:0.02560;4.A.3.b.5.a.9:0.04275;4.A.3.b.6.h.3:0.04685;4.A.4.a.2.g.2:0.05021
51-9022.00	Grinding and Polishing Workers, Hand	手工研磨抛光工	2	17	4.A.1.a.1.b.11:0.06509;4.A.1.b.1.a.4:0.06539;4.A.1.b.2.j.1:0.03441;4.A.1.b.3.a.1:0.06643;4.A.1.b.3.a.12:0.03441;4.A.2.b.1.j.6:0.06002;4.A.3.a.1.c.21:0.02309;4.A.3.a.1.f.10:0.03091;4.A.3.a.1.h.5:0.02259;4.A.3.a.1.j.11:0.05109;4.A.3.a.2.ag.8:0.05317;4.A.3.a.2.an.3:0.06241;4.A.3.a.2.f.3:0.03091;4.A.3.a.2.g.1:0.05496;4.A.3.a.2.l.2:0.06583;4.A.3.a.2.o.4:0.02259;4.A.3.a.2.o.5:0.02259;4.A.3.a.3.l.1:0.06285;4.A.3.b.4.c.4:0.03038;4.A.3.b.5.a.19:0.05273;4.A.3.b.5.a.2:0.03038;4.A.3.b.6.h.3:0.05779
51-9023.00	Mixing and Blending Machine Setters, Operators, and Tenders	混合搅拌机操作员	2	20	4.A.1.a.1.b.4:0.05273;4.A.1.a.2.a.5:0.05250;4.A.1.b.2.c.5:0.10063;4.A.1.b.3.a.10:0.01769;4.A.1.b.3.a.11:0.01769;4.A.1.b.3.a.12:0.01769;4.A.3.a.1.a.8:0.09994;4.A.3.a.1.c.21:0.02355;4.A.3.a.1.c.5:0.02453;4.A.3.a.1.c.9:0.02453;4.A.3.a.1.f.10:0.10086;4.A.3.a.1.j.11:0.04824;4.A.3.a.2.b.3:0.05066;4.A.3.a.2.i.3:0.04640;4.A.3.a.3.b.1:0.10006;4.A.3.a.3.f.6:0.02539;4.A.3.a.3.f.8:0.07766;4.A.3.b.5.a.2:0.02355;4.A.3.b.5.a.9:0.04491;4.A.3.b.6.h.3:0.05078
51-9031.00	Cutters and Trimmers, Hand	手工切割修整工	2	18	4.A.1.a.1.b.4:0.05865;4.A.1.b.1.a.4:0.11880;4.A.1.b.2.f.4:0.02603;4.A.1.b.3.a.1:0.02946;4.A.1.b.3.a.11:0.02603;4.A.2.a.2.b.5:0.05769;4.A.3.a.1.f.8:0.05467;4.A.3.a.1.h.5:0.01690;4.A.3.a.1.j.11:0.04535;4.A.3.a.2.ao.8:0.05851;4.A.3.a.2.f.3:0.05782;4.A.3.a.2.f.5:0.05714;4.A.3.a.2.g.5:0.02967;4.A.3.a.2.i.8:0.05330;4.A.3.a.2.l.2:0.05947;4.A.3.a.2.l.4:0.02967;4.A.3.a.2.o.4:0.01690;4.A.3.a.2.v.7:0.02946;4.A.3.a.3.l.1:0.04177;4.A.3.a.3.l.2:0.07954;4.A.3.b.4.c.1:0.02658;4.A.3.b.5.a.19:0.02658
51-9032.00	Cutting and Slicing Machine Setters, Operators, and Tenders	切割切片机操作员	2	28	4.A.1.a.1.b.6:0.03930;4.A.1.a.2.a.7:0.03689;4.A.1.b.1.a.4:0.01635;4.A.1.b.2.l.8:0.02002;4.A.1.b.3.a.11:0.01947;4.A.1.b.3.a.12:0.01947;4.A.2.a.2.b.5:0.01900;4.A.2.b.1.j.6:0.01872;4.A.3.a.1.c.21:0.01756;4.A.3.a.1.f.8:0.03838;4.A.3.a.1.h.5:0.00821;4.A.3.a.1.h.6:0.00821;4.A.3.a.1.h.7:0.00821;4.A.3.a.1.j.11:0.03550;4.A.3.a.2.an.3:0.03954;4.A.3.a.2.ao.8:0.01635;4.A.3.a.2.at.5:0.01575;4.A.3.a.2.f.1:0.03652;4.A.3.a.2.f.2:0.03638;4.A.3.a.2.f.6:0.03707;4.A.3.a.2.i.8:0.05487;4.A.3.a.2.l.4:0.02936;4.A.3.a.3.b.2:0.01313;4.A.3.a.3.b.3:0.01313;4.A.3.a.3.h.2:0.00862;4.A.3.a.3.h.3:0.03714;4.A.3.a.3.l.1:0.01547;4.A.3.a.3.l.2:0.17923;4.A.3.b.1.a.1:0.01896;4.A.3.b.4.c.1:0.01765;4.A.3.b.5.a.17:0.01756;4.A.3.b.5.a.19:0.01547;4.A.3.b.6.h.3:0.04023;4.A.4.b.1.b.2:0.00862;4.A.4.b.1.b.3:0.00862;4.A.4.b.4.j.1:0.03503
51-9041.00	Extruding, Forming, Pressing, and Compacting Machine Setters, Operators, and Tenders	挤出成型压制机操作员	2	26	4.A.1.a.1.b.11:0.01338;4.A.1.a.1.b.4:0.01338;4.A.1.a.1.b.6:0.01338;4.A.1.a.2.a.5:0.04098;4.A.1.b.1.a.4:0.01801;4.A.1.b.2.f.5:0.01385;4.A.1.b.3.a.10:0.01240;4.A.1.b.3.a.11:0.01385;4.A.1.b.3.a.12:0.05059;4.A.2.b.1.j.6:0.02012;4.A.3.a.1.c.21:0.03979;4.A.3.a.1.f.10:0.03739;4.A.3.a.1.f.8:0.01851;4.A.3.a.1.j.11:0.03666;4.A.3.a.2.ah.8:0.03813;4.A.3.a.2.an.1:0.03573;4.A.3.a.2.an.2:0.01851;4.A.3.a.2.an.3:0.02022;4.A.3.a.2.ao.4:0.01791;4.A.3.a.2.f.1:0.03693;4.A.3.a.2.f.2:0.04987;4.A.3.a.2.i.12:0.03988;4.A.3.a.2.i.3:0.01397;4.A.3.a.2.i.7:0.01397;4.A.3.a.2.l.4:0.01240;4.A.3.a.2.s.2:0.03583;4.A.3.a.2.s.4:0.01791;4.A.3.a.3.f.12:0.14785;4.A.3.b.5.a.9:0.02022;4.A.3.b.6.h.3:0.04034;4.A.3.b.6.h.31:0.01801;4.A.4.a.2.g.2:0.04043;4.A.4.c.1.e.3:0.03960
51-9051.00	Furnace, Kiln, Oven, Drier, and Kettle Operators and Tenders	炉窑烘干锅操作员	2	17	4.A.1.a.1.b.11:0.03060;4.A.1.a.1.b.4:0.03060;4.A.1.a.2.a.5:0.06634;4.A.1.b.2.c.5:0.06105;4.A.1.b.3.a.10:0.05722;4.A.2.b.1.h.4:0.05958;4.A.3.a.1.c.21:0.01613;4.A.3.a.1.f.10:0.11400;4.A.3.a.1.j.11:0.05840;4.A.3.a.2.an.3:0.05972;4.A.3.a.2.i.7:0.09113;4.A.3.a.2.m.6:0.02905;4.A.3.b.4.c.1:0.05193;4.A.3.b.5.a.17:0.01613;4.A.3.b.5.a.2:0.01613;4.A.3.b.5.a.9:0.06164;4.A.3.b.6.h.3:0.06193;4.A.4.b.1.a.1:0.06252;4.A.4.b.4.j.1:0.05590
51-9061.00	Inspectors, Testers, Sorters, Samplers, and Weighers	检验测试分拣计量员	2	31	4.A.1.a.1.b.11:0.01685;4.A.1.a.1.b.4:0.01685;4.A.1.a.2.a.10:0.03340;4.A.1.a.2.a.5:0.06538;4.A.1.b.1.a.4:0.03574;4.A.1.b.2.c.2:0.01069;4.A.1.b.2.c.3:0.03316;4.A.1.b.2.c.5:0.06695;4.A.1.b.2.f.11:0.02894;4.A.1.b.2.j.1:0.03261;4.A.1.b.3.a.10:0.01380;4.A.1.b.3.a.11:0.01380;4.A.1.b.3.a.12:0.07000;4.A.2.a.1.d.5:0.03191;4.A.2.a.1.e.3:0.08118;4.A.2.a.2.b.5:0.01455;4.A.3.a.1.c.21:0.02611;4.A.3.a.1.f.8:0.02839;4.A.3.a.2.aa.2:0.01069;4.A.3.a.2.ah.7:0.01069;4.A.3.a.2.b.3:0.02949;4.A.3.a.2.f.3:0.03058;4.A.3.a.2.i.6:0.03379;4.A.3.a.2.o.5:0.03058;4.A.3.a.2.s.2:0.02902;4.A.3.b.4.c.4:0.02611;4.A.3.b.5.a.2:0.01074;4.A.3.b.6.h.3:0.06757;4.A.4.a.2.g.2:0.03504;4.A.4.b.3.e.1:0.01564;4.A.4.b.6.e.11:0.04974
51-9071.00	Jewelers and Precious Stone and Metal Workers	珠宝与贵金属加工工	3	30	4.A.1.b.3.a.10:0.00918;4.A.1.b.3.a.12:0.03795;4.A.2.a.1.e.3:0.03709;4.A.2.b.1.a.1:0.03752;4.A.2.b.1.a.2:0.03674;4.A.2.b.1.j.5:0.01841;4.A.2.b.2.t.4:0.12046;4.A.3.a.1.a.2:0.00918;4.A.3.a.1.f.4:0.02831;4.A.3.a.1.h.5:0.01954;4.A.3.a.2.ad.3:0.01572;4.A.3.a.2.ag.6:0.03378;4.A.3.a.2.ai.1:0.01893;4.A.3.a.2.aj.3:0.06201;4.A.3.a.2.ao.4:0.03743;4.A.3.a.2.ao.8:0.01503;4.A.3.a.2.g.4:0.06496;4.A.3.a.2.g.5:0.01620;4.A.3.a.2.l.4:0.04981;4.A.3.a.2.m.5:0.02853;4.A.3.a.2.m.6:0.00918;4.A.3.a.2.m.9:0.01233;4.A.3.a.2.o.4:0.03895;4.A.3.a.2.o.5:0.03847;4.A.3.a.2.v.1:0.02258;4.A.3.a.2.y.1:0.05880;4.A.3.b.4.b.3:0.01893;4.A.3.b.6.h.3:0.03335;4.A.4.a.2.j.5:0.01537;4.A.4.a.6.b.5:0.01841;4.A.4.c.3.e.1:0.01841;4.A.4.c.3.e.6:0.01841
51-9071.06	Gem and Diamond Workers	宝石钻石加工工	3	22	4.A.1.b.2.j.9:0.22120;4.A.1.b.3.a.1:0.01528;4.A.1.b.3.a.12:0.05284;4.A.2.a.1.e.3:0.05320;4.A.2.a.2.b.5:0.05019;4.A.2.b.1.a.2:0.05284;4.A.2.b.1.j.6:0.01440;4.A.3.a.1.a.8:0.01440;4.A.3.a.2.aa.3:0.01218;4.A.3.a.2.ag.8:0.01440;4.A.3.a.2.ai.1:0.02075;4.A.3.a.2.ai.3:0.02075;4.A.3.a.2.f.3:0.04524;4.A.3.a.2.f.4:0.02419;4.A.3.a.2.f.6:0.02455;4.A.3.a.2.g.3:0.01235;4.A.3.a.2.l.3:0.04335;4.A.3.a.2.o.4:0.02455;4.A.3.a.2.s.2:0.03487;4.A.3.a.2.v.11:0.02763;4.A.3.a.2.v.6:0.01528;4.A.3.a.3.c.1:0.03185;4.A.3.a.3.l.1:0.05519;4.A.3.b.4.c.1:0.01432;4.A.3.b.4.c.3:0.01432;4.A.3.b.5.a.19:0.01432;4.A.3.b.6.h.3:0.02660;4.A.4.b.6.e.11:0.04898
51-9081.00	Dental Laboratory Technicians	牙科技工	2	17	4.A.1.a.1.b.4:0.06418;4.A.1.b.2.f.10:0.06247;4.A.1.b.3.e.1:0.06088;4.A.3.a.1.a.2:0.01897;4.A.3.a.1.f.12:0.05903;4.A.3.a.1.f.4:0.04743;4.A.3.a.2.ai.1:0.02767;4.A.3.a.2.am.3:0.05124;4.A.3.a.2.an.1:0.06035;4.A.3.a.2.g.5:0.02767;4.A.3.a.2.k.1:0.05560;4.A.3.a.2.l.2:0.02958;4.A.3.a.2.m.6:0.01897;4.A.3.a.2.m.9:0.06115;4.A.3.a.2.o.4:0.02958;4.A.3.a.2.q.1:0.08591;4.A.3.a.2.q.4:0.09013;4.A.3.b.4.f.3:0.09198;4.A.4.b.3.e.1:0.02859;4.A.4.b.4.j.1:0.02859
51-9082.00	Medical Appliance Technicians	医疗器具技工	2	16	4.A.1.a.1.b.4:0.06687;4.A.1.b.2.f.10:0.06150;4.A.1.b.3.e.1:0.13507;4.A.3.a.1.a.2:0.02792;4.A.3.a.2.ad.3:0.03045;4.A.3.a.2.ag.6:0.02792;4.A.3.a.2.ai.5:0.03045;4.A.3.a.2.ao.8:0.05927;4.A.3.a.2.f.5:0.06404;4.A.3.a.2.o.4:0.03388;4.A.3.a.2.q.1:0.06776;4.A.3.a.2.q.4:0.12271;4.A.3.a.3.l.1:0.03388;4.A.3.b.4.c.4:0.04765;4.A.3.b.4.f.3:0.06791;4.A.4.b.3.e.2:0.06597;4.A.4.c.3.e.1:0.02837;4.A.4.c.3.e.7:0.02837
51-9083.00	Ophthalmic Laboratory Technicians	眼镜实验室技工	2	18	4.A.1.a.1.b.4:0.05748;4.A.1.b.2.f.8:0.05962;4.A.1.b.3.a.11:0.02949;4.A.1.b.3.a.12:0.02949;4.A.2.b.1.j.6:0.05647;4.A.3.a.1.h.5:0.05811;4.A.3.a.2.ai.1:0.02339;4.A.3.a.2.an.2:0.04176;4.A.3.a.2.ao.4:0.05785;4.A.3.a.2.ao.8:0.05358;4.A.3.a.2.f.2:0.02817;4.A.3.a.2.f.3:0.06012;4.A.3.a.2.g.3:0.11822;4.A.3.a.2.i.8:0.02817;4.A.3.a.2.m.2:0.05471;4.A.3.a.2.o.4:0.02723;4.A.3.a.2.q.4:0.05572;4.A.3.a.3.f.2:0.05320;4.A.3.a.3.l.1:0.02723;4.A.3.b.4.f.3:0.07999
51-9111.00	Packaging and Filling Machine Operators and Tenders	包装灌装机操作员	2	20	4.A.1.a.2.a.10:0.05182;4.A.1.a.2.a.7:0.05147;4.A.1.b.1.a.4:0.05287;4.A.1.b.2.f.4:0.02363;4.A.1.b.3.a.11:0.01739;4.A.1.b.3.a.12:0.01739;4.A.2.a.2.b.5:0.04108;4.A.3.a.1.c.21:0.01696;4.A.3.a.1.f.8:0.02457;4.A.3.a.1.h.7:0.04669;4.A.3.a.2.an.3:0.10282;4.A.3.a.2.ap.2:0.24924;4.A.3.a.2.e.1:0.02334;4.A.3.a.2.f.1:0.04984;4.A.3.a.2.i.7:0.05065;4.A.3.a.2.m.9:0.04704;4.A.3.b.4.c.4:0.01696;4.A.3.b.5.a.17:0.01696;4.A.3.b.5.a.9:0.02597;4.A.3.b.6.h.3:0.02363;4.A.4.a.2.g.2:0.02597;4.A.4.c.3.a.5:0.02369
51-9123.00	Painting, Coating, and Decorating Workers	涂装与装饰工	2	9	4.A.1.a.1.b.11:0.10780;4.A.1.b.2.f.3:0.05878;4.A.2.b.1.j.5:0.05746;4.A.3.a.1.a.2:0.05746;4.A.3.a.1.c.21:0.05403;4.A.3.a.1.f.12:0.11307;4.A.3.a.1.h.5:0.20954;4.A.3.a.2.ag.6:0.12335;4.A.3.a.2.am.3:0.10569;4.A.3.a.3.f.2:0.05878;4.A.3.b.5.a.2:0.05403
51-9124.00	Coating, Painting, and Spraying Machine Setters, Operators, and Tenders	涂覆喷涂机操作员	2	29	4.A.1.a.2.a.10:0.01804;4.A.1.a.2.a.5:0.03323;4.A.1.b.2.f.3:0.03415;4.A.1.b.3.a.10:0.03516;4.A.1.b.3.a.11:0.01615;4.A.1.b.3.a.12:0.01615;4.A.3.a.1.a.2:0.03448;4.A.3.a.1.c.21:0.03592;4.A.3.a.1.c.5:0.01792;4.A.3.a.1.e.7:0.03718;4.A.3.a.1.f.10:0.03600;4.A.3.a.1.g.2:0.05172;4.A.3.a.2.a.8:0.03256;4.A.3.a.2.ag.6:0.15301;4.A.3.a.2.ah.8:0.01703;4.A.3.a.2.am.3:0.01724;4.A.3.a.2.an.3:0.03424;4.A.3.a.2.f.1:0.03584;4.A.3.a.2.f.2:0.03710;4.A.3.a.2.i.3:0.02836;4.A.3.a.2.i.7:0.04581;4.A.3.a.2.o.4:0.03155;4.A.3.a.2.o.5:0.01724;4.A.3.a.2.s.2:0.01800;4.A.3.a.3.f.2:0.09852;4.A.3.a.3.h.3:0.03348;4.A.3.b.6.h.3:0.03390
51-9141.00	Semiconductor Processing Technicians	半导体加工技师	2	17	4.A.1.a.1.b.11:0.03088;4.A.1.a.1.b.4:0.03088;4.A.1.a.2.a.10:0.05836;4.A.1.b.2.f.4:0.01886;4.A.1.b.2.g.15:0.01891;4.A.1.b.3.a.11:0.01886;4.A.1.b.3.a.12:0.06272;4.A.2.a.2.b.5:0.01886;4.A.2.b.1.b.3:0.01891;4.A.2.b.1.h.4:0.05618;4.A.3.a.1.f.10:0.03020;4.A.3.a.1.f.12:0.05768;4.A.3.a.1.h.5:0.09163;4.A.3.a.1.j.11:0.03020;4.A.3.a.2.d.4:0.14160;4.A.3.a.2.f.3:0.03047;4.A.3.a.2.l.4:0.05631;4.A.3.a.2.y.1:0.06109;4.A.3.b.1.a.1:0.05713;4.A.3.b.5.a.2:0.03013;4.A.3.b.6.h.3:0.06122;4.A.4.a.2.g.2:0.01891
51-9151.00	Photographic Process Workers and Processing Machine Operators	摄影处理工与处理机操作员	2	27	4.A.1.a.1.b.11:0.01917;4.A.1.a.1.b.4:0.01917;4.A.1.a.2.a.7:0.03575;4.A.1.b.2.f.16:0.15107;4.A.1.b.3.a.10:0.01973;4.A.3.a.1.a.8:0.01973;4.A.3.a.1.c.21:0.01806;4.A.3.a.1.f.10:0.07679;4.A.3.a.2.as.4:0.02751;4.A.3.a.2.f.3:0.01431;4.A.3.a.2.f.6:0.03464;4.A.3.a.2.l.4:0.01431;4.A.3.a.2.m.2:0.03742;4.A.3.a.3.f.10:0.22925;4.A.3.b.1.f.1:0.11597;4.A.3.b.1.f.2:0.07938;4.A.3.b.5.a.2:0.01806;4.A.3.b.6.h.3:0.03325;4.A.4.c.1.e.2:0.03640
51-9161.00	Computer Numerically Controlled Tool Operators	数控机床操作员	2	27	4.A.1.a.1.b.6:0.04005;4.A.1.a.2.a.4:0.03866;4.A.1.a.2.a.5:0.03823;4.A.1.a.2.a.7:0.03953;4.A.1.b.2.l.3:0.02624;4.A.1.b.3.a.12:0.04136;4.A.2.b.1.h.4:0.03944;4.A.3.a.1.c.21:0.03319;4.A.3.a.1.f.10:0.01512;4.A.3.a.1.f.8:0.03406;4.A.3.a.2.an.3:0.03962;4.A.3.a.2.ao.8:0.01512;4.A.3.a.2.at.8:0.01341;4.A.3.a.2.f.2:0.01341;4.A.3.a.2.f.3:0.01341;4.A.3.a.2.i.12:0.03397;4.A.3.a.2.i.3:0.01277;4.A.3.a.2.i.8:0.01277;4.A.3.a.2.s.4:0.03207;4.A.3.a.3.h.2:0.03640;4.A.3.b.1.a.1:0.16920;4.A.3.b.1.a.2:0.16972;4.A.3.b.4.c.1:0.04485;4.A.3.b.5.a.2:0.01266;4.A.4.b.1.a.1:0.03475
51-9162.00	Computer Numerically Controlled Tool Programmers	数控机床编程员	2	16	4.A.1.a.1.b.6:0.06963;4.A.1.b.2.f.17:0.02553;4.A.1.b.2.l.8:0.06854;4.A.1.b.3.a.2:0.03380;4.A.2.a.2.a.2:0.05948;4.A.2.b.1.d.9:0.06940;4.A.2.b.1.j.6:0.03560;4.A.2.b.2.o.10:0.05902;4.A.2.b.6.b.9:0.05964;4.A.3.a.2.ao.1:0.02553;4.A.3.b.1.a.1:0.12756;4.A.3.b.1.a.2:0.25230;4.A.3.b.4.a.2:0.05839;4.A.4.c.3.e.1:0.02779;4.A.4.c.3.e.6:0.02779
51-9191.00	Adhesive Bonding Machine Operators and Tenders	粘合机操作员	2	16	4.A.1.a.1.b.4:0.02138;4.A.1.a.1.b.6:0.02138;4.A.1.a.2.a.11:0.06191;4.A.1.a.2.a.7:0.03354;4.A.1.b.2.l.8:0.06516;4.A.1.b.3.a.10:0.02246;4.A.1.b.3.a.12:0.06427;4.A.3.a.1.a.8:0.02246;4.A.3.a.1.c.21:0.03014;4.A.3.a.1.f.10:0.09663;4.A.3.a.1.f.8:0.03132;4.A.3.a.1.j.11:0.02844;4.A.3.a.2.an.3:0.03132;4.A.3.a.2.ao.4:0.06782;4.A.3.a.2.f.3:0.03073;4.A.3.a.2.i.3:0.10047;4.A.3.a.2.i.7:0.03324;4.A.3.a.3.h.1:0.02844;4.A.3.b.5.a.2:0.03014;4.A.3.b.5.a.9:0.06191;4.A.3.b.6.h.3:0.06191;4.A.4.a.2.c.20:0.02138;4.A.4.a.2.g.2:0.03354
51-9192.00	Cleaning, Washing, and Metal Pickling Equipment Operators and Tenders	清洗酸洗设备操作员	2	11	4.A.1.a.2.a.11:0.09479;4.A.1.b.2.c.5:0.04671;4.A.1.b.2.g.15:0.08745;4.A.1.b.3.a.10:0.04166;4.A.3.a.1.a.8:0.04166;4.A.3.a.1.c.21:0.13737;4.A.3.a.1.f.10:0.04349;4.A.3.a.2.ag.8:0.09754;4.A.3.a.2.an.3:0.04349;4.A.3.a.2.b.3:0.04671;4.A.3.a.2.i.7:0.04694;4.A.3.a.3.b.1:0.04694;4.A.3.a.3.f.13:0.09066;4.A.3.b.5.a.17:0.04648;4.A.3.b.6.h.3:0.08813
51-9193.00	Cooling and Freezing Equipment Operators and Tenders	冷却冷冻设备操作员	2	18	4.A.1.a.2.a.11:0.06104;4.A.1.a.2.a.5:0.03016;4.A.1.b.2.c.5:0.02752;4.A.1.b.3.a.10:0.03016;4.A.1.b.3.a.11:0.02859;4.A.3.a.1.a.8:0.04678;4.A.3.a.1.c.21:0.04991;4.A.3.a.1.c.8:0.05633;4.A.3.a.1.f.10:0.08521;4.A.3.a.2.at.8:0.02695;4.A.3.a.2.b.3:0.02752;4.A.3.a.2.d.6:0.02695;4.A.3.a.2.f.2:0.05148;4.A.3.a.2.i.12:0.04963;4.A.3.a.2.i.3:0.07858;4.A.3.a.2.i.5:0.05990;4.A.3.a.2.i.7:0.01982;4.A.3.a.2.v.9:0.05020;4.A.3.a.3.b.1:0.01982;4.A.3.a.3.f.8:0.05434;4.A.3.b.5.a.9:0.02852;4.A.3.b.6.h.3:0.06204;4.A.4.a.2.g.2:0.02852
51-9194.00	Etchers and Engravers	蚀刻与雕刻工	2	26	4.A.1.a.1.b.11:0.04099;4.A.1.b.2.f.16:0.03868;4.A.1.b.2.f.3:0.08161;4.A.1.b.3.a.1:0.01999;4.A.1.b.3.a.2:0.01999;4.A.2.b.1.d.9:0.03804;4.A.2.b.2.k.1:0.04136;4.A.3.a.1.a.8:0.04145;4.A.3.a.1.h.5:0.05844;4.A.3.a.2.ag.6:0.08465;4.A.3.a.2.am.3:0.03205;4.A.3.a.2.an.3:0.03758;4.A.3.a.2.ao.8:0.03343;4.A.3.a.2.f.2:0.05545;4.A.3.a.2.f.3:0.03859;4.A.3.a.2.i.8:0.07958;4.A.3.a.2.l.2:0.01930;4.A.3.a.2.l.4:0.01391;4.A.3.a.2.m.2:0.01930;4.A.3.a.2.o.4:0.03247;4.A.3.a.2.y.1:0.11440;4.A.3.a.3.f.11:0.03951;4.A.3.a.3.l.2:0.01925
51-9195.00	Molders, Shapers, and Casters, Except Metal and Plastic	成型铸造工	2	24	4.A.1.a.1.b.4:0.04456;4.A.1.b.3.a.1:0.02048;4.A.1.b.3.a.10:0.02027;4.A.1.b.3.a.12:0.03923;4.A.2.b.1.j.6:0.04217;4.A.3.a.1.a.8:0.02027;4.A.3.a.1.f.12:0.02136;4.A.3.a.1.f.4:0.04167;4.A.3.a.1.f.8:0.02136;4.A.3.a.1.h.5:0.02179;4.A.3.a.2.ad.3:0.01863;4.A.3.a.2.aj.3:0.08525;4.A.3.a.2.aj.8:0.02125;4.A.3.a.2.am.3:0.04206;4.A.3.a.2.an.1:0.04380;4.A.3.a.2.an.2:0.08499;4.A.3.a.2.ao.4:0.02125;4.A.3.a.2.i.7:0.06401;4.A.3.a.2.l.2:0.08205;4.A.3.a.2.l.4:0.03912;4.A.3.a.2.o.5:0.04064;4.A.3.a.2.v.1:0.03596;4.A.3.a.2.y.1:0.04380;4.A.3.a.3.f.7:0.02119;4.A.3.b.4.b.2:0.04108;4.A.3.b.5.a.12:0.02179
51-9195.03	Stone Cutters and Carvers, Manufacturing	石材切割雕刻工	2	14	4.A.1.a.1.b.11:0.06289;4.A.1.b.2.f.3:0.07635;4.A.1.b.3.a.12:0.07812;4.A.2.b.1.j.6:0.06590;4.A.3.a.1.f.10:0.08485;4.A.3.a.2.ab.1:0.03676;4.A.3.a.2.ad.3:0.03702;4.A.3.a.2.ao.8:0.07564;4.A.3.a.2.l.2:0.03924;4.A.3.a.2.l.4:0.06590;4.A.3.a.2.o.4:0.05261;4.A.3.a.2.s.4:0.03676;4.A.3.a.2.y.1:0.28795
51-9195.04	Glass Blowers, Molders, Benders, and Finishers	玻璃吹制成型加工工	2	19	4.A.1.b.3.a.11:0.02879;4.A.1.b.3.a.12:0.02879;4.A.2.b.1.j.5:0.05613;4.A.2.b.2.o.10:0.05678;4.A.2.b.2.t.4:0.05455;4.A.3.a.1.f.4:0.04903;4.A.3.a.2.ah.7:0.02346;4.A.3.a.2.an.1:0.04522;4.A.3.a.2.ao.8:0.04508;4.A.3.a.2.f.3:0.04929;4.A.3.a.2.g.3:0.14426;4.A.3.a.2.i.7:0.04443;4.A.3.a.2.l.10:0.02465;4.A.3.a.2.l.2:0.02465;4.A.3.a.2.l.4:0.05783;4.A.3.a.2.m.5:0.08616;4.A.3.a.3.f.7:0.02504;4.A.3.a.3.l.1:0.02629;4.A.3.b.4.c.1:0.02353;4.A.3.b.4.c.4:0.02353;4.A.3.b.5.a.2:0.02629;4.A.3.b.6.h.3:0.05626
51-9195.05	Potters, Manufacturing	陶瓷制作工	3	23	4.A.1.a.2.a.5:0.04819;4.A.1.b.2.l.8:0.03926;4.A.1.b.3.a.12:0.08630;4.A.2.b.2.t.4:0.03780;4.A.2.b.2.t.5:0.04331;4.A.3.a.1.a.2:0.02404;4.A.3.a.2.ab.2:0.06974;4.A.3.a.2.ag.6:0.02404;4.A.3.a.2.an.3:0.04725;4.A.3.a.2.ap.6:0.02243;4.A.3.a.2.f.4:0.04362;4.A.3.a.2.f.6:0.04767;4.A.3.a.2.g.2:0.09399;4.A.3.a.2.i.5:0.04798;4.A.3.a.2.i.8:0.03905;4.A.3.a.2.o.3:0.04424;4.A.3.a.3.f.7:0.08994;4.A.3.a.3.f.8:0.04092;4.A.4.a.4.a.5:0.02342;4.A.4.b.3.b.2:0.02285;4.A.4.c.1.e.3:0.02243;4.A.4.c.3.a.5:0.02077;4.A.4.c.3.e.1:0.02077
51-9196.00	Paper Goods Machine Setters, Operators, and Tenders	纸制品加工机操作员	2	14	4.A.1.a.2.a.7:0.14787;4.A.1.b.1.a.4:0.06712;4.A.1.b.2.f.8:0.03969;4.A.3.a.1.f.10:0.17300;4.A.3.a.1.f.8:0.03348;4.A.3.a.2.an.3:0.03348;4.A.3.a.2.at.5:0.07155;4.A.3.a.2.f.1:0.03688;4.A.3.a.2.f.2:0.10937;4.A.3.a.2.i.5:0.03969;4.A.3.a.2.i.7:0.07104;4.A.3.a.2.i.8:0.03458;4.A.3.a.2.l.4:0.07411;4.A.3.a.2.s.2:0.06814
51-9197.00	Tire Builders	轮胎制造工	2	20	4.A.1.b.2.f.11:0.05164;4.A.1.b.3.a.4:0.05141;4.A.3.a.1.f.10:0.04504;4.A.3.a.1.h.5:0.02428;4.A.3.a.2.ag.6:0.02428;4.A.3.a.2.ag.8:0.09929;4.A.3.a.2.aj.6:0.30403;4.A.3.a.2.am.3:0.04993;4.A.3.a.2.ao.4:0.06517;4.A.3.a.2.f.2:0.04970;4.A.3.a.2.f.3:0.05516;4.A.3.a.2.l.2:0.05084;4.A.3.a.2.l.4:0.07552;4.A.3.a.2.o.6:0.05369
51-9198.00	Helpers--Production Workers	生产工人助理	2	34	4.A.1.a.2.a.7:0.01686;4.A.1.b.1.a.4:0.03388;4.A.1.b.2.f.4:0.03356;4.A.1.b.2.f.6:0.03325;4.A.1.b.3.a.11:0.03030;4.A.2.a.2.b.5:0.04409;4.A.3.a.1.a.3:0.01248;4.A.3.a.1.a.8:0.02312;4.A.3.a.1.c.21:0.03803;4.A.3.a.1.c.5:0.02531;4.A.3.a.1.f.10:0.04676;4.A.3.a.1.g.4:0.01248;4.A.3.a.1.h.5:0.01028;4.A.3.a.1.j.11:0.03022;4.A.3.a.2.ah.5:0.01084;4.A.3.a.2.ah.6:0.01084;4.A.3.a.2.an.3:0.05995;4.A.3.a.2.ap.2:0.06115;4.A.3.a.2.d.12:0.00850;4.A.3.a.2.d.5:0.00850;4.A.3.a.2.f.2:0.02790;4.A.3.a.2.i.13:0.03046;4.A.3.a.2.l.2:0.02591;4.A.3.a.2.m.9:0.07287;4.A.3.a.3.f.13:0.06378;4.A.3.a.3.h.2:0.07379;4.A.3.b.4.c.1:0.02170;4.A.3.b.4.c.4:0.01319;4.A.3.b.5.a.17:0.01272;4.A.3.b.6.h.3:0.06211;4.A.4.a.2.g.2:0.01686;4.A.4.b.1.b.2:0.02830
53-1041.00	Aircraft Cargo Handling Supervisors	航空货物装卸主管	2	6	4.A.1.b.2.e.6:0.15339;4.A.1.b.3.a.8:0.35013;4.A.3.a.1.f.1:0.16117;4.A.4.b.3.d.2:0.16710;4.A.4.b.4.j.31:0.16821
53-1042.00	First-Line Supervisors of Helpers, Laborers, and Material Movers, Hand	搬运装卸人员一线主管	2	24	4.A.1.a.2.b.12:0.04579;4.A.1.a.2.g.13:0.04663;4.A.1.b.2.e.11:0.03828;4.A.1.b.2.g.7:0.04287;4.A.2.a.1.d.6:0.03839;4.A.2.a.2.a.2:0.04037;4.A.2.b.1.h.1:0.04099;4.A.2.b.5.b.7:0.06285;4.A.2.b.6.b.3:0.05972;4.A.2.b.6.b.9:0.04569;4.A.3.a.1.g.7:0.04026;4.A.3.b.6.h.3:0.04245;4.A.4.a.1.b.4:0.02097;4.A.4.a.2.c.4:0.04068;4.A.4.a.2.g.7:0.04297;4.A.4.a.3.c.12:0.03985;4.A.4.a.7.c.3:0.08616;4.A.4.b.2.a.5:0.04078;4.A.4.b.3.d.19:0.04068;4.A.4.b.4.j.31:0.02097;4.A.4.b.6.e.3:0.08105;4.A.4.c.3.e.8:0.04162
53-1042.01	Recycling Coordinators	回收协调员	2	23	4.A.1.a.1.b.3:0.04467;4.A.1.a.1.c.3:0.03861;4.A.1.b.2.e.11:0.04669;4.A.2.b.2.v.1:0.09492;4.A.2.b.5.b.7:0.08494;4.A.2.b.6.a.3:0.14101;4.A.2.b.6.b.3:0.04775;4.A.3.a.3.f.4:0.04478;4.A.3.a.4.a.6:0.04407;4.A.3.b.6.h.1:0.09539;4.A.4.a.1.b.4:0.03813;4.A.4.a.7.b.4:0.04597;4.A.4.b.3.d.19:0.04300;4.A.4.b.4.j.30:0.09349;4.A.4.b.4.j.31:0.09658
53-1043.00	First-Line Supervisors of Material-Moving Machine and Vehicle Operators	物料搬运机械车辆操作人员一线主管	3	22	4.A.1.a.1.b.10:0.04538;4.A.1.a.2.g.13:0.04388;4.A.1.b.2.c.1:0.01501;4.A.1.b.2.d.1:0.01501;4.A.1.b.2.e.11:0.01501;4.A.1.b.3.a.14:0.02298;4.A.1.b.3.a.4:0.02298;4.A.2.a.2.a.2:0.02246;4.A.2.b.1.h.5:0.04342;4.A.2.b.5.b.1:0.04545;4.A.2.b.5.b.2:0.02223;4.A.2.b.6.b.3:0.04688;4.A.3.a.1.f.1:0.04545;4.A.3.a.4.a.6:0.04527;4.A.3.b.4.e.2:0.02223;4.A.3.b.6.h.3:0.04446;4.A.3.b.6.o.3:0.02200;4.A.4.a.1.b.4:0.09364;4.A.4.a.7.c.3:0.04734;4.A.4.a.7.c.4:0.04699;4.A.4.b.4.j.30:0.02273;4.A.4.b.4.j.31:0.07467;4.A.4.b.4.k.1:0.04388;4.A.4.b.6.e.3:0.08581;4.A.4.c.3.e.8:0.04481
53-1044.00	First-Line Supervisors of Passenger Attendants	乘务人员一线主管	3	19	4.A.1.b.2.e.3:0.05599;4.A.1.b.2.e.7:0.02668;4.A.1.b.2.g.18:0.02668;4.A.2.a.1.d.4:0.10244;4.A.2.b.1.h.5:0.05335;4.A.2.b.3.a.16:0.04883;4.A.2.b.3.a.17:0.05185;4.A.3.b.6.o.1:0.05084;4.A.4.a.1.b.4:0.13093;4.A.4.a.7.c.4:0.05084;4.A.4.a.8.c.5:0.10695;4.A.4.b.2.a.5:0.02599;4.A.4.b.3.d.20:0.02799;4.A.4.b.4.a.4:0.05536;4.A.4.b.4.j.31:0.05938;4.A.4.b.6.e.3:0.02599;4.A.4.c.2.b.1:0.05385;4.A.4.c.3.e.1:0.04607
53-2011.00	Airline Pilots, Copilots, and Flight Engineers	航空公司机长副驾驶与随机工程师	4	24	4.A.1.a.2.a.13:0.04572;4.A.1.a.2.a.3:0.04591;4.A.1.a.2.g.13:0.04474;4.A.1.b.2.d.5:0.04688;4.A.1.b.2.l.4:0.04037;4.A.2.a.1.d.6:0.03716;4.A.2.b.1.d.12:0.03861;4.A.2.b.5.b.2:0.01955;4.A.2.b.6.b.4:0.01498;4.A.3.a.4.a.11:0.18841;4.A.3.b.4.e.4:0.01955;4.A.3.b.6.h.19:0.05116;4.A.4.a.2.c.4:0.04114;4.A.4.a.2.c.6:0.12946;4.A.4.a.2.g.5:0.01576;4.A.4.a.2.g.7:0.01576;4.A.4.a.3.c.12:0.03103;4.A.4.a.5.e.3:0.01576;4.A.4.a.7.c.4:0.04134;4.A.4.b.3.d.19:0.03618;4.A.4.b.4.g.2:0.08054
53-2012.00	Commercial Pilots	商业飞行员	3	24	4.A.1.a.1.b.10:0.04319;4.A.1.a.2.a.3:0.04555;4.A.1.a.2.b.14:0.04376;4.A.1.b.2.d.5:0.04697;4.A.1.b.2.l.4:0.04149;4.A.2.a.1.d.6:0.03582;4.A.2.b.1.d.12:0.08789;4.A.2.b.5.b.2:0.01966;4.A.2.b.6.b.4:0.06148;4.A.3.a.4.a.11:0.13694;4.A.3.b.4.e.2:0.01966;4.A.3.b.6.h.19:0.05836;4.A.4.a.2.c.6:0.12135;4.A.4.a.5.e.4:0.03979;4.A.4.a.7.c.4:0.04546;4.A.4.b.3.d.19:0.07324;4.A.4.b.4.g.2:0.04036;4.A.4.b.4.j.30:0.03903
53-2021.00	Air Traffic Controllers	空中交通管制员	3	23	4.A.1.a.2.b.7:0.09500;4.A.1.a.2.g.11:0.02243;4.A.2.a.2.c.1:0.04228;4.A.2.a.3.a.4:0.01470;4.A.2.b.1.d.12:0.03772;4.A.2.b.6.b.4:0.04307;4.A.2.b.6.b.5:0.04604;4.A.3.a.2.r.1:0.11663;4.A.3.a.3.j.1:0.03832;4.A.3.b.6.h.19:0.04540;4.A.4.a.2.c.4:0.03891;4.A.4.a.2.c.6:0.17960;4.A.4.a.2.g.7:0.09743;4.A.4.a.5.e.3:0.04683;4.A.4.b.3.d.19:0.04386;4.A.4.b.4.g.2:0.04733;4.A.4.b.4.k.1:0.04446
53-2022.00	Airfield Operations Specialists	机场场务专员	3	27	4.A.1.a.1.b.10:0.02527;4.A.1.a.2.b.7:0.03826;4.A.1.b.2.e.13:0.02165;4.A.1.b.2.e.2:0.02165;4.A.1.b.2.e.3:0.02229;4.A.1.b.2.e.7:0.02229;4.A.2.b.6.b.3:0.03872;4.A.2.b.6.b.4:0.11131;4.A.3.a.1.c.23:0.01419;4.A.3.a.4.a.11:0.03826;4.A.3.b.4.a.1:0.04238;4.A.3.b.6.h.19:0.06774;4.A.4.a.2.c.3:0.01419;4.A.4.a.2.c.4:0.03314;4.A.4.a.2.c.6:0.24780;4.A.4.a.5.e.4:0.04312;4.A.4.b.3.d.19:0.03790;4.A.4.b.4.g.2:0.14564;4.A.4.b.4.j.37:0.01419
53-2031.00	Flight Attendants	空乘人员	2	25	4.A.1.a.2.f.2:0.01568;4.A.1.a.2.f.6:0.06262;4.A.1.a.2.g.7:0.01568;4.A.1.b.2.d.5:0.04823;4.A.1.b.2.e.11:0.01905;4.A.2.a.2.a.2:0.03384;4.A.3.a.1.c.24:0.01905;4.A.3.a.3.j.1:0.03632;4.A.3.b.6.h.19:0.03979;4.A.4.a.2.c.19:0.04257;4.A.4.a.3.c.12:0.18949;4.A.4.a.5.e.4:0.04654;4.A.4.a.5.g.1:0.04605;4.A.4.a.5.j.3:0.11422;4.A.4.a.5.j.6:0.09194;4.A.4.a.6.b.5:0.02898;4.A.4.a.7.c.4:0.04267;4.A.4.c.3.d.2:0.03533;4.A.4.c.3.g.1:0.07195
53-3011.00	Ambulance Drivers and Attendants, Except Emergency Medical Technicians	救护车司机与随车人员	2	11	4.A.2.b.3.a.16:0.09590;4.A.3.a.1.c.24:0.17520;4.A.3.a.2.ak.2:0.09672;4.A.3.a.4.a.14:0.09529;4.A.3.b.4.e.2:0.07889;4.A.4.a.2.g.7:0.09139;4.A.4.a.5.g.1:0.28852;4.A.4.a.5.k.2:0.07807
53-3031.00	Driver/Sales Workers	送货销售员	2	11	4.A.1.a.1.b.3:0.04111;4.A.3.a.1.c.14:0.04650;4.A.3.a.1.f.1:0.04111;4.A.3.a.4.a.6:0.10119;4.A.3.b.4.e.2:0.04650;4.A.3.b.6.h.1:0.04732;4.A.3.b.6.j.1:0.18002;4.A.4.a.3.c.12:0.09510;4.A.4.a.6.b.5:0.16514;4.A.4.a.7.c.4:0.09346;4.A.4.c.3.d.2:0.04650;4.A.4.c.3.d.3:0.09604
53-3032.00	Heavy and Tractor-Trailer Truck Drivers	重型及拖挂卡车司机	2	29	4.A.1.a.1.b.10:0.05402;4.A.1.a.1.b.2:0.03496;4.A.1.a.2.b.14:0.03670;4.A.1.b.2.d.1:0.03663;4.A.1.b.2.e.4:0.03472;4.A.1.b.2.e.6:0.03257;4.A.2.a.2.a.2:0.01780;4.A.2.a.3.a.4:0.03678;4.A.2.b.1.d.12:0.01641;4.A.2.b.6.b.5:0.01641;4.A.3.a.1.e.9:0.02987;4.A.3.a.1.f.1:0.03329;4.A.3.a.1.f.9:0.05267;4.A.3.a.2.ah.9:0.03591;4.A.3.a.2.ap.5:0.01565;4.A.3.a.2.d.1:0.03257;4.A.3.a.3.g.4:0.03051;4.A.3.a.3.j.1:0.03424;4.A.3.a.4.a.4:0.03702;4.A.3.a.4.a.6:0.14197;4.A.3.b.4.e.2:0.06737;4.A.3.b.6.h.22:0.01815;4.A.3.b.6.h.3:0.01815;4.A.4.a.2.g.5:0.01807;4.A.4.a.2.g.7:0.01807;4.A.4.b.4.j.31:0.02892;4.A.4.c.3.d.2:0.03655;4.A.4.c.3.e.8:0.03400
53-3033.00	Light Truck Drivers	轻型卡车司机	2	13	4.A.1.a.1.b.2:0.04099;4.A.1.b.2.d.1:0.04117;4.A.2.a.2.a.2:0.08303;4.A.3.a.1.f.1:0.08006;4.A.3.a.4.a.4:0.08425;4.A.3.a.4.a.6:0.07064;4.A.3.b.4.e.2:0.10379;4.A.3.b.5.a.16:0.06960;4.A.3.b.6.h.1:0.07692;4.A.4.a.2.c.19:0.04099;4.A.4.a.2.g.5:0.08355;4.A.4.a.2.g.7:0.06506;4.A.4.c.1.c.6:0.08146;4.A.4.c.3.d.2:0.07849
53-3051.00	Bus Drivers, School	校车司机	2	17	4.A.1.a.1.b.2:0.02751;4.A.1.a.2.f.7:0.02556;4.A.1.b.2.d.1:0.06413;4.A.2.b.3.a.16:0.05815;4.A.3.a.1.c.24:0.05516;4.A.3.a.1.k.5:0.05971;4.A.3.a.4.a.14:0.12346;4.A.3.a.4.a.4:0.12905;4.A.3.b.4.e.2:0.05529;4.A.3.b.6.h.19:0.08579;4.A.3.b.6.h.3:0.02790;4.A.4.a.2.c.19:0.02751;4.A.4.a.2.g.5:0.06335;4.A.4.a.2.g.7:0.08163;4.A.4.a.5.j.1:0.06205;4.A.4.a.5.j.3:0.05373
53-3052.00	Bus Drivers, Transit and Intercity	公交与城际客车司机	2	14	4.A.1.a.1.b.2:0.07018;4.A.1.b.2.d.1:0.03811;4.A.1.b.3.a.17:0.03811;4.A.3.a.1.c.24:0.06632;4.A.3.a.1.f.1:0.06195;4.A.3.a.4.a.14:0.11568;4.A.3.a.4.a.4:0.03946;4.A.3.b.6.h.3:0.03434;4.A.3.b.6.j.1:0.03434;4.A.4.a.2.g.7:0.07102;4.A.4.a.3.c.12:0.14456;4.A.4.a.3.c.8:0.03778;4.A.4.a.5.e.4:0.07102;4.A.4.a.5.j.3:0.06917;4.A.4.a.5.j.6:0.03643;4.A.4.c.3.d.2:0.07152
53-3053.00	Shuttle Drivers and Chauffeurs	班车司机与专职司机	2	26	4.A.1.a.1.b.2:0.01869;4.A.1.b.2.d.1:0.08466;4.A.2.b.3.a.16:0.03685;4.A.2.b.5.b.7:0.03878;4.A.3.a.1.c.24:0.04909;4.A.3.a.1.j.4:0.03185;4.A.3.a.4.a.14:0.12371;4.A.3.a.4.a.4:0.08405;4.A.3.b.4.e.2:0.05760;4.A.3.b.6.h.19:0.07501;4.A.3.b.6.o.3:0.03808;4.A.4.a.2.c.19:0.01869;4.A.4.a.2.c.6:0.04018;4.A.4.a.2.g.5:0.08221;4.A.4.a.2.g.7:0.03860;4.A.4.a.3.c.12:0.03053;4.A.4.a.5.j.2:0.04001;4.A.4.a.5.j.3:0.03676;4.A.4.a.5.j.6:0.04036;4.A.4.c.3.d.2:0.03430
53-3054.00	Taxi Drivers	出租车司机	2	16	4.A.1.b.2.d.1:0.06250;4.A.2.b.1.a.7:0.06250;4.A.3.a.1.c.24:0.09375;4.A.3.a.4.a.14:0.12500;4.A.3.a.4.a.4:0.06250;4.A.3.b.4.e.2:0.09375;4.A.3.b.6.o.3:0.06250;4.A.4.a.2.c.19:0.06250;4.A.4.a.2.c.6:0.06250;4.A.4.a.2.g.5:0.06250;4.A.4.a.3.c.12:0.12500;4.A.4.a.5.j.6:0.06250;4.A.4.c.3.d.2:0.06250
53-4011.00	Locomotive Engineers	机车司机	2	15	4.A.1.a.2.a.13:0.07470;4.A.1.a.2.b.12:0.06176;4.A.1.a.2.b.3:0.06792;4.A.1.a.2.g.11:0.07223;4.A.1.b.2.d.4:0.06792;4.A.3.a.4.a.12:0.02218;4.A.3.a.4.a.13:0.10635;4.A.3.a.4.a.3:0.02218;4.A.3.b.6.o.3:0.05791;4.A.4.a.2.c.19:0.11143;4.A.4.a.2.c.6:0.07177;4.A.4.a.5.e.3:0.06838;4.A.4.b.1.b.1:0.06592;4.A.4.c.3.g.1:0.12937
53-4013.00	Rail Yard Engineers, Dinkey Operators, and Hostlers	调车场机车操作员	2	23	4.A.1.a.1.b.10:0.02233;4.A.1.a.2.b.7:0.04333;4.A.1.a.2.d.1:0.04788;4.A.1.b.2.d.4:0.13928;4.A.1.b.3.a.17:0.04622;4.A.3.a.1.n.1:0.04291;4.A.3.a.2.ah.1:0.02311;4.A.3.a.2.ah.9:0.02311;4.A.3.a.2.v.10:0.07848;4.A.3.a.4.a.13:0.17092;4.A.3.a.4.a.8:0.04291;4.A.3.b.4.e.4:0.07755;4.A.3.b.6.h.22:0.01985;4.A.3.b.6.h.3:0.01985;4.A.4.a.2.c.19:0.06680;4.A.4.a.2.c.6:0.08862;4.A.4.b.1.b.1:0.04684
53-4022.00	Railroad Brake, Signal, and Switch Operators and Locomotive Firers	铁路制动信号道岔操作员	2	25	4.A.1.a.2.a.13:0.02098;4.A.1.a.2.a.3:0.02098;4.A.1.a.2.a.6:0.04049;4.A.1.a.2.d.1:0.04251;4.A.1.a.2.g.11:0.03903;4.A.1.b.2.d.4:0.10499;4.A.1.b.2.l.7:0.04086;4.A.2.b.5.b.2:0.01951;4.A.3.a.1.n.1:0.04077;4.A.3.a.2.ah.1:0.03692;4.A.3.a.2.d.1:0.04196;4.A.3.a.4.a.13:0.15117;4.A.3.a.4.a.8:0.04187;4.A.3.b.4.e.4:0.07549;4.A.3.b.6.h.22:0.01782;4.A.3.b.6.h.3:0.01782;4.A.4.a.2.c.19:0.04013;4.A.4.b.1.b.1:0.16564;4.A.4.c.3.g.1:0.04104
53-4031.00	Railroad Conductors and Yardmasters	列车长与调车场主管	2	20	4.A.1.a.1.b.10:0.10457;4.A.1.a.2.b.7:0.05687;4.A.1.b.2.d.4:0.07553;4.A.2.a.2.a.2:0.04400;4.A.2.b.5.b.2:0.05222;4.A.3.a.4.a.8:0.05020;4.A.3.b.6.h.19:0.08322;4.A.3.b.6.h.3:0.02748;4.A.3.b.6.o.3:0.04328;4.A.4.a.2.c.19:0.10516;4.A.4.a.2.c.6:0.04781;4.A.4.b.1.b.1:0.05389;4.A.4.b.4.j.21:0.04972;4.A.4.b.4.j.30:0.15810;4.A.4.b.4.k.1:0.04793
53-4041.00	Subway and Streetcar Operators	地铁与有轨电车司机	2	10	4.A.1.a.2.b.7:0.03579;4.A.1.a.2.d.1:0.03579;4.A.1.a.2.g.11:0.03579;4.A.2.b.3.a.16:0.09137;4.A.3.a.4.a.14:0.31354;4.A.3.b.6.h.19:0.04700;4.A.3.b.6.o.3:0.04700;4.A.4.a.2.g.5:0.05160;4.A.4.a.2.g.7:0.05160;4.A.4.a.3.c.12:0.19150;4.A.4.b.4.k.1:0.09904
53-5011.00	Sailors and Marine Oilers	水手与轮机加油工	2	24	4.A.1.a.2.a.13:0.02183;4.A.1.a.2.g.11:0.04815;4.A.1.b.2.g.18:0.04512;4.A.1.b.2.g.7:0.02318;4.A.1.b.3.a.17:0.03771;4.A.2.b.3.a.16:0.05062;4.A.3.a.1.c.1:0.10484;4.A.3.a.1.f.1:0.08654;4.A.3.a.2.ag.2:0.03513;4.A.3.a.2.ah.1:0.02183;4.A.3.a.2.at.2:0.04164;4.A.3.a.2.w.1:0.07279;4.A.3.a.3.b.3:0.02183;4.A.3.a.3.h.3:0.01317;4.A.3.a.4.a.1:0.04748;4.A.3.b.4.e.3:0.12587;4.A.3.b.4.e.6:0.05661;4.A.3.b.6.h.19:0.04187;4.A.3.b.6.h.3:0.02183;4.A.4.a.5.e.4:0.04838;4.A.4.b.4.j.21:0.03356
53-5021.00	Captains, Mates, and Pilots of Water Vessels	船长大副与引航员	3	30	4.A.1.a.1.b.2:0.03711;4.A.1.a.2.a.13:0.03511;4.A.1.a.2.a.5:0.03519;4.A.1.a.2.g.11:0.06845;4.A.1.a.2.g.13:0.03257;4.A.1.b.3.a.17:0.03365;4.A.2.a.4.a.2:0.03234;4.A.2.b.1.d.12:0.03841;4.A.2.b.3.a.16:0.03204;4.A.2.b.5.b.2:0.03142;4.A.3.a.3.j.1:0.03626;4.A.3.a.4.a.1:0.08996;4.A.3.b.4.e.3:0.03334;4.A.3.b.6.h.19:0.03265;4.A.4.a.1.b.4:0.03265;4.A.4.a.2.c.16:0.03334;4.A.4.a.2.g.7:0.03449;4.A.4.a.5.e.4:0.03419;4.A.4.b.1.b.1:0.05109;4.A.4.b.3.c.3:0.03333;4.A.4.b.4.j.21:0.03762;4.A.4.b.4.j.30:0.11275;4.A.4.b.4.j.31:0.01050;4.A.4.b.6.e.3:0.02458;4.A.4.c.3.e.8:0.02696
53-5022.00	Motorboat Operators	摩托艇驾驶员	2	16	4.A.1.b.3.a.17:0.05259;4.A.2.b.5.b.2:0.06214;4.A.3.a.1.c.1:0.02732;4.A.3.a.2.w.1:0.06802;4.A.3.a.4.a.1:0.16020;4.A.3.a.4.a.2:0.06772;4.A.3.a.4.a.4:0.03313;4.A.3.b.4.e.3:0.15558;4.A.3.b.5.a.16:0.05024;4.A.4.a.2.g.7:0.06435;4.A.4.b.4.j.30:0.16086;4.A.4.b.4.j.31:0.02968;4.A.4.b.4.k.1:0.06817
53-5031.00	Ship Engineers	船舶轮机员	3	17	4.A.1.a.2.a.3:0.09692;4.A.3.a.1.c.14:0.02844;4.A.3.a.1.c.9:0.02844;4.A.3.a.2.aa.3:0.04995;4.A.3.a.2.d.1:0.05742;4.A.3.a.3.b.3:0.06013;4.A.3.a.4.a.1:0.06353;4.A.3.b.4.e.3:0.18040;4.A.3.b.6.h.19:0.05470;4.A.3.b.6.h.3:0.08796;4.A.4.a.2.c.6:0.05375;4.A.4.a.2.g.5:0.03271;4.A.4.b.4.j.21:0.05172;4.A.4.b.4.k.1:0.06190;4.A.4.c.3.e.8:0.02715;4.A.4.c.3.g.1:0.06488
53-6011.00	Bridge and Lock Tenders	桥闸管理员	2	18	4.A.1.a.2.b.7:0.17441;4.A.1.a.2.d.1:0.02829;4.A.1.a.2.g.11:0.05974;4.A.2.b.5.b.2:0.02695;4.A.3.a.1.c.14:0.05548;4.A.3.a.1.c.9:0.04258;4.A.3.a.2.r.1:0.08821;4.A.3.a.2.w.1:0.04988;4.A.3.a.3.b.3:0.06083;4.A.3.a.4.a.8:0.17399;4.A.3.b.6.h.19:0.10950;4.A.3.b.6.o.3:0.04940;4.A.4.a.2.g.5:0.08073
53-6021.00	Parking Attendants	停车场服务员	2	15	4.A.1.a.2.g.11:0.06802;4.A.1.b.1.a.1:0.07409;4.A.1.b.2.d.1:0.07578;4.A.2.a.2.d.2:0.03477;4.A.2.a.2.d.3:0.03477;4.A.3.a.1.c.9:0.06414;4.A.3.a.1.j.4:0.05620;4.A.3.a.2.r.1:0.06397;4.A.3.a.4.a.14:0.06751;4.A.3.b.4.e.2:0.05738;4.A.4.a.2.g.3:0.02802;4.A.4.a.3.c.12:0.03350;4.A.4.a.5.j.3:0.21359;4.A.4.a.5.j.6:0.06059;4.A.4.c.3.d.2:0.06768
53-6031.00	Automotive and Watercraft Service Attendants	汽车船艇服务员	2	14	4.A.1.b.2.d.1:0.03434;4.A.1.b.3.a.17:0.03852;4.A.3.a.1.c.14:0.03752;4.A.3.a.1.c.24:0.07613;4.A.3.a.1.c.9:0.03752;4.A.3.a.2.d.1:0.03579;4.A.3.a.3.b.3:0.07195;4.A.3.b.4.e.2:0.21711;4.A.3.b.4.e.3:0.07104;4.A.3.b.6.j.1:0.14426;4.A.4.a.3.c.12:0.04270;4.A.4.a.6.b.5:0.03579;4.A.4.c.3.d.2:0.08448;4.A.4.c.3.e.8:0.07286
53-6032.00	Aircraft Service Attendants	航空器地面服务员	2	11	4.A.1.b.2.d.2:0.08373;4.A.3.a.1.c.6:0.04197;4.A.3.a.1.j.9:0.08394;4.A.3.a.1.n.1:0.08311;4.A.3.a.4.a.10:0.09865;4.A.3.b.4.a.3:0.04197;4.A.3.b.4.e.5:0.15223;4.A.3.b.5.a.13:0.13192;4.A.3.b.6.h.24:0.08953;4.A.4.a.2.c.6:0.14394;4.A.4.b.1.b.1:0.04902
53-6041.00	Traffic Technicians	交通技术员	3	22	4.A.1.a.1.b.10:0.04420;4.A.1.a.2.d.2:0.05892;4.A.1.a.2.g.11:0.04082;4.A.1.b.1.b.6:0.04934;4.A.2.a.2.c.1:0.04420;4.A.2.a.4.g.16:0.25551;4.A.2.b.2.o.1:0.05121;4.A.2.b.2.o.4:0.04257;4.A.2.b.5.b.2:0.04934;4.A.2.b.6.b.3:0.04408;4.A.3.a.2.ao.8:0.04633;4.A.3.a.2.i.5:0.02260;4.A.3.a.2.t.6:0.04458;4.A.3.b.5.b.3:0.02260;4.A.3.b.6.h.19:0.04596;4.A.4.a.3.b.8:0.04533;4.A.4.a.3.c.12:0.05021;4.A.4.b.4.a.2:0.04220
53-6051.00	Transportation Inspectors	交通运输检查员	4	17	4.A.1.a.1.b.10:0.05560;4.A.1.a.2.b.12:0.05876;4.A.1.a.2.b.14:0.12169;4.A.1.b.1.a.3:0.05862;4.A.1.b.2.e.6:0.05618;4.A.1.b.2.j.7:0.05882;4.A.1.b.3.a.17:0.11385;4.A.1.b.3.a.4:0.05790;4.A.1.b.3.a.8:0.05882;4.A.3.b.6.h.1:0.06480;4.A.3.b.6.h.3:0.06307;4.A.4.a.1.b.4:0.05934;4.A.4.a.2.c.6:0.05733;4.A.4.b.4.j.31:0.05689;4.A.4.b.6.e.12:0.05833
53-6051.01	Aviation Inspectors	航空检查员	3	13	4.A.1.a.1.u.3:0.08438;4.A.1.a.2.a.13:0.02484;4.A.1.b.2.d.5:0.34423;4.A.1.b.2.l.4:0.07110;4.A.2.a.1.d.6:0.07253;4.A.2.a.3.a.4:0.08259;4.A.3.a.4.a.11:0.02484;4.A.3.b.6.h.22:0.07989;4.A.4.b.6.e.12:0.13375;4.A.4.c.1.d.4:0.08187
53-6051.07	Transportation Vehicle, Equipment and Systems Inspectors, Except Aviation	交通车辆设备系统检查员	2	20	4.A.1.a.1.u.3:0.11186;4.A.1.a.1.v.3:0.01989;4.A.1.a.2.k.10:0.02045;4.A.1.b.2.c.4:0.01307;4.A.1.b.2.d.1:0.39272;4.A.1.b.2.l.2:0.01307;4.A.1.b.2.l.7:0.01307;4.A.2.a.1.g.2:0.01714;4.A.2.a.3.a.4:0.09479;4.A.2.a.4.j.4:0.02045;4.A.2.b.2.e.2:0.01425;4.A.3.a.1.e.2:0.01714;4.A.3.a.2.ah.9:0.05205;4.A.3.b.2.f.15:0.01425;4.A.3.b.2.f.17:0.01425;4.A.3.b.6.o.3:0.05092;4.A.4.a.7.b.11:0.01164;4.A.4.a.7.b.4:0.01164;4.A.4.a.7.c.4:0.01164;4.A.4.b.1.c.1:0.01164;4.A.4.b.6.e.12:0.05417;4.A.4.b.6.e.7:0.01989
53-6061.00	Passenger Attendants	乘务员	2	12	4.A.2.a.2.a.2:0.04189;4.A.3.a.4.a.4:0.08942;4.A.3.b.6.h.3:0.04189;4.A.4.a.1.b.4:0.08923;4.A.4.a.3.c.12:0.25998;4.A.4.a.5.j.3:0.14307;4.A.4.a.5.j.6:0.24605;4.A.4.b.1.b.1:0.08848
53-7011.00	Conveyor Operators and Tenders	传送带操作员	2	23	4.A.1.a.1.b.10:0.02191;4.A.1.a.2.a.13:0.02362;4.A.1.a.2.b.3:0.04642;4.A.1.b.1.a.3:0.04038;4.A.1.b.2.c.1:0.01954;4.A.1.b.2.g.7:0.02362;4.A.1.b.3.a.12:0.00909;4.A.1.b.3.a.14:0.02214;4.A.1.b.3.a.4:0.02214;4.A.1.b.3.a.6:0.00909;4.A.3.a.1.c.14:0.01472;4.A.3.a.1.c.9:0.01472;4.A.3.a.1.e.9:0.02493;4.A.3.a.1.f.2:0.04890;4.A.3.a.1.f.9:0.04665;4.A.3.a.1.j.4:0.05976;4.A.3.a.2.ah.1:0.01275;4.A.3.a.2.ah.9:0.01622;4.A.3.a.2.b.1:0.01954;4.A.3.a.2.d.1:0.02897;4.A.3.a.2.l.3:0.00909;4.A.3.a.2.v.10:0.04547;4.A.3.a.3.b.3:0.02546;4.A.3.a.3.f.13:0.04358;4.A.3.a.3.f.4:0.04665;4.A.3.a.3.f.9:0.07288;4.A.3.a.3.h.3:0.02108;4.A.3.a.3.l.2:0.00909;4.A.3.b.4.e.6:0.05285;4.A.3.b.6.h.3:0.04369;4.A.4.a.2.c.16:0.06276;4.A.4.a.2.g.5:0.04227
53-7021.00	Crane and Tower Operators	起重机与塔机操作员	3	11	4.A.1.a.1.b.10:0.07975;4.A.1.b.2.e.1:0.03312;4.A.1.b.2.e.12:0.03312;4.A.1.b.2.e.16:0.03312;4.A.1.b.2.f.6:0.07724;4.A.1.b.2.g.7:0.09447;4.A.1.b.3.a.14:0.04708;4.A.2.a.2.a.2:0.04708;4.A.3.a.1.c.14:0.04645;4.A.3.a.1.f.1:0.08184;4.A.3.a.1.f.9:0.04499;4.A.3.a.2.d.1:0.04635;4.A.3.a.3.h.3:0.09958;4.A.3.b.4.e.6:0.09457;4.A.4.b.1.b.1:0.04499;4.A.4.b.4.j.31:0.09624
53-7031.00	Dredge Operators	挖泥船操作员	2	6	4.A.1.b.3.d.2:0.15549;4.A.3.a.3.b.3:0.24221;4.A.3.a.3.c.4:0.44369;4.A.3.a.3.h.3:0.08398;4.A.4.b.4.j.31:0.07463
53-7041.00	Hoist and Winch Operators	卷扬机操作员	2	13	4.A.1.a.2.a.13:0.07947;4.A.2.b.1.j.2:0.07670;4.A.3.a.1.f.1:0.03983;4.A.3.a.1.j.4:0.03659;4.A.3.a.1.n.1:0.07337;4.A.3.a.2.ah.9:0.07263;4.A.3.a.2.v.10:0.03659;4.A.3.a.3.h.3:0.39494;4.A.3.b.4.e.6:0.15006;4.A.4.a.2.c.16:0.03983
53-7051.00	Industrial Truck and Tractor Operators	工业搬运车与牵引车操作员	2	9	4.A.1.b.1.a.3:0.05534;4.A.1.b.2.e.4:0.05638;4.A.1.b.3.a.14:0.05534;4.A.3.a.1.c.24:0.05339;4.A.3.a.1.f.1:0.11717;4.A.3.a.1.f.9:0.05833;4.A.3.a.1.j.4:0.05638;4.A.3.a.2.v.10:0.05833;4.A.3.a.3.f.4:0.10548;4.A.3.a.3.h.3:0.11977;4.A.3.a.4.a.6:0.21070;4.A.3.b.4.e.2:0.05339
53-7061.00	Cleaners of Vehicles and Equipment	车辆设备清洁工	2	20	4.A.1.a.2.a.3:0.02448;4.A.1.b.2.d.1:0.05290;4.A.3.a.1.a.4:0.05100;4.A.3.a.1.c.14:0.05161;4.A.3.a.1.c.24:0.21291;4.A.3.a.1.c.9:0.01632;4.A.3.a.1.e.9:0.01632;4.A.3.a.1.g.4:0.01632;4.A.3.a.1.j.4:0.04500;4.A.3.a.2.ag.6:0.05413;4.A.3.a.2.ah.1:0.04568;4.A.3.a.2.d.1:0.08958;4.A.3.a.3.b.3:0.09913;4.A.3.a.3.f.13:0.04800;4.A.3.a.4.a.14:0.05359;4.A.3.b.4.e.2:0.04813;4.A.4.a.2.g.5:0.02448;4.A.4.c.3.e.8:0.05045
53-7062.00	Laborers and Freight, Stock, and Material Movers, Hand	搬运工与货物装卸工	2	13	4.A.1.a.1.b.10:0.04158;4.A.1.b.1.a.3:0.08337;4.A.1.b.2.e.6:0.09021;4.A.2.a.2.b.2:0.08578;4.A.3.a.1.f.9:0.09102;4.A.3.a.1.j.4:0.15364;4.A.3.a.2.ah.9:0.05759;4.A.3.a.2.aj.4:0.06524;4.A.3.a.2.ap.5:0.06625;4.A.3.a.3.h.3:0.14277;4.A.3.b.6.h.3:0.08095;4.A.4.a.2.c.19:0.04158
53-7062.04	Recycling and Reclamation Workers	废品回收与再生利用工	2	14	4.A.2.a.2.b.3:0.28927;4.A.3.a.1.c.17:0.07567;4.A.3.a.1.c.21:0.02260;4.A.3.a.1.c.5:0.07388;4.A.3.a.1.f.10:0.07442;4.A.3.a.1.h.7:0.07209;4.A.3.a.3.f.3:0.17129;4.A.3.a.3.h.1:0.07174;4.A.3.a.3.l.1:0.03408;4.A.3.b.4.c.4:0.02260;4.A.3.b.5.a.17:0.02260;4.A.3.b.6.h.3:0.06977
53-7063.00	Machine Feeders and Offbearers	机器上料卸料工	2	13	4.A.1.b.1.a.3:0.07928;4.A.1.b.2.f.11:0.04153;4.A.1.b.2.f.6:0.04153;4.A.1.b.3.a.14:0.04011;4.A.1.b.3.a.4:0.04011;4.A.3.a.1.c.14:0.03898;4.A.3.a.1.c.9:0.03898;4.A.3.a.1.f.2:0.14477;4.A.3.a.1.g.4:0.07418;4.A.3.a.1.j.4:0.07475;4.A.3.a.2.ap.5:0.14911;4.A.3.a.3.f.9:0.15383;4.A.3.b.6.h.3:0.08286
53-7064.00	Packers and Packagers, Hand	手工包装工	2	12	4.A.1.a.2.b.14:0.04542;4.A.1.b.1.a.3:0.08074;4.A.1.b.2.f.6:0.04542;4.A.1.b.3.a.14:0.04441;4.A.1.b.3.a.4:0.04441;4.A.2.a.2.b.2:0.04118;4.A.3.a.1.c.9:0.07771;4.A.3.a.1.e.9:0.04320;4.A.3.a.1.f.2:0.16128;4.A.3.a.1.j.4:0.16270;4.A.3.a.2.at.2:0.16795;4.A.3.b.6.h.1:0.08559
53-7065.00	Stockers and Order Fillers	补货与配货员	2	30	4.A.1.a.1.b.16:0.03324;4.A.1.b.1.a.6:0.06700;4.A.1.b.2.f.11:0.03125;4.A.1.b.2.j.3:0.03350;4.A.2.b.1.a.7:0.05185;4.A.3.a.1.c.6:0.06163;4.A.3.a.1.e.9:0.01597;4.A.3.a.1.f.11:0.03484;4.A.3.a.1.j.5:0.03358;4.A.3.a.2.ak.3:0.03142;4.A.3.a.2.ak.6:0.08379;4.A.3.a.2.ak.7:0.03376;4.A.3.a.2.ap.6:0.06613;4.A.3.a.2.h.2:0.03255;4.A.3.a.3.h.1:0.03445;4.A.3.b.6.h.20:0.03116;4.A.3.b.6.h.5:0.03177;4.A.3.b.6.m.5:0.03194;4.A.4.a.1.a.3:0.03653;4.A.4.b.6.e.10:0.03307;4.A.4.c.1.e.1:0.05388;4.A.4.c.1.e.3:0.01597;4.A.4.c.3.c.3:0.03332;4.A.4.c.3.d.1:0.01705;4.A.4.c.3.e.1:0.03376;4.A.4.c.3.g.4:0.03661
53-7071.00	Gas Compressor and Gas Pumping Station Operators	天然气压缩泵站操作员	2	13	4.A.1.a.2.a.13:0.12305;4.A.1.b.2.c.1:0.03841;4.A.3.a.1.c.14:0.07257;4.A.3.a.1.c.9:0.06871;4.A.3.a.2.ah.1:0.06176;4.A.3.a.2.b.1:0.03841;4.A.3.a.3.b.3:0.35746;4.A.3.b.6.h.3:0.19832;4.A.4.b.4.j.21:0.04130
53-7072.00	Pump Operators, Except Wellhead Pumpers	泵站操作员	2	14	4.A.1.a.1.b.10:0.03467;4.A.1.a.2.a.13:0.03844;4.A.1.a.2.a.5:0.06830;4.A.1.b.2.c.1:0.06590;4.A.1.b.2.e.6:0.03604;4.A.1.b.3.a.17:0.03604;4.A.2.b.6.b.3:0.07568;4.A.3.a.1.c.14:0.03578;4.A.3.a.1.f.2:0.06779;4.A.3.a.1.j.4:0.03389;4.A.3.a.2.ah.1:0.07242;4.A.3.a.2.b.1:0.03389;4.A.3.a.3.b.3:0.14193;4.A.3.b.4.e.6:0.03578;4.A.3.b.6.h.3:0.07568;4.A.4.a.2.c.16:0.07465;4.A.4.a.2.c.19:0.03467;4.A.4.a.2.g.5:0.03844
53-7073.00	Wellhead Pumpers	井口泵工	2	14	4.A.1.a.2.a.13:0.07568;4.A.1.a.2.a.5:0.04039;4.A.1.b.2.g.10:0.04039;4.A.1.b.2.l.6:0.03916;4.A.1.b.3.a.8:0.03916;4.A.3.a.1.a.5:0.06600;4.A.3.a.2.ah.1:0.06635;4.A.3.a.2.at.10:0.06917;4.A.3.a.2.d.1:0.10128;4.A.3.a.2.d.8:0.03546;4.A.3.a.3.b.3:0.22492;4.A.3.b.4.b.3:0.06952;4.A.3.b.4.e.2:0.06723;4.A.4.b.4.j.31:0.06529
53-7081.00	Refuse and Recyclable Material Collectors	垃圾与可回收物收集员	2	14	4.A.1.a.1.f.2:0.06846;4.A.1.b.2.d.1:0.08140;4.A.2.b.5.b.7:0.05912;4.A.3.a.1.c.24:0.06487;4.A.3.a.1.e.7:0.07763;4.A.3.a.1.f.1:0.06056;4.A.3.a.1.n.1:0.07170;4.A.3.a.3.f.4:0.07152;4.A.3.a.3.h.3:0.07278;4.A.3.a.4.a.6:0.07817;4.A.3.b.4.e.2:0.07781;4.A.3.b.6.o.3:0.07673;4.A.4.a.1.b.4:0.06810;4.A.4.a.2.g.5:0.03558;4.A.4.a.2.g.7:0.03558
53-7121.00	Tank Car, Truck, and Ship Loaders	罐车罐船装卸工	2	19	4.A.1.a.2.b.12:0.02731;4.A.1.a.2.b.7:0.02743;4.A.1.b.1.a.3:0.05438;4.A.1.b.2.c.1:0.05315;4.A.1.b.2.e.4:0.05499;4.A.1.b.2.g.7:0.02633;4.A.1.b.3.a.14:0.02166;4.A.1.b.3.a.17:0.04762;4.A.2.a.2.a.2:0.05646;4.A.3.a.1.c.1:0.04934;4.A.3.a.2.ah.1:0.05008;4.A.3.a.2.ah.9:0.05646;4.A.3.a.2.d.1:0.08488;4.A.3.a.2.v.10:0.02743;4.A.3.a.3.b.3:0.05499;4.A.3.a.3.f.9:0.04750;4.A.3.a.3.h.3:0.05339;4.A.3.a.4.a.6:0.05204;4.A.3.b.4.e.6:0.02633;4.A.3.b.6.h.3:0.05229;4.A.4.a.2.c.16:0.02731;4.A.4.b.4.j.21:0.02694;4.A.4.c.3.g.1:0.02166
